date,spxfp,spx_px_last,spx_rebased,libor_3m,tsfr_3m,fedfunds,tbill_3m,ust_5y,vix,vix3m,vix6m,vix1y,iv_12m,iv_18m,iv_24m,spx_div_yld,loan_base,iv_5y,iv_24m_filled,div_yld_cont
1997-09-12,98.93,923.91,98.9599622972944,5.71875,,5.49,5.085,6.166,25.17,,,,,,,1.635,5.71875,22.611884258676362,22.826961584369737,0.016217778022833883
1997-09-19,101.77,950.51,101.8090872089287,5.71875,,5.36,5.043,6.01,22.74,,,,,,,1.588,5.71875,21.89225752574533,21.748063618053425,0.015755231944506468
1997-09-26,100.98,945.22,101.24247552537436,5.71875,,5.44,4.982,5.987,22.26,,,,,,,1.5908,5.71875,21.74397752516304,21.527918499964333,0.015782793875182076
1997-10-03,103.34,965.03,103.36432381482832,5.75,,5.42,5.013,5.866,21.54,,,,,,,1.5664,5.75,21.51741617319926,21.19299178801852,0.015542585798704128
1997-10-10,103.47,966.98,103.57318823504212,5.75,,5.37,5.115,6.024,19.75,,,,,,,1.5622,5.75,20.93086662485651,20.33403753658408,0.015501232685448797
1997-10-17,100.5,944.16,101.12893896874532,5.78125,,5.47,5.043,6.076,21.69,,,,,,,1.586,5.78125,21.565037314561593,21.263245544266287,0.015735544386058387
1997-10-24,100.01,941.64,100.85902187185368,5.8125,,5.47,5.126,5.898,23.17,,,,,,,1.5907,5.8125,22.02329112474493,21.9432216690729,0.015781809533595863
1997-10-31,97.89,914.62,97.96491077740411,5.75,,5.56,5.199,5.708,35.09,,,,,,,1.661,5.75,25.13651511269401,26.746305309155726,0.016473562692888934
1997-11-07,98.66,927.51,99.34555814999683,5.76172,,5.45,5.293,5.81,36.27,,,,,,,1.6405,5.76172,25.402761387444013,27.17152250103924,0.016271891774873277
1997-11-14,98.8,928.35,99.43553051562742,5.875,,5.44,5.251,5.803,33.66,,,,,,,1.6428,5.875,24.80555326849093,26.220846080383065,0.01629452029379341
1997-11-21,102.72,963.09,103.15653049420544,5.875,,5.41,5.241,5.755,26.65,,,,,,,1.5842,5.875,23.02722003134823,23.4574998613205,0.01571782525205107
1997-11-28,101.16,955.4,102.33285490884948,5.90234,,5.5,5.198,5.84,27.43,,,,,,,1.5979,5.90234,23.23981276267277,23.78244590595784,0.01585267965133882
1997-12-05,104.52,983.79,105.3737066472441,5.90625,,5.39,5.314,5.88,22.65,,,,,,,1.554,5.90625,21.864618614551077,21.706972915858195,0.015420490725876345
1997-12-12,101.23,953.39,102.11756389109064,5.90625,,5.55,5.168,5.685,27.92,,,,,,,1.6047,5.90625,23.371265484069248,23.984111513831312,0.015919607928856314
1997-12-19,100.29,946.78,101.40956706154545,5.90625,,5.46,5.376,5.707,29.18,,,,,,,1.6176,5.90625,23.70221816906382,24.494332425901682,0.016046562500449356
1997-12-26,99.08,936.46,100.30419228379864,5.90625,,5.19,5.334,5.707,29.27,,,,,,,1.6355,5.90625,23.72548204918313,24.53033168503635,0.016222697575843305
1998-01-02,103.14,975.04,104.43649450525918,5.80859,,6.06,5.292,5.605,23.42,,,,,,,1.5756,5.80859,22.098713127153754,22.05581544091708,0.015633162833549603
1998-01-09,97.36,927.69,99.36483794263197,5.65625,,5.48,5.012,5.247,28.69,,,,,,,1.6577,5.65625,23.574693910001635,24.297309517041786,0.01644110134033956
1998-01-16,101.44,961.51,102.9872967588527,5.625,,5.54,5.147,5.404,21.65,,,,,,,1.6001,5.625,21.55236034291058,21.244536125401908,0.01587433340777428
1998-01-23,101.02,957.59,102.56742571924345,5.625,,5.51,5.168,5.516,23.32,,,,,,,1.6058,5.625,22.068610475475833,22.010853742702746,0.015930434141084627
1998-01-30,103.47,980.28,104.99775069085932,5.625,,5.48,5.178,5.379,21.47,,,,,,,1.5695,5.625,21.4951156151287,21.16011912510101,0.015573107237802197
1998-02-06,106.69,1012.46,108.44454917418231,5.625,,5.4,5.168,5.469,20.51,,,,,,,1.5235,5.625,21.184154843630235,20.703509726880945,0.01512011278908545
1998-02-13,107.08,1020.09,109.2617981619932,5.625,,5.45,5.147,5.421,19.84,,,,,,,1.5118,5.625,20.961204229831168,20.37817455207069,0.015004861894162736
1998-02-20,108.67,1034.21,110.77419078425922,5.625,,5.46,5.199,5.486,19.0,,,,,,,1.4919,5.625,20.67431339926086,19.962061347998898,0.014808806353660345
1998-02-27,110.03,1049.34,112.3947644652001,5.67969,,5.57,5.314,5.585,18.55,,,,,,,1.4767,5.67969,20.51705304985686,19.735179560223116,0.014659029491343558
1998-03-06,110.74,1055.69,113.07491270538348,5.6875,,5.41,5.147,5.647,19.14,,,,,,,1.4715,5.6875,20.722720615529422,20.032072274394746,0.014607784888029633
1998-03-13,112.02,1068.61,114.45877337674868,5.6875,,5.43,5.085,5.53,18.71,,,,,,,1.4523,5.6875,20.573262688303828,19.816175124393904,0.01441855129337691
1998-03-20,116.35,1099.16,117.7309826267648,5.6875,,5.34,5.168,5.549,18.69,,,,,,,1.4033,5.6875,20.56625444124631,19.80607054620006,0.013935449018132843
1998-03-27,115.99,1095.44,117.33253357897236,5.6875,,5.47,5.21,5.676,23.47,,,,,,,1.4087,5.6875,22.11373161586085,22.078258631400413,0.013988700305051527
1998-04-03,118.61,1122.7,120.25235106360208,5.6875,,5.47,5.075,5.458,21.82,,,,,,,1.3865,5.6875,21.606127772597244,21.32392682663381,0.013769760210920311
1998-04-10,117.24,1110.67,118.96381825582162,5.65625,,5.5,5.054,5.556,21.51,,,,,,,1.4029,5.65625,21.507864847372915,21.17891035703175,0.013931504365553182
1998-04-17,117.78,1122.72,120.25449326278378,5.6875,,5.36,5.043,5.56,20.76,,,,,,,1.3885,5.6875,21.266073368854467,20.823476432845215,0.013789486508541468
1998-04-24,116.38,1107.9,118.66712366915895,5.6875,,5.43,5.064,5.633,21.97,,,,,,,1.4062,5.6875,21.653333068602283,21.393709164307225,0.013964047283995118
1998-05-01,118.25,1121.0,120.07026413315928,5.69141,,5.46,5.002,5.625,19.34,,,,,,,1.3906,5.69141,20.791456997384024,20.13162480718187,0.013810198702254478
1998-05-08,116.28,1108.14,118.69283005933907,5.6875,,5.47,5.116,5.646,20.57,,,,,,,1.4039,5.6875,21.203877078590605,20.732371187591887,0.013941365967826953
1998-05-15,116.54,1108.73,118.7560249351986,5.69922,,5.72,5.158,5.671,20.44,,,,,,,1.4044,5.69922,21.161095815200238,20.66978214425928,0.01394629673249488
1998-05-22,116.72,1110.47,118.94239626400476,5.69141,,5.38,5.209,5.644,18.99,,,,,,,1.3965,5.69141,20.67084645249185,19.957050257351714,0.013868387807988174
1998-05-29,114.28,1090.82,116.83768556800428,5.6875,,5.63,5.012,5.549,21.32,,,,,,,1.4354,5.6875,21.447161329883432,21.08948839378678,0.01425195666946342
1998-06-05,117.05,1113.86,119.30549902529953,5.6875,,5.38,5.106,5.593,19.78,,,,,,,1.3983,5.6875,20.940989607966237,20.348761543331236,0.013886139742456389
1998-06-12,115.25,1098.84,117.69670743985792,5.6875,,5.53,5.106,5.447,22.78,,,,,,,1.4166,5.6875,21.904517561992833,21.766298843056553,0.01406659985706989
1998-06-19,115.18,1100.65,117.89057646579998,5.6875,,5.36,5.147,5.508,21.92,,,,,,,1.4063,5.6875,21.637622440557028,21.37047615594694,0.013965033416506676
1998-06-26,118.91,1133.2,121.37700563398404,5.6875,,5.47,4.991,5.489,19.36,,,,,,,1.3652,5.6875,20.798303949210183,20.141550380664437,0.013559650997746177
1998-07-03,120.0,1146.42,122.79299929307444,5.6875,,5.62,5.064,5.417,17.67,,,,,,,1.3649,5.6875,20.201843901079098,19.283023658469723,0.013556691397765708
1998-07-10,121.5,1164.33,124.71133866026878,5.6875,,5.43,5.043,5.398,17.92,,,,,,,1.3454,5.6875,20.29245974864459,19.412652205449596,0.013364298608053993
1998-07-17,123.81,1186.75,127.11274394293196,5.6875,,5.42,5.137,5.486,16.23,,,,,,,1.3156,5.6875,19.6621221064342,18.51693896798549,0.013070211435733947
1998-07-24,118.91,1140.8,122.19104132302236,5.6875,,5.53,5.075,5.475,23.01,,,,,,,1.3695,5.6875,21.97472957499219,21.870827853246467,0.013602070968285456
1998-07-31,116.37,1120.67,120.03491784666154,5.6875,,5.63,5.075,5.501,24.8,,,,,,,1.3972,5.6875,22.505461422058175,22.666316878032656,0.013875291375505338
1998-08-07,113.44,1089.45,116.69094492405917,5.6875,,5.44,4.981,5.376,27.02,,,,,,,1.4399,5.6875,23.128586528289205,23.61225249001547,0.014296318895922117
1998-08-14,110.08,1062.75,113.83110901651644,5.6875,,5.56,5.012,5.335,34.34,,,,,,,1.4756,5.6875,24.9641044360805,26.472141565015075,0.014648189505790199
1998-08-21,112.61,1081.24,115.81157215997952,5.6875,,5.46,4.981,5.19,33.14,,,,,,,1.4515,5.6875,24.68282918280346,26.02688180663345,0.01441066578310057
1998-08-28,107.02,1027.14,110.01692337353538,5.625,,5.51,4.878,4.903,39.6,,,,,,,1.532,5.625,26.12361370064408,28.33389632389269,0.015203833742272778
1998-09-04,101.22,973.89,104.31331805231258,5.59375,,5.41,4.856,4.891,43.31,,,,,,,1.6183,5.59375,26.879613631020273,29.570188110528303,0.016053451047207117
1998-09-11,105.03,1009.06,108.0803753132967,5.5,,5.46,4.857,4.648,43.74,,,,,,,1.5663,5.5,26.96434253700583,29.70983505930855,0.015541601220642595
1998-09-18,105.8,1020.09,109.2617981619932,5.5,,5.38,4.608,4.515,38.63,,,,,,,1.5609,5.5,25.918042960627954,28.000767673443985,0.01548843256571827
1998-09-25,107.85,1044.75,111.90312975300456,5.3125,,5.51,4.494,4.368,34.55,,,,,,,1.5235,5.3125,25.012635971163576,26.549220500220905,0.01512011278908545
1998-10-02,103.93,1002.6,107.38844497761416,5.3125,,5.39,4.194,4.085,40.47,,,,,,,1.5912,5.3125,26.305092419198562,28.629068823950977,0.015786731231837693
1998-10-09,101.7,984.39,105.4379726226946,5.34375,,5.02,3.893,4.464,42.2,,,,,,,1.6123,5.34375,26.658212158539357,29.206315518340638,0.015994404820883493
1998-10-16,109.42,1056.42,113.1531029755148,5.21891,,4.73,3.615,4.042,34.82,,,,,,,1.5029,5.21891,25.074739187926415,26.647962763743564,0.014917183514166592
1998-10-23,110.21,1070.67,114.67941989246172,5.20922,,4.86,3.976,4.302,32.27,,,,,,,1.4836,5.20922,24.474534357181536,25.69877023901839,0.014727023084205398
1998-10-30,113.41,1098.67,117.6784987468136,5.21953,,5.35,4.318,4.231,28.05,,,,,,,1.4505,5.21953,23.405876489327476,24.037303263582572,0.014400808807811926
1998-11-06,117.83,1141.01,122.21353441443,5.38375,,4.64,4.639,4.591,25.7,,,,,,,1.4035,5.38375,22.76248622687365,23.054937165880997,0.01393742133858758
1998-11-13,116.37,1125.72,120.57582314003572,5.40234,,4.98,4.463,4.502,29.03,,,,,,,1.4119,5.40234,23.66333613911841,24.434204349837756,0.014020255285169576
1998-11-20,119.78,1163.55,124.62779289218328,5.25,,4.4,4.452,4.596,22.47,,,,,,,1.3665,5.25,21.809115469538845,21.62453449412324,0.013572475829778049
1998-11-27,122.55,1192.33,127.71041751462069,5.26125,,4.84,4.524,4.593,22.09,,,,,,,1.3353,5.26125,21.690939421646384,21.44935578456588,0.013264634456426727
1998-12-04,121.12,1176.74,126.0405732525012,5.21844,,4.67,4.473,4.386,25.31,,,,,,,1.3561,5.21844,22.651874321505794,22.887423668155854,0.013469872567890881
1998-12-11,119.4,1166.46,124.93948287311774,5.22063,,4.91,4.504,4.39,27.72,,,,,,,1.3692,5.22063,23.31780270327792,23.902024436946185,0.013599111493848655
1998-12-18,121.63,1188.03,127.24984469055951,5.23375,,4.67,4.494,4.362,25.04,,,,,,,1.346,5.23375,22.574614680353033,22.770660500893744,0.01337021893817162
1998-12-25,125.93,1226.27,131.34572952593155,5.28438,,4.27,4.556,4.711,21.48,,,,,,,1.3002,5.28438,21.49830443961013,21.164818648792473,0.012918199598259723
1999-01-01,126.54,1229.23,131.6627750048202,5.06563,,4.07,4.452,4.54,24.42,,,,,,,1.2979,5.06563,22.39503001196859,22.500019960234436,0.012895494548211388
1999-01-08,130.85,1275.09,136.5748377284123,5.03781,,4.74,4.473,4.732,23.28,,,,,,,1.2341,5.03781,22.056544784452093,21.992840828692927,0.012265470629913585
1999-01-15,126.84,1243.26,133.16552773076867,4.96984,,4.68,4.431,4.553,29.24,,,,,,,1.267,4.96984,23.717732845360295,24.518338373934295,0.012590407139290329
1999-01-22,125.22,1225.19,131.23005077012087,4.96813,,4.62,4.338,4.517,31.95,,,,,,,1.2862,4.96813,24.39695783800976,25.576923285760003,0.012779986963825363
1999-01-29,130.19,1279.64,137.0621880422445,4.96953,,4.79,4.452,4.548,26.25,,,,,,,1.2333,4.96953,22.916549965488908,23.288930034817508,0.012257568123139615
1999-02-05,126.33,1239.4,132.7520832887045,4.9825,,4.76,4.494,4.863,29.67,,,,,,,1.2739,4.9825,23.828291400280904,24.689632126093308,0.012658541526001056
1999-02-12,125.8,1230.13,131.75917396799585,5.0,,4.68,4.524,4.963,29.76,,,,,,,1.2852,5.0,23.85129317380553,24.725319623042562,0.012770113901783947
1999-02-19,126.33,1239.22,132.7328034960694,5.0,,4.72,4.556,4.992,29.3,,,,,,,1.2767,5.0,23.733225842580307,24.542318567602315,0.012686188938550594
1999-02-26,125.52,1238.33,132.6374756324846,5.02625,,4.84,4.67,5.221,27.88,,,,,,,1.2799,5.02625,23.360593855455466,23.967718767612062,0.012717785045517894
1999-03-05,129.99,1275.47,136.6155395128642,5.03,,4.8,4.597,5.223,24.08,,,,,,,1.2472,5.03,22.295225954894054,22.350076773667997,0.012394865295181716
1999-03-12,131.2,1294.59,138.66348193055018,5.0,,4.74,4.587,5.056,24.84,,,,,,,1.237,5.0,22.517018538772252,22.683744047045938,0.01229411669347721
1999-03-19,131.78,1299.29,139.16689873824492,5.0,,4.75,4.494,5.082,24.32,,,,,,,1.233,5.0,22.365774702858495,22.456033015518937,0.01225460466699901
1999-03-26,130.52,1282.8,137.40065551294984,5.0,,4.78,4.494,5.076,24.04,,,,,,,1.2475,5.0,22.28342130446123,22.332363778126343,0.012397828335695863
1999-04-02,131.1,1293.72,138.57029626614707,5.0,,5.41,4.411,5.143,22.06,,,,,,,1.2383,5.0,21.681550910017595,21.435458984345086,0.012306957765944001
1999-04-09,136.68,1348.35,144.42171333090573,5.0,,4.65,4.349,4.956,21.77,,,,,,,1.1865,5.0,21.590343544060307,21.300610311823796,0.011795162757321715
1999-04-16,133.21,1319.0,141.27803603179046,5.0,,4.62,4.307,5.112,23.9,,,,,,,1.2128,5.0,22.24199931737706,22.270246572102877,0.012055045080511794
1999-04-23,137.36,1356.85,145.33214798311965,4.995,,4.71,4.411,5.136,22.76,,,,,,,1.1796,4.995,21.898389379210787,21.757183326113125,0.011726969517419637
1999-04-30,134.62,1335.18,143.01107516976947,4.98875,,5.03,4.535,5.213,25.07,,,,,,,1.2023,4.98875,22.583227034069502,22.783666604377142,0.011951297879740523
1999-05-07,136.08,1345.0,144.06289496797433,5.0,,4.67,4.597,5.374,25.36,,,,,,,1.1963,5.0,22.66611995247072,22.908974855988582,0.011892008932072333
1999-05-14,134.87,1337.8,143.29170326256957,5.0,,4.81,4.649,5.498,26.86,,,,,,,1.2038,5.0,23.08486918413888,23.545469343772822,0.011966119567427087
1999-05-21,134.32,1330.29,142.48730746984873,5.04875,,4.67,4.577,5.426,24.4,,,,,,,1.2113,5.04875,22.38918548999004,22.491230120093977,0.012040224710802579
1999-05-28,130.49,1301.84,139.44002913390904,5.06625,,4.61,4.638,5.58,25.39,,,,,,,1.2389,5.06625,22.674658146211904,22.92189490090639,0.01231288435916044
1999-06-04,133.79,1327.75,142.21524817377536,5.0975,,4.69,4.537,5.733,23.43,,,,,,,1.2134,5.0975,22.101718571598795,22.060306082684345,0.012060973166895885
1999-06-11,130.43,1293.64,138.56172746942028,5.14375,,4.74,4.735,5.914,25.9,,,,,,,1.2471,5.14375,22.818767030870372,23.14032580560598,0.012393877613059306
1999-06-18,135.19,1342.84,143.83153745635286,5.165,,4.69,4.649,5.728,21.75,,,,,,,1.2039,5.165,21.58402293553082,21.29127586291654,0.011967107672128635
1999-06-25,132.42,1315.31,140.8828002827705,5.2925,,4.91,4.787,5.892,21.76,,,,,,,1.2267,5.2925,21.58718373463853,21.295943648367242,0.012192370059301443
1999-07-02,140.09,1391.22,149.01351727683664,5.31,,4.82,4.672,5.694,18.66,,,,,,,1.1665,5.31,20.55573248222869,19.790903067558446,0.011597488395536863
1999-07-09,140.89,1403.28,150.30526338338962,5.31,,4.98,4.683,5.691,17.96,,,,,,,1.1598,5.31,20.30687819456853,19.433304779976847,0.011531258745684626
1999-07-16,142.24,1418.78,151.96546774919153,5.31,,4.92,4.659,5.549,17.42,,,,,,,1.1479,5.31,20.110350144014586,19.152432122436426,0.01141361616447072
1999-07-23,135.79,1356.94,145.34178787943725,5.31,,5.0,4.662,5.69,23.32,,,,,,,1.1983,5.31,22.068610475475833,22.010853742702746,0.011911772305206448
1999-07-30,132.7,1328.72,142.3191448340869,5.3425,,5.07,4.745,5.791,24.64,,,,,,,1.2272,5.3425,22.459105515297498,22.5964607402458,0.012197309455381253
1999-08-06,130.13,1300.29,139.27400869732887,5.37,,4.93,4.797,5.913,26.6,,,,,,,1.2546,5.37,23.013448446875596,23.436501352340258,0.012467951065316044
1999-08-13,132.82,1327.68,142.20775047663952,5.465,,5.01,4.712,5.86,22.31,,,,,,,1.2274,5.465,21.7595244154892,21.55096540599981,0.012199285206981861
1999-08-20,133.59,1336.61,143.16424241125958,5.48,,4.95,4.828,5.771,22.95,,,,,,,1.2196,5.48,21.95645967395437,21.84361230928757,0.012122228001848076
1999-08-27,134.66,1348.27,144.41314453417897,5.5025,,5.24,4.985,5.767,21.83,,,,,,,1.2103,5.5025,21.609281659920487,21.32858677457646,0.012030344342304274
1999-09-03,135.76,1357.24,145.3739208671624,5.5275,,5.09,4.911,5.769,20.98,,,,,,,1.2042,5.5275,21.337607409045084,20.928423489569727,0.011970071980375195
1999-09-10,134.98,1351.66,144.7762472954737,5.5125,,5.17,4.732,5.775,22.03,,,,,,,1.21,5.5125,21.672153693939656,21.42155229458653,0.012027380212718455
1999-09-17,133.15,1335.42,143.03678155994965,5.5125,,5.11,4.651,5.749,23.3,,,,,,,1.2268,5.5125,22.062579394350408,22.001849307733902,0.012193357940469218
1999-09-24,127.02,1277.36,136.81797733553285,5.51,,5.23,4.776,5.659,27.79,,,,,,,1.2778,5.51,23.33654448688771,23.93079004795037,0.012697050212923774
1999-10-01,127.49,1282.81,137.4017266125406,6.085,,5.26,4.859,5.862,24.93,,,,,,,1.2716,6.085,22.542975760642094,22.722901580854458,0.012635830579570758
1999-10-08,132.69,1336.02,143.10104753540006,6.17625,,5.1,4.794,5.947,20.49,,,,,,,1.2239,6.17625,21.177572029261025,20.69387942736163,0.012164708990377188
1999-10-15,123.79,1247.41,133.6100340609672,6.1925,,5.28,5.047,5.966,28.75,,,,,,,1.3101,6.1925,23.59038847710555,24.321528851046633,0.013015924146398478
1999-10-22,128.79,1301.65,139.4196782416831,6.21875,,5.11,5.047,6.098,21.64,,,,,,,1.2566,6.21875,21.549188606544586,21.23985594595114,0.012487703059280476
1999-10-29,135.59,1362.93,145.98337653435038,6.185,,5.27,5.088,5.946,22.2,,,,,,,1.2011,6.185,21.725289813181913,21.50022643793709,0.011939440371417897
1999-11-05,136.36,1370.23,146.76527923566357,6.125,,5.14,5.116,5.862,21.66,,,,,,,1.1942,6.125,21.555531081121018,21.249215174164277,0.01187125696989945
1999-11-12,138.2,1396.06,149.53192947880316,6.07125,,5.45,5.223,5.855,21.65,,,,,,,1.1761,6.07125,21.55236034291058,21.244536125401908,0.011692376965785569
1999-11-19,140.69,1422.0,152.31036181744204,6.10125,,5.43,5.224,5.987,19.11,,,,,,,1.1536,6.10125,20.71236800323319,20.017092543036007,0.011469967699199907
1999-11-26,139.36,1416.62,151.73411023757018,6.10625,,5.59,5.286,6.054,22.33,,,,,,,1.1584,6.10625,21.76573652355452,21.560176602280357,0.011517419160318385
1999-12-03,141.65,1433.3,153.52070435509123,6.12375,,5.42,5.245,6.072,19.32,,,,,,,1.1445,6.12375,20.78460521884678,20.1216938629178,0.011380001456253109
1999-12-10,139.62,1417.04,151.77909642038549,6.12125,,5.42,5.276,5.98,21.48,,,,,,,1.149,6.12125,21.49830443961013,21.164818648792473,0.011424491269329082
1999-12-17,140.43,1421.03,152.2064651571306,6.1525,,5.4,5.443,6.194,21.35,,,,,,,1.1481,6.1525,21.45677053697712,21.103635285294533,0.011415593465059954
1999-12-24,143.95,1458.34,156.20273773055447,6.18125,,5.4,5.453,6.316,21.12,,,,,,,1.1163,6.18125,21.382863307407167,20.994908485408754,0.01110115355114518
1999-12-31,144.31,1469.25,157.37130738416087,6.00125,,3.99,5.328,6.344,24.64,,,,,,,1.1089,6.00125,22.459105515297498,22.5964607402458,0.011027967815605761
2000-01-07,141.93,1441.47,154.3957927208075,6.03,,5.61,5.38,6.411,21.72,,,,,,,1.1307,6.03,21.574534592435224,21.27726576673695,0.011243553685874826
2000-01-14,143.71,1465.15,156.9321565519165,6.04,,5.56,5.4,6.576,19.66,,,,,,,1.1139,6.04,20.900434665826538,20.28979518219636,0.011077418223779506
2000-01-21,141.4,1441.36,154.38401062530826,6.04,,5.36,5.464,6.632,20.82,,,,,,,1.1323,6.04,21.285633682144034,20.852155820386116,0.011259374671423674
2000-01-28,132.87,1360.16,145.68668194768782,6.04875,,5.58,5.62,6.662,26.14,,,,,,,1.2012,6.04875,22.88591442909772,23.24233814288168,0.011940428502481625
2000-02-04,139.19,1424.37,152.56421242047116,6.09,,5.7,5.662,6.653,21.54,,,,,,,1.1454,6.09,21.51741617319926,21.19299178801852,0.011388899577217188
2000-02-11,135.81,1387.12,148.5743664445923,6.09625,,5.71,5.631,6.704,24.42,,,,,,,1.1793,6.09625,22.39503001196859,22.500019960234436,0.011724004488453774
2000-02-18,131.58,1346.09,144.1796448233759,6.11,,5.7,5.745,6.683,26.0,,,,,,,1.2166,6.11,22.84679642617208,23.182890786503748,0.012092589034111874
2000-02-25,130.09,1333.36,142.81613504423666,6.10125,,5.73,5.766,6.467,25.2,,,,,,,1.2261,6.10125,22.620466293841734,22.839932525735158,0.012186442751800617
2000-03-03,137.17,1409.17,150.93614104239444,6.12,,5.72,5.819,6.593,19.21,,,,,,,1.161,6.12,20.746833782680287,20.06697728710457,0.011543121094983505
2000-03-10,136.08,1395.07,149.42589061931005,6.14375,,5.75,5.892,6.595,21.24,,,,,,,1.1754,6.14375,21.42149165031898,21.0517123610506,0.011685458311859083
2000-03-17,142.92,1464.47,156.85932177973936,6.21,,5.76,5.871,6.446,22.37,,,,,,,1.1248,6.21,21.778149374444304,21.578586056745323,0.01118521163829962
2000-03-24,149.3,1527.46,163.60617810244025,6.255,,5.98,5.902,6.5,23.31,,,,,,,1.0756,6.255,22.065595375691505,22.006352030396982,0.010698565707124609
2000-03-31,145.44,1498.58,160.51284248409442,6.29,,6.17,5.871,6.314,24.11,,,,,,,1.0969,6.29,22.304070676570547,22.363351421782195,0.010909276858035923
2000-04-07,146.76,1516.35,162.41618645701703,6.28,,5.95,5.892,6.18,24.39,,,,,,,1.0757,6.28,22.386262004752872,22.486833786685974,0.010699555065095599
2000-04-14,131.26,1356.56,145.30108609498535,6.28125,,6.08,5.777,6.109,33.49,,,,,,,1.2039,6.28125,24.765574968331073,26.157608247764202,0.011967107672128635
2000-04-21,138.91,1434.54,153.65352070435534,6.31813,,6.05,5.798,6.235,25.85,,,,,,,1.1326,6.31813,22.804724671783347,23.11901107565339,0.011262341078348457
2000-04-28,140.14,1452.43,155.569717872368,6.5025,,6.06,5.829,6.538,26.2,,,,,,,1.1205,6.5025,22.902635588105703,23.267764588553582,0.011142689018484494
2000-05-05,138.12,1432.63,153.4489406825049,6.67,,5.94,5.965,6.764,27.53,,,,,,,1.1323,6.67,23.266769039625906,23.82375425534508,0.011259374671423674
2000-05-12,137.33,1420.96,152.19896745999463,6.73375,,6.11,6.132,6.767,26.05,,,,,,,1.1402,6.73375,22.86078358161835,23.20414116335375,0.011337487118780748
2000-05-19,135.82,1406.95,150.6983569332279,6.82,,6.51,5.871,6.703,25.44,,,,,,,1.1524,6.82,22.68887320494389,22.943410575651846,0.01145810448209301
2000-05-26,132.58,1378.02,147.59966581692788,6.82625,,6.4,5.828,6.571,24.47,,,,,,,1.1765,6.82625,22.409627060218135,22.52197809904142,0.011696330460823445
2000-06-02,141.67,1477.26,158.22925815642364,6.85125,,6.44,5.865,6.374,21.48,,,,,,,1.0982,6.85125,21.49830443961013,21.164818648792473,0.010922135725535857
2000-06-09,140.33,1456.95,156.05385488742766,6.81,,6.47,5.907,6.361,22.14,,,,,,,1.113,6.81,21.70656765173629,21.472495197026202,0.011068517330772631
2000-06-16,140.67,1464.46,156.8582506801485,6.775,,6.46,5.829,6.178,20.5,,,,,,,1.112,6.775,21.180863983493268,20.698695191472527,0.011058627356733734
2000-06-23,138.35,1441.48,154.39686382039827,6.77,,6.51,5.844,6.369,22.34,,,,,,,1.1177,6.77,21.768841155862752,21.564780582055928,0.011114998898614174
2000-06-30,138.77,1454.6,155.8021464835803,6.76938,,6.86,5.855,6.185,19.54,,,,,,,1.1084,6.76938,20.859710688929045,20.230640243608665,0.011023022640291869
2000-07-07,141.3,1478.9,158.40491848932143,6.74375,,6.42,6.032,6.097,19.22,,,,,,,1.0742,6.74375,20.750273630519374,20.071958282630796,0.01068471459275277
2000-07-14,144.07,1509.98,161.733896017652,6.73,,6.51,6.174,6.24,19.32,,,,,,,1.0528,6.73,20.78460521884678,20.1216938629178,0.010472966532573182
2000-07-21,140.81,1480.19,158.54309033653976,6.7175,,6.51,6.116,6.13,18.94,,,,,,,1.0746,6.7175,20.653493031968416,19.93197407340766,0.010688672073578782
2000-07-28,135.37,1419.89,152.0843598037748,6.71125,,6.44,6.189,6.143,20.84,,,,,,,1.1101,6.71125,21.292145249624056,20.861706006412867,0.011039836136584642
2000-08-04,139.13,1462.93,156.69437244274994,6.71,,6.44,6.22,6.013,18.62,,,,,,,1.3799,6.71,20.541685256702152,19.770659906303987,0.013704660667777748
2000-08-11,139.77,1471.84,157.6487221781883,6.68,,6.5,6.3,6.059,18.55,,,,,,,1.3752,6.68,20.51705304985686,19.735179560223116,0.013658299318535815
2000-08-18,141.87,1491.72,159.77806816477815,6.69,,6.44,6.262,6.083,17.05,,,,,,,1.3582,6.69,19.973282708742627,18.957344190826017,0.013490591382499176
2000-08-25,143.08,1506.45,161.35579786208544,6.68,,6.54,6.294,6.005,16.53,,,,,,,1.346,6.68,19.777178101614883,18.679384373431624,0.01337021893817162
2000-09-01,144.0,1520.77,162.88961247616825,6.6725,,6.52,6.261,5.9,17.53,,,,,,,1.3333,6.6725,20.15071690072983,19.210012374699115,0.013244897802598113
2000-09-08,141.48,1494.5,160.07583385103172,6.66,,6.5,6.153,5.932,18.46,,,,,,,1.3571,6.66,20.48528982059264,19.689458901146228,0.01347973872362231
2000-09-15,138.18,1465.81,157.00284912491185,6.66,,6.55,6.137,5.91,18.52,,,,,,,1.3837,6.66,20.506476998159055,19.71995225974141,0.013742142740501303
2000-09-22,136.78,1448.72,155.17233992416638,6.66,,6.48,6.157,5.926,20.74,,,,,,,1.3985,6.66,21.25954470442882,20.81390700368164,0.013888112160167122
2000-09-29,135.41,1436.51,153.8645273237508,6.81125,,6.6,6.21,5.851,20.57,,,,,,,1.4128,6.81125,21.203877078590605,20.732371187591887,0.01402912994392668
2000-10-06,132.89,1408.99,150.91686124975925,6.8025,,6.43,6.247,5.898,22.71,,,,,,,1.4393,6.8025,21.88305285113418,21.734376185333222,0.014290404046100135
2000-10-13,129.05,1374.17,147.18729247445452,6.77063,,6.46,6.189,5.718,27.6,,,,,,,1.4763,6.77063,23.285598757605744,23.85262341593784,0.014655087692010705
2000-10-20,131.42,1396.93,149.62511514320624,6.76125,,6.5,6.304,5.669,24.24,,,,,,,1.4515,6.76125,22.342311379643004,22.420775293330813,0.01441066578310057
2000-10-27,130.49,1379.58,147.7667573530989,6.7575,,6.51,6.335,5.785,26.47,,,,,,,1.4687,6.7575,22.9775595791763,23.38180840299121,0.014580190552356582
2000-11-03,133.78,1426.69,152.812707525546,6.75063,,6.48,6.394,5.856,23.67,,,,,,,1.4196,6.75063,22.173588477529947,22.167782228471307,0.01409618037573686
2000-11-10,127.84,1365.98,146.31006190955662,6.76,,6.48,6.366,5.734,28.53,,,,,,,1.4826,6.76,23.532732091246974,24.23259479118182,0.014717169226765015
2000-11-17,127.65,1367.72,146.49643323836275,6.75063,,6.48,6.345,5.675,24.81,,,,,,,1.4826,6.75063,22.508351891394366,22.67067504792684,0.014717169226765015
2000-11-24,125.42,1341.77,143.71692980013307,6.74875,,6.49,6.365,5.613,26.0,,,,,,,1.5105,6.74875,22.84679642617208,23.182890786503748,0.014992055419208825
2000-12-01,122.99,1315.23,140.8742314860438,6.68625,,6.6,6.217,5.445,27.48,,,,,,,1.5408,6.68625,23.253299256810692,23.80310990994204,0.01529050216862538
2000-12-08,124.6,1369.89,146.72886184957505,6.57,,6.47,6.058,5.256,22.41,,,,,,,1.4804,6.57,21.790547109620253,21.596978299544727,0.01469549039860337
2000-12-15,121.71,1312.15,140.54433281206516,6.54938,,6.58,6.037,5.139,26.55,,,,,,,1.5379,6.54938,22.99965921104325,23.415482185683988,0.01526194181246595
2000-12-22,121.78,1305.97,139.8823932649261,6.45,,6.44,5.261,4.896,27.55,,,,,,,1.5371,6.45,23.27215228501444,23.83200650128749,0.01525406294997668
2000-12-29,122.53,1320.28,141.41513677941805,6.39875,,5.41,5.895,4.976,26.85,,,,,,,1.517,6.39875,23.08213096443863,23.541288496367237,0.015056086153983381
2001-01-05,119.73,1298.35,139.066215376706,5.695,,5.83,5.116,4.656,28.67,,,,,,,1.5421,5.695,23.569457417647747,24.289230518741444,0.015303304822123215
2001-01-12,122.1,1318.32,141.20520125961346,5.67875,,5.98,5.323,4.952,24.56,,,,,,,1.5194,5.67875,22.43585061068808,22.561443683727198,0.015079727235091123
2001-01-19,123.77,1342.54,143.79940446862784,5.61125,,5.92,5.241,4.805,23.24,,,,,,,1.4899,5.61125,22.044464957929307,21.974811717211477,0.01478910015339939
2001-01-26,125.13,1354.95,145.1286390608602,5.5675,,5.96,5.168,4.914,22.57,,,,,,,1.4732,5.5675,21.839987796711338,21.67037608634637,0.014624538220341732
2001-02-02,124.21,1349.47,144.5416764850799,5.3975,,5.5,5.085,4.838,21.95,,,,,,,1.4816,5.3975,21.64705174410456,21.384419283438437,0.014707315272225172
2001-02-09,121.3,1314.76,140.82388980527438,5.41,,5.44,5.054,4.824,22.03,,,,,,,1.5215,5.41,21.672153693939656,21.42155229458653,0.015100412722597089
2001-02-16,119.83,1301.53,139.40682504659313,5.41,,5.46,4.98,4.897,22.12,,,,,,,1.5381,5.41,21.700319248693706,21.463242715698193,0.015263911518388856
2001-02-23,114.5,1245.86,133.44401362438705,5.3,,5.46,4.887,4.84,27.21,,,,,,,1.6051,5.3,23.18027235360696,23.691289355128262,0.015923544746864114
2001-03-02,113.38,1234.18,132.192969302286,5.0825,,5.52,4.836,4.719,27.43,,,,,,,1.6166,5.0825,23.23981276267277,23.78244590595784,0.016036721637051287
2001-03-09,112.99,1233.42,132.11156573338218,5.04,,5.42,4.711,4.708,25.62,,,,,,,1.621,5.04,22.739890333415406,23.020684412240332,0.016080020711638738
2001-03-16,105.52,1150.53,123.23322122490976,4.9,,5.4,4.525,4.492,29.91,,,,,,,1.7373,4.9,23.889524351605957,24.78467355186993,0.017223814819666467
2001-03-23,104.77,1139.83,122.08714466271104,4.86,,4.94,4.338,4.502,30.45,,,,,,,1.7486,4.86,24.02608442226563,24.997068531918657,0.017334879026194936
2001-03-30,106.2,1160.33,124.28289882393292,4.87875,,5.29,4.286,4.557,28.64,,,,,,,1.7118,4.87875,23.561598009732304,24.277106491507695,0.016973137867706174
2001-04-06,103.57,1128.43,120.86609112915345,4.80625,,4.94,3.925,4.475,31.69,,,,,,,1.7527,4.80625,24.333536128427685,25.477451781530032,0.01737517360908512
2001-04-13,108.29,1183.5,126.76463657590908,4.77875,,5.02,3.997,4.768,26.12,,,,,,,1.6713,4.77875,22.880334897847668,23.2338558778144,0.016574874683249637
2001-04-20,113.6,1242.98,133.13553694222514,4.4175,,4.38,3.759,4.81,25.38,,,,,,,1.5917,4.4175,22.671812845851047,22.917589107003632,0.015791652905856532
2001-04-27,114.31,1253.05,134.214134230201,4.31375,,4.51,3.852,4.856,24.02,,,,,,,1.5799,4.31375,22.277513959505864,22.323501498792222,0.015675494938765976
2001-05-04,115.65,1266.61,135.66654527537997,4.27,,4.41,3.728,4.758,23.91,,,,,,,1.5588,4.27,22.24496350576591,22.274689817313604,0.015467755103117894
2001-05-11,113.69,1245.67,133.42366273216112,4.07,,4.47,3.739,4.933,23.54,,,,,,,1.5867,4.07,22.13472091547879,22.10963712097692,0.015742435075604796
2001-05-18,117.67,1291.96,138.38178273815925,4.055,,3.95,3.594,4.999,21.23,,,,,,,1.5312,4.055,21.418278310475042,21.04698512725771,0.015195954421942907
2001-05-25,116.17,1277.89,136.87474561384744,4.03,,3.94,3.656,5.022,20.6,,,,,,,1.5482,4.03,21.213723498163098,20.746785404111666,0.01536337662271472
2001-06-01,114.9,1260.67,135.03031211842102,3.9425,,4.14,3.656,4.939,21.59,,,,,,,1.5696,3.9425,21.53331492519837,21.216438060481607,0.015574091784844101
2001-06-08,115.03,1264.96,135.4898138428914,3.91563,,4.02,3.636,4.915,19.92,,,,,,,1.5628,3.91563,20.98809236010153,20.41731960993483,0.015507140377756506
2001-06-15,110.48,1214.36,130.07004991324123,3.85125,,3.94,3.502,4.705,22.81,,,,,,,1.6271,3.85125,21.91370296548115,21.779964272382294,0.016140045873023586
2001-06-22,111.29,1225.35,131.24718836357437,3.73,,3.98,3.44,4.597,20.02,,,,,,,1.6046,3.73,21.02159924324311,20.466135465890083,0.01591862372193272
2001-06-29,110.99,1224.42,131.14757610162627,3.83625,,3.95,3.656,4.95,19.06,,,,,,,1.6042,3.83625,20.695089010974872,19.9920989618112,0.015914686884551655
2001-07-06,107.58,1190.59,127.52404618581464,3.81,,3.6,3.636,4.83,21.63,,,,,,,1.6524,3.81,21.546015871247352,21.23517463501605,0.01638896423548151
2001-07-13,110.41,1215.68,130.21143505923214,3.75875,,3.75,3.615,4.753,21.14,,,,,,,1.6149,3.75875,21.389311732366853,21.00438750052277,0.01601999194701761
2001-07-20,109.49,1210.85,129.6940939568564,3.70875,,3.8,3.512,4.658,22.34,,,,,,,1.622,3.70875,21.768841155862752,21.564780582055928,0.016089861148947854
2001-07-27,109.02,1205.82,129.15533086266393,3.69625,,3.75,3.532,4.589,22.0,,,,,,,1.6287,3.69625,21.662747753472296,21.40763569477064,0.016155789581198534
2001-08-03,109.94,1214.35,130.06897881365043,3.65625,,3.69,3.522,4.662,19.89,,,,,,,1.2761,3.65625,20.97801794940087,20.402649867341555,0.012680264557352194
2001-08-10,107.35,1190.16,127.47798890340856,3.58875,,3.7,3.419,4.526,20.55,,,,,,,1.3019,3.58875,21.197307361143967,20.722755599719754,0.012934981260444272
2001-08-17,105.03,1161.97,124.45855915683072,3.5475,,3.66,3.368,4.419,23.84,,,,,,,1.336,3.5475,22.22419641545378,22.24356665420722,0.01327154219324001
2001-08-24,107.01,1184.93,126.91780381739926,3.5175,,3.51,3.45,4.481,19.71,,,,,,,1.3101,3.5175,20.917353001414018,20.314387316285586,0.013015924146398478
2001-08-31,102.28,1133.58,121.41770741843608,3.4625,,3.66,3.367,4.38,24.92,,,,,,,1.3645,3.4625,22.540094781507563,22.718554399512705,0.013552745250832898
2001-09-07,97.62,1085.78,116.29785137422108,3.48625,,3.44,3.254,4.302,30.99,,,,,,,1.4258,3.48625,24.161004030069915,25.207502152448605,0.014157310674988712
2001-09-14,96.72,1092.54,117.02191469762889,3.15,,3.13,2.73,3.814,31.84,,,,,,,1.4187,3.15,24.370168658091515,25.534891059780723,0.01408730631201215
2001-09-21,85.43,965.8,103.44679848332324,2.615,,3.11,2.248,3.825,42.66,,,,,,,1.6038,2.615,26.750439996363,29.357709875434587,0.01591075003167184
2001-09-28,91.65,1040.94,111.49504080889471,2.59,,2.75,2.371,3.804,31.93,,,,,,,1.4885,2.59,24.39209175803968,25.56928669999403,0.014775305582154149
2001-10-05,94.1,1071.38,114.75546796341152,2.48125,,2.42,2.176,3.72,33.39,,,,,,,1.4456,2.48125,24.741993686565944,26.120331061564197,0.014352508224400491
2001-10-12,96.06,1091.65,116.92658683404414,2.45625,,2.39,2.248,3.876,35.27,,,,,,,1.4278,2.45625,25.177519322884248,26.811647252943633,0.014177029329230635
2001-10-19,94.17,1073.48,114.98039887748791,2.36625,,2.47,2.196,3.817,34.11,,,,,,,1.4523,2.36625,24.91071823726075,26.38743832351727,0.01441855129337691
2001-10-26,96.76,1104.61,118.31473190377268,2.28,,2.51,2.145,3.737,28.42,,,,,,,1.4115,2.28,23.50379023185875,24.187993224885144,0.014016310967107651
2001-11-02,95.66,1087.2,116.44994751612028,2.2,,2.43,2.053,3.608,30.71,,,,,,,1.4292,2.2,24.0912474931375,25.098630008521884,0.014190832155852564
2001-11-09,98.65,1120.31,119.99635826139136,2.01625,,1.98,1.838,3.622,27.44,,,,,,,1.3854,2.01625,23.24251140086264,23.78658028205861,0.01375891058136108
2001-11-16,100.1,1138.65,121.96075491099188,2.13875,,1.98,1.951,4.206,25.07,,,,,,,1.3658,2.13875,22.583227034069502,22.783666604377142,0.013565570171429548
2001-11-23,101.22,1150.34,123.21287033268376,2.15625,,1.88,1.961,4.356,23.25,,,,,,,1.3517,2.15625,22.047486241998328,21.979320515914853,0.0134264603262239
2001-11-30,100.1,1139.45,122.04644287825904,2.03188,,2.06,1.726,4.064,23.84,,,,,,,1.3553,2.03188,22.22419641545378,22.24356665420722,0.013461979573219597
2001-12-07,101.9,1158.31,124.06653670658322,2.00375,,1.92,1.695,4.482,23.49,,,,,,,1.3344,2.00375,22.119732906639314,22.087228903848175,0.013255753010408839
2001-12-14,98.8,1123.09,120.29412394764483,1.895,,1.88,1.715,4.489,24.63,,,,,,,1.3763,1.895,22.45620146858277,22.59208686388421,0.01366915003973897
2001-12-21,100.73,1144.89,122.62912105567597,1.9,,1.78,1.695,4.419,22.5,,,,,,,1.3517,1.9,21.81838698142493,21.638298157606176,0.0134264603262239
2001-12-28,101.67,1161.02,124.35680469570076,1.88125,,1.54,1.715,4.422,21.4,,,,,,,1.3364,1.88125,21.472765455803245,21.127190349242262,0.013275489449995253
2002-01-04,103.08,1172.51,125.58749812557588,1.87,,1.61,1.715,4.429,20.45,23.19,,,,,,1.3223,1.87,21.164393253402086,20.674604065607067,0.013136339243043848
2002-01-11,100.67,1145.6,122.70516912662552,1.82688,,1.71,1.552,4.087,22.6,23.84,,,,,,1.354,1.82688,21.849231314612975,21.684107837088682,0.013449153324004415
2002-01-18,99.02,1127.58,120.7750476639319,1.77,,1.71,1.613,4.163,22.52,23.45,,,,,,1.38,1.77,21.824563310326223,21.6474686006775,0.013705647056111932
2002-01-25,99.39,1133.28,121.38557443071072,1.87,,1.78,1.705,4.406,21.01,21.8,,,,,,1.3732,1.87,21.34732238658147,20.94268976558537,0.013638570432881822
2002-02-01,98.54,1122.2,120.19879608406004,1.92,,1.77,1.756,4.297,21.12,21.78,,,,,,1.3781,1.92,21.382863307407167,20.994908485408754,0.01368690551138395
2002-02-08,96.17,1096.22,117.41607934705785,1.9,,1.69,1.705,4.17,23.26,22.52,,,,,,1.4121,1.9,22.050506640681956,21.983828300286916,0.014022227438366439
2002-02-15,96.89,1104.18,118.26867462136646,1.91,,1.73,1.736,4.18,22.37,21.75,,,,,,1.4039,1.91,21.778149374444304,21.578586056745323,0.013941365967826953
2002-02-22,95.75,1089.84,116.73271780810194,1.90125,,1.71,1.767,4.141,22.86,22.32,,,,,,1.4216,1.90125,21.928993694440067,21.80271911154592,0.014115900235410978
2002-03-01,99.33,1131.78,121.2249094920847,1.90125,,1.78,1.777,4.313,19.96,20.75,,,,,,1.3714,1.90125,21.001508837556916,20.43686130081244,0.013620814102996367
2002-03-08,102.07,1164.31,124.70919646108707,1.96,,1.69,1.797,4.7,19.27,20.07,,,,,,1.3342,1.96,20.767454600431034,20.09684294944646,0.013253779345026041
2002-03-15,102.09,1166.16,124.90734988539248,2.01,,1.8,1.848,4.708,18.42,19.44,,,,,,1.3346,2.01,20.47113895207592,19.669101183374824,0.01325772667189629
2002-03-22,100.58,1148.7,123.03720999978592,2.03,,1.68,1.838,4.823,17.77,19.04,,,,,,1.3547,2.03,20.238194424076394,19.334989477951748,0.013456059786331909
2002-03-29,100.56,1147.39,122.89689595338588,2.03,,1.77,1.787,4.84,17.4,18.33,,,,,,1.3599,2.03,20.102992085715965,19.14194257079765,0.013507363441827278
2002-04-05,98.48,1122.73,120.25556436237454,2.01,,1.7,1.756,4.593,19.13,20.09,,,,,,1.3888,2.01,20.71927097415787,20.02708039618022,0.01379244541962274
2002-04-12,97.3,1111.01,119.00023564191012,1.98,,1.79,1.705,4.496,19.42,20.04,,,,,,1.4045,1.98,20.818815928117992,20.171294960797482,0.013947282882510978
2002-04-19,98.59,1125.17,120.51691266253953,1.94,,1.67,1.7205,4.5136,18.3,18.71,,,,,,1.3873,1.94,20.42856030477605,19.607888890983123,0.013777650776664053
2002-04-26,93.8,1076.32,115.28459116128631,1.92125,,1.79,1.7307,4.3687,22.14,20.91,,,,,,1.4505,1.92125,21.70656765173629,21.472495197026202,0.014400808807811926
2002-05-03,93.89,1073.43,114.97504337953356,1.92,,1.73,1.7512,4.3526,20.19,20.12,,,,,,1.4524,1.92,21.078300151294886,20.54883058573854,0.014419536977789344
2002-05-10,92.22,1054.99,112.99993573402466,1.9,,1.74,1.7512,4.4489,22.41,21.61,,,,,,1.4817,1.9,21.790547109620253,21.596978299544727,0.014708300672048686
2002-05-17,96.71,1106.59,118.52680962275882,1.9025,,1.7,1.7512,4.5944,17.7,18.6,,,,,,1.4161,1.9025,20.212763745181654,19.29862952129768,0.014061669685554142
2002-05-24,94.72,1083.82,116.08791585441622,1.9,,1.75,1.7306,4.4526,18.9,19.98,,,,,,1.4455,1.9,20.63958780512588,19.91188818267692,0.014351522473916611
2002-05-31,93.41,1067.14,114.30132173689518,1.89625,,1.79,1.7205,4.3532,19.98,20.82,,,,,,1.4697,1.89625,21.008210206483696,20.446624464201292,0.014590045759651095
2002-06-07,89.97,1027.53,110.05869625757808,1.89,,1.73,1.7307,4.3211,23.51,22.33,,,,,,1.5277,1.89,22.125730716505267,22.096195181940146,0.015161481665512665
2002-06-14,88.29,1007.28,107.8897195861272,1.87938,,1.75,1.7001,4.0661,25.96,24.04,,,,,,1.5597,1.87938,22.83559349867744,23.165875088578115,0.015476616925157798
2002-06-21,86.71,989.14,105.94674492834348,1.87438,,1.74,1.7103,4.0297,27.23,25.98,,,,,,1.5869,1.87438,23.185698644087104,23.699592208318894,0.01574440383532555
2002-06-28,86.54,989.81,106.01850860092978,1.86,,1.73,1.6796,4.0319,25.4,23.63,,,,,,1.5947,1.86,22.677502683027953,22.92619980778266,0.015821182441300024
2002-07-05,86.63,989.03,105.93496283284428,1.86,,1.72,1.7102,4.08,27.11,24.71,,,,,,1.5953,1.86,23.15310005527735,23.649727122050635,0.01582708824375095
2002-07-12,80.18,921.39,98.6900452004028,1.86,,1.71,1.7001,3.7503,32.94,29.27,,,,,,1.7141,1.86,24.635278217498538,25.95185656598382,0.016995750524207612
2002-07-19,73.78,847.76,90.8035389130482,1.86,,1.72,1.7001,3.6497,38.17,31.82,,,,,,1.8646,1.86,25.819324723874484,27.841259670324682,0.018474294472245776
2002-07-26,74.63,852.84,91.34765750519492,1.81,,1.69,1.6796,3.3921,35.51,31.82,,,,,,1.8077,1.81,25.23197037337445,26.898499084639845,0.017915553774759604
2002-08-02,75.61,864.24,92.56871103875248,1.8,,1.72,1.6183,3.2083,41.29,35.53,,,,,,1.7805,1.8,26.47372344389081,28.904253566561184,0.017648347717023078
2002-08-09,79.35,908.64,97.32439322208192,1.7525,,1.68,1.6081,3.2466,35.33,32.74,,,,,,1.6941,1.7525,25.19115569841432,26.833389120775912,0.01679910161758092
2002-08-16,81.12,928.77,99.48051669844271,1.76,,1.7,1.6081,3.4182,28.81,28.78,,,,,,1.6612,1.76,23.60606074026068,24.34572175915465,0.01647553001372257
2002-08-23,82.26,940.86,100.77547610376828,1.79625,,1.72,1.6387,3.3082,29.32,29.06,,,,,,1.6381,1.79625,23.738385370318994,24.550306256187838,0.016248278861363333
2002-08-30,80.07,916.07,98.12022021807604,1.80625,,1.81,1.6694,3.195,32.64,32.5,,,,,,1.6827,1.80625,24.563581481588233,25.838870505046238,0.01668699443513003
2002-09-06,78.19,893.92,95.7477346243655,1.775,,1.71,1.649,3.0401,36.33,34.72,,,,,,1.7241,1.775,25.416140637752978,27.192948967401183,0.01709406047787466
2002-09-13,77.89,889.81,95.30751269253028,1.82,,1.72,1.6694,2.9709,35.82,34.59,,,,,,1.7351,1.82,25.30193307244266,27.010229483353967,0.017202190265180595
2002-09-20,73.6,845.39,90.5496883100192,1.8,,1.7,1.6387,2.8331,38.98,37.02,,,,,,1.8269,1.8,25.99261935102402,28.1214679528607,0.018104126837067247
2002-09-27,72.12,827.37,88.61956684732556,1.80625,,1.78,1.6081,2.6751,36.97,37.27,,,,,,1.8703,1.80625,25.557924554223195,27.42035587945574,0.01853024953935983
2002-10-04,70.41,800.58,85.7500910434653,1.76,,1.72,1.5979,2.6832,39.46,38.13,,,,,,1.9328,1.76,26.09415715984791,28.286081567333706,0.01914358664717893
2002-10-11,73.28,835.32,89.47109102204332,1.775,,1.73,1.5672,2.7698,35.7,35.8,,,,,,1.854,1.775,25.274899868543816,26.967039241346022,0.018370229354877348
2002-10-18,77.19,884.39,94.72697671429502,1.8275,,1.71,1.6592,3.0912,33.53,32.91,,,,,,1.7526,1.8275,24.77499404620367,26.172502816785663,0.01737419083369794
2002-10-25,78.54,897.65,96.1472547717488,1.82,,1.82,1.6285,3.0274,30.0,29.77,,,,,,1.7267,1.82,23.912400381210407,24.82021119028917,0.017119619482805007
2002-11-01,78.52,900.96,96.50178873631684,1.65875,,1.74,1.4141,2.8621,29.3,28.22,,,,,,1.7261,1.65875,23.733225842580307,24.542318567602315,0.01711372130887964
2002-11-08,77.91,894.74,95.8355647908144,1.395,,1.18,1.21,2.8515,29.41,29.22,,,,,,1.742,1.395,23.7615736127081,24.586215632338263,0.017270011164954035
2002-11-15,79.44,909.83,97.4518540733919,1.42031,,1.35,1.21,3.0203,26.65,27.53,,,,,,1.7157,1.42031,23.02722003134823,23.4574998613205,0.01701148076628653
2002-11-22,81.16,930.55,99.67117242561228,1.42625,,1.25,1.21,3.2398,23.16,24.97,,,,,,1.6802,1.42625,22.02026273446607,21.938704731723725,0.016662407846326208
2002-11-29,81.8,936.31,100.28812578993612,1.425,,1.23,1.21,3.2684,27.5,26.7,,,,,,1.6723,1.425,23.25868917243382,23.811370004083518,0.016584710252207875
2002-12-06,79.85,912.23,97.70891797519351,1.42,,1.21,1.1998,3.0926,28.88,28.52,,,,,,1.7164,1.42,23.624316961662405,24.373913530961424,0.017018362669388377
2002-12-13,77.56,889.48,95.2721664060326,1.41,,1.25,1.1998,3.041,28.18,29.04,,,,,,1.7593,1.41,23.440378358458002,24.090366211763172,0.017440034649243083
2002-12-20,78.45,895.75,95.94374584948925,1.4,,1.26,1.1896,2.8996,26.71,29.08,,,,,,1.7499,1.4,23.043722711254286,23.482670887020657,0.017347655533147252
2002-12-27,76.27,875.4,93.76405818212992,1.4,,1.2,1.1488,2.7309,29.55,30.48,,,,,,1.7958,1.4,23.797548289809253,24.641960593237073,0.01779865990983538
2003-01-03,79.61,908.59,97.31903772412775,1.39,,1.12,1.21,2.9682,24.68,27.69,,,,,,1.7297,1.39,22.470713677358848,22.613946966669648,0.017149109830616308
2003-01-10,81.06,927.57,99.35198474754198,1.38,,1.25,1.1896,3.1256,24.32,26.75,,,,,,1.6952,1.38,22.365774702858495,22.456033015518937,0.016809918312461244
2003-01-17,79.0,901.78,96.58961890276572,1.36875,,1.2,1.1692,2.971,25.7,27.55,,,,,,1.7462,1.36875,22.76248622687365,23.054937165880997,0.017311291199871008
2003-01-24,75.26,861.4,92.26451875495395,1.34938,,1.21,1.1386,2.8731,31.51,30.34,,,,,,1.8279,1.34938,24.289420788411853,25.40833658956321,0.0181139473765292
2003-01-31,74.78,855.7,91.65399198817522,1.35,,1.33,1.1692,2.9324,31.17,32.0,,,,,,1.8444,1.35,24.2056210086318,25.277219857630058,0.018275972355243503
2003-02-07,72.66,829.69,88.86806195240048,1.35,,1.21,1.159,2.8968,34.01,33.7,,,,,,1.9033,1.35,24.88743032156401,26.350517653630927,0.018854138407088387
2003-02-14,73.23,834.89,89.42503373963721,1.34,,1.3,1.1692,2.9288,32.62,31.02,,,,,,1.8936,1.34,24.558785759489123,25.831318823513346,0.018758945594957045
2003-02-21,74.12,848.17,90.8474539962727,1.34,,1.21,1.1794,2.8439,30.25,29.19,,,,,,1.8791,1.34,23.975700510087496,24.918635248746323,0.018616630161884085
2003-02-28,73.58,841.15,90.09554208350308,1.34,,1.33,1.1896,2.6612,29.63,29.07,,,,,,1.8963,1.34,23.818053126785404,24.67375284053709,0.018785443473410865
2003-03-07,72.48,828.89,88.78237398513328,1.31469,,1.2,1.1081,2.5658,31.08,29.81,,,,,,1.9247,1.31469,24.1833345298407,25.24238740699226,0.019064119372202412
2003-03-14,72.99,833.27,89.25151560592117,1.27875,,1.3,1.1183,2.6823,30.98,29.72,,,,,,1.9198,1.27875,24.15852013675356,25.203622743417355,0.019016043510445595
2003-03-21,78.27,895.79,95.94803024785256,1.29,,1.2,1.1692,3.0792,28.67,27.05,,,,,,1.786,1.29,23.569457417647747,24.289230518741444,0.017702384113005114
2003-03-28,75.61,863.5,92.48944966903034,1.29,,1.26,1.1183,2.8098,27.75,26.99,,,,,,1.8595,1.29,23.325838840774338,23.9143572034139,0.01842422675810626
2003-04-04,76.97,878.85,94.13358754096969,1.2775,,1.22,1.0979,2.8436,29.13,27.09,,,,,,1.8178,1.2775,23.68927265764416,24.474307737525336,0.018014755495647048
2003-04-11,76.07,868.3,93.00357747263354,1.28875,,1.24,1.159,2.8915,24.44,24.5,,,,,,1.8439,1.28875,22.400871273031353,22.508806035390986,0.0182710628930898
2003-04-18,78.09,893.58,95.71131723827696,1.32,,1.28,1.1692,2.926,21.5,22.51,,,,,,1.7951,1.32,21.50467905494145,21.17421426394736,0.017791783374587453
2003-04-25,78.73,898.81,96.27150232428625,1.31125,,1.28,1.1284,2.8138,20.8,21.58,,,,,,1.7851,1.31125,21.279117850789373,20.842600834139983,0.017693541993470403
2003-05-02,81.27,930.08,99.62083074484283,1.29,,1.24,1.1183,2.8306,20.63,21.6,,,,,,1.73,1.29,21.22356015111151,20.761188643960775,0.01715205881756557
2003-05-09,81.68,933.41,99.97750690859252,1.29,,1.24,1.0979,2.6015,19.69,21.09,,,,,,1.7255,1.29,20.91058918067245,20.304554383199555,0.017107823100165606
2003-05-16,82.73,944.3,101.1439343630172,1.29,,1.26,1.0265,2.3845,18.4,19.8,,,,,,1.7082,1.29,20.464055664207006,19.658913652295038,0.016937743117923693
2003-05-23,81.68,933.22,99.95715601636653,1.28,,1.21,1.0673,2.3136,19.17,21.23,,,,,,1.7287,1.28,20.73306217623047,20.047039728638648,0.01713927981131007
2003-05-30,84.4,963.59,103.21008547374748,1.28,,1.28,1.0979,2.2892,19.47,20.76,,,,,,1.6758,1.28,20.835876280164374,20.196045408535237,0.016619133981766652
2003-06-06,86.55,987.76,105.79893318480768,1.20688,,1.24,1.0396,2.2713,21.25,21.42,,,,,,1.6334,1.20688,21.42470395939742,21.05643843074457,0.016202035290564302
2003-06-13,86.72,988.61,105.88997665002904,1.0875,,1.24,0.8455,2.0305,20.66,21.14,,,,,,1.6348,1.0875,21.23338706130478,20.775580931442143,0.016215810194853533
2003-06-20,86.98,995.69,106.64831516034374,1.02,,1.23,0.8149,2.2619,19.14,20.08,,,,,,1.6234,1.02,20.722720615529422,20.032072274394746,0.016103637598501173
2003-06-27,85.38,976.22,104.56288425697834,1.11375,,1.08,0.8557,2.4434,19.16,20.79,,,,,,1.6588,1.11375,20.729616215488477,20.042051939539853,0.016451921908271935
2003-07-04,86.19,985.7,105.57828666909462,1.11,,0.96,0.8455,2.518,19.39,20.64,,,,,,1.6416,1.11,20.808565345193603,20.15642868914789,0.016282714173894253
2003-07-11,87.49,998.14,106.91073456009951,1.10563,,0.98,0.8762,2.4455,18.47,19.87,,,,,,1.6272,1.10563,20.488824272340505,19.694544724133685,0.016141029862046203
2003-07-18,86.9,993.32,106.39446455731468,1.11,,0.99,0.8864,2.8587,19.11,19.94,,,,,,1.6376,1.11,20.71236800323319,20.017092543036007,0.016243359434201098
2003-07-25,87.44,998.68,106.96857393800488,1.11,,1.03,0.917,2.9798,17.75,19.05,,,,,,1.6295,1.11,20.230935492047713,19.32460857608663,0.016163661342337855
2003-08-01,85.93,980.15,104.98382639617844,1.14125,,1.0,0.9272,3.2286,20.75,21.22,,,,,,1.6763,1.14125,21.26280957265257,20.818692321376492,0.0166240515606852
2003-08-08,85.8,977.59,104.7096249009234,1.13,,0.96,0.9578,3.1615,19.59,21.25,,,,,,1.684,1.13,20.876699666592508,20.255311164785514,0.01669977922241347
2003-08-15,86.9,990.67,106.1106231657421,1.13,,1.39,0.9476,3.4043,18.27,20.63,,,,,,1.6688,1.13,20.417885930110373,19.5925530354104,0.01655028533761515
2003-08-22,87.07,993.06,106.36661596795282,1.14,,0.99,0.9681,3.4532,18.55,20.8,,,,,,1.6668,1.14,20.51705304985686,19.735179560223116,0.01653061342576042
2003-08-29,88.41,1008.01,107.9679098562586,1.14,,1.01,0.9681,3.4643,18.63,20.53,,,,,,1.6454,1.14,20.545198989428435,19.77572282756574,0.016320099742085457
2003-09-05,89.68,1021.39,109.40104110880245,1.14219,,0.96,0.9374,3.2669,18.17,20.11,,,,,,1.6263,1.14219,20.382218184099322,19.5413381524911,0.016132173925986003
2003-09-12,89.31,1018.63,109.1054176217306,1.14,,1.02,0.9476,3.1386,18.68,21.12,,,,,,1.6346,1.14,20.56274840118192,19.801016135986437,0.016213842363000826
2003-09-19,90.76,1036.3,110.9980505987448,1.14,,0.99,0.9374,3.101,17.54,19.92,,,,,,1.6067,1.14,20.15437803769133,19.215237559096725,0.015939291863911777
2003-09-26,87.38,996.85,106.77256271288115,1.14,,1.03,0.9374,2.9035,22.23,23.36,,,,,,1.6714,1.14,21.734637965579807,21.514077356239735,0.0165758582444987
2003-10-03,90.36,1029.85,110.30719136265304,1.15,,0.99,0.9272,3.0973,19.5,20.92,,,,,,1.6184,1.15,20.846098165190817,20.21087972006675,0.016054435121441744
2003-10-10,91.42,1038.06,111.18656412673263,1.15,,1.0,0.8966,3.142,18.45,19.71,,,,,,1.6108,1.15,20.481754063882608,19.684371636767512,0.01597964271952762
2003-10-17,91.18,1039.32,111.32152267517846,1.17,,0.98,0.917,3.3271,17.62,19.34,,,,,,1.6183,1.17,20.183616052032306,19.25698305564842,0.016053451047207117
2003-10-24,90.49,1028.91,110.20650800111407,1.16313,,1.01,0.9374,3.1419,17.71,19.16,,,,,,1.6361,1.16313,20.216400890341443,19.303828400392042,0.01622860100750815
2003-10-31,92.21,1050.71,112.54150510914516,1.16938,,1.03,0.9476,3.2418,16.1,16.88,,,,,,1.6127,1.16938,19.611814232327934,18.446058379549342,0.015998341344441128
2003-11-07,92.3,1053.21,112.80928000685516,1.17063,,0.98,0.9476,3.4302,16.93,17.37,,,,,,1.6128,1.17063,19.928393451843384,18.893597648389147,0.01599932547290926
2003-11-14,92.16,1050.35,112.5029455238749,1.17125,,0.98,0.9476,3.1875,16.94,17.45,,,,,,1.624,1.17125,19.932142488882768,18.898918869456285,0.016109541733068226
2003-11-21,91.04,1035.28,110.88879844047906,1.17,,0.98,0.9272,3.1459,18.98,19.36,,,,,,1.6492,1.17,20.667378261415884,19.95203778613617,0.016357483912648203
2003-11-28,92.93,1058.2,113.34375870268424,1.17188,,1.01,0.9272,3.354,16.32,17.5,,,,,,1.6175,1.17188,19.696789994013308,18.565836312917412,0.016045578418467453
2003-12-05,93.33,1061.5,113.69722156766144,1.18,,0.98,0.9068,3.2229,17.09,18.01,,,,,,1.6177,1.18,19.988197940542534,18.978540855325605,0.016047546581462842
2003-12-12,94.36,1074.14,115.05109145048316,1.16813,,0.99,0.8864,3.2182,16.41,17.58,,,,,,1.603,1.16813,19.731327845389327,18.61459280199164,0.015902876279415477
2003-12-19,95.5,1088.67,116.60739915597362,1.17,,0.98,0.8659,3.153,16.42,17.36,,,,,,1.5835,1.17,19.735157409668247,18.62000154605577,0.015710934392923332
2003-12-26,96.21,1095.89,117.38073306056008,1.17,,0.97,0.8557,3.1485,17.45,18.0,,,,,,1.5725,1.17,20.121376445364337,19.168154644674797,0.015602643227407675
2004-01-02,97.57,1108.48,118.72924744542756,1.15,,1.01,0.8966,3.3366,18.22,18.42,,,,,,1.5584,1.15,20.400068732083255,19.56696397410772,0.015463816490336697
2004-01-09,98.54,1121.86,120.16237869797142,1.14,,0.99,0.8557,3.0464,16.75,17.02,,,,,,1.543,1.14,19.860651230673255,18.797533030458535,0.015312168101605617
2004-01-16,100.12,1139.83,122.08714466271084,1.12,,0.98,0.8761,3.056,15.0,16.78,,,,,,1.5196,1.12,19.174627645993073,17.833905631477027,0.01508169729995551
2004-01-23,100.32,1141.55,122.2713737923353,1.12,,1.0,0.8762,3.0587,14.84,16.61,,,,,,1.5187,1.12,19.10923447011911,17.7429326545968,0.015072831977501509
2004-01-30,99.42,1131.13,121.1552880186801,1.13,,1.03,0.9068,3.1433,16.63,18.23,,,,,,1.5458,1.13,19.815213693804743,18.73318963677996,0.015339742246513438
2004-02-06,100.21,1142.76,122.40097684282696,1.13,,0.99,0.917,3.0846,16.0,17.87,,,,,,1.5322,1.13,19.572927182383143,18.39133088410509,0.015205803562654708
2004-02-13,100.8,1145.81,122.72766221803312,1.12,,1.01,0.9068,3.0102,15.58,17.56,,,,,,1.5345,1.12,19.40776844978479,18.159498096750195,0.015228456218162462
2004-02-20,100.63,1144.11,122.54557528759034,1.12,,0.99,0.9272,3.0783,16.04,17.77,,,,,,1.5392,1.12,19.588501821786146,18.413243293470654,0.015274744831615008
2004-02-27,100.7,1144.94,122.63447655363008,1.12,,1.04,0.9374,2.9385,14.55,16.64,,,,,,1.5482,1.12,18.98947410419494,17.576726735822366,0.01536337662271472
2004-03-05,101.86,1156.87,123.91229836550212,1.12,,1.0,0.9476,2.802,14.48,16.36,,,,,,1.5367,1.12,18.96032313469056,17.53634907033846,0.015250123495453244
2004-03-12,98.47,1120.57,120.02420685075306,1.11,,0.99,0.9476,2.7327,18.3,19.04,,,,,,1.5939,1.11,20.42856030477605,19.607888890983123,0.015813307983776285
2004-03-19,97.53,1109.78,118.86849039223674,1.11,,0.99,0.9272,2.733,19.15,20.59,,,,,,1.6114,1.11,20.726169028946952,20.037062788486352,0.01598554758622035
2004-03-26,97.42,1108.06,118.68426126261228,1.11,,1.0,0.9374,2.7843,17.33,19.11,,,,,,1.611,1.11,20.0771934045546,19.105179384177262,0.01598161101229936
2004-04-02,100.59,1141.81,122.29922238169712,1.11,,1.0,0.9374,3.1334,15.64,17.23,,,,,,1.5713,1.11,19.431546825213346,18.192815527093394,0.015590828936250236
2004-04-09,100.37,1139.32,122.032518583578,1.14,,1.02,0.9272,3.217,16.26,17.83,,,,,,1.5759,1.14,19.673692592042624,18.533253806815658,0.01563611629439041
2004-04-16,99.88,1134.61,121.52803067629236,1.15,,0.99,0.9272,3.3649,14.94,17.53,,,,,,1.5831,1.15,19.150161163845638,17.79985052954588,0.01570699673781663
2004-04-23,100.37,1140.6,122.16961933120548,1.17,,0.99,0.9681,3.571,14.01,16.62,,,,,,1.5798,1.17,18.762064655424364,17.26255621634997,0.015674510491555233
2004-04-30,97.42,1107.31,118.60392879329925,1.18,,1.03,0.9578,3.6218,17.19,18.71,,,,,,1.6414,1.18,20.025382230039572,19.031419246026935,0.016280746473693052
2004-05-07,96.49,1098.7,117.68171204558604,1.19,,0.99,1.0498,3.9442,18.13,19.32,,,,,,1.6583,1.19,20.367913629988323,19.520810924196322,0.0164470034828173
2004-05-14,96.43,1095.7,117.36038216833406,1.26,,1.02,0.9783,3.9027,18.47,19.1,,,,,,1.6706,1.26,20.488824272340505,19.694544724133685,0.016567989727419064
2004-05-21,96.23,1093.56,117.13116685589428,1.28,,0.99,1.0191,3.8957,18.49,19.18,,,,,,1.6787,1.28,20.49588926569909,19.704712050687032,0.016647655602878522
2004-05-28,98.67,1120.68,120.03598894625226,1.315,,1.02,1.06,3.7909,15.5,17.08,,,,,,1.6415,1.315,19.375966682614212,18.11497027491632,0.016281730324277634
2004-06-04,98.94,1122.5,120.23092907178514,1.37375,,0.99,1.1896,3.9448,16.78,18.15,,,,,,1.6439,1.37375,19.871975934954982,18.813581169085694,0.016305342447923615
2004-06-11,100.1,1136.47,121.72725520018858,1.46875,,1.0,1.2713,4.007,15.04,16.9,,,,,,1.6267,1.46875,19.19090160696294,17.856569459578097,0.01613610990725074
2004-06-18,99.9,1135.02,121.57194575951677,1.55,,1.0,1.261,3.9337,14.99,17.47,,,,,,1.6311,1.55,19.170554536011768,17.82823473617979,0.016179404678725064
2004-06-25,100.01,1134.43,121.5087508836572,1.58,,1.05,1.2916,3.8254,15.19,17.43,,,,,,1.6352,1.58,19.2516675863508,17.9412792233543,0.016219745846941892
2004-07-02,99.18,1125.38,120.53940575394704,1.6,,1.25,1.2814,3.5995,15.08,17.07,,,,,,1.6544,1.6,19.20714610065645,17.87920177866781,0.01640863893401658
2004-07-09,98.03,1112.81,119.1930335682612,1.59,,1.24,1.261,3.6319,15.78,18.05,,,,,,1.6723,1.59,19.48678896355114,18.270297111269063,0.016584710252207875
2004-07-16,97.15,1101.4,117.97090893511285,1.63,,1.24,1.3324,3.5388,14.34,18.04,,,,,,1.6911,1.63,18.901731840205247,17.455286267605462,0.016769600945946827
2004-07-23,95.63,1086.2,116.3428375570361,1.66,,1.25,1.3528,3.6699,16.5,19.13,,,,,,1.7159,1.66,19.76573685750269,18.663209610162177,0.017013447029148348
2004-07-30,97.0,1101.72,118.00518412201971,1.7,,1.29,1.4345,3.6943,15.32,17.46,,,,,,1.6975,1.7,19.304001538575324,18.014341068808683,0.016832534660049903
2004-08-06,93.69,1063.97,113.96178316659888,1.71,,1.32,1.4243,3.3854,19.34,19.47,,,,,,1.7596,1.71,20.791456997384024,20.13162480718187,0.0174429827783849
2004-08-13,93.94,1064.8,114.0506844326386,1.72,,1.48,1.4243,3.4211,17.98,18.5,,,,,,1.7654,1.72,20.31407921264572,19.44362204441227,0.017499978233504125
2004-08-20,96.8,1098.35,117.64422355990664,1.74,,1.5,1.4753,3.4104,16.0,17.5,,,,,,1.7165,1.74,19.572927182383143,18.39133088410509,0.017019345794536768
2004-08-27,97.64,1107.77,118.65319937447786,1.79,,1.52,1.5469,3.4272,14.71,16.55,,,,,,1.7212,1.79,19.05574784044547,17.668638626358764,0.017065551586293522
2004-09-03,98.19,1113.63,119.28086373471008,1.82,,1.48,1.6387,3.4927,13.91,15.88,,,,,,1.7147,1.82,18.71929916837294,17.203685323135062,0.01700164939398418
2004-09-10,98.96,1123.92,120.3830252136844,1.87438,,1.48,1.649,3.4024,13.76,15.74,,,,,,1.7006,1.87438,18.654756349108823,17.114962320809123,0.016863016754034458
2004-09-17,99.4,1128.55,120.8789443242433,1.91,,1.58,1.6901,3.3305,14.03,15.81,,,,,,1.6965,1.91,18.77059277242966,17.274303990080192,0.016822701528295687
2004-09-24,97.86,1110.11,118.90383667873442,1.96,,1.76,1.7205,3.3198,14.28,16.13,,,,,,1.7264,1.96,18.87650193462927,17.420418368501817,0.017116670400190877
2004-10-01,99.77,1131.5,121.1949187035411,2.0275,,1.86,1.6796,3.4231,12.75,14.85,,,,,,1.6973,2.0275,18.207176576969253,16.503910695145482,0.016830568041434284
2004-10-08,98.78,1122.14,120.19236948651492,2.06,,1.71,1.6795,3.3921,15.05,16.11,,,,,,1.7116,2.06,19.1949654877983,17.8622304883366,0.01697117152558427
2004-10-15,97.57,1108.2,118.699256656884,2.07,,1.79,1.7409,3.3099,15.04,16.21,,,,,,1.7342,2.07,19.19090160696294,17.856569459578097,0.01719334372174622
2004-10-22,96.49,1095.73,117.3635954671066,2.11,,1.72,1.833,3.248,15.28,16.0,,,,,,1.755,2.11,19.28793112334714,17.991895161786967,0.01739777717642039
2004-10-29,99.51,1130.2,121.05567575673196,2.17,,1.79,1.8943,3.2818,16.27,16.05,,,,,,1.7145,2.17,19.677546187668288,18.538688586784403,0.016999683107924952
2004-11-05,102.81,1166.17,124.90842098498334,2.22,,1.76,2.0172,3.4788,13.84,14.29,,,,,,1.6662,2.22,18.68923851645439,17.16234386446457,0.016524711776741304
2004-11-12,104.13,1184.17,126.83640024849524,2.29,,2.02,2.058,3.5034,13.33,13.95,,,,,,1.6496,2.29,18.467035314878686,16.857781291169253,0.01636141900719869
2004-11-19,103.21,1170.34,125.35506951436356,2.345,,1.99,2.1298,3.5655,13.5,14.39,,,,,,1.9761,2.345,18.541736919599597,16.959968874253505,0.019568286114939618
2004-11-26,103.95,1182.65,126.6735931106876,2.4,,2.01,2.1911,3.6317,12.78,13.82,,,,,,1.9586,2.4,18.22081291017961,16.522418357810643,0.019396662550701115
2004-12-03,104.7,1191.17,127.58616996208325,2.44,,1.98,2.2015,3.5901,12.96,13.94,,,,,,1.9503,2.44,18.302176184927994,16.632990186642292,0.019315253646974166
2004-12-10,104.75,1188.0,127.24663139178696,2.48,,2.09,2.2425,3.5275,12.76,14.34,,,,,,1.9588,2.48,18.211724448420732,16.51008244467251,0.01939862412926185
2004-12-17,105.32,1194.22,127.91285533728944,2.52,,2.23,2.1912,3.5758,11.95,14.2,,,,,,1.9536,2.52,17.835183762992404,16.001696065825467,0.01934762183610923
2004-12-24,106.5,1210.13,129.6169747863158,2.54875,,2.34,2.181,3.569,11.23,13.84,,,,,,1.9346,2.54875,17.4855876677943,15.5344387074844,0.019161245184051885
2004-12-31,106.68,1211.92,129.80870161307615,2.56438,,1.97,2.2117,3.6074,13.29,14.56,,,,,,1.9361,2.56438,18.449364224247233,16.833638238629796,0.01917596039325092
2005-01-07,104.26,1186.19,127.05276236584496,2.61,,2.24,2.3142,3.713,13.49,14.52,,,14.4355,14.9491,,1.9794,2.61,18.537360508909654,16.95397653869806,0.0196006461150405
2005-01-14,104.04,1184.52,126.87388873417468,2.66,,2.29,2.3551,3.7114,12.43,13.93,,,13.8878,14.3279,,1.9836,2.66,18.06034316164655,16.305060689059815,0.019641830055270773
2005-01-21,102.7,1167.87,125.09050791542614,2.7,,2.26,2.345,3.6352,14.36,15.06,,,14.2874,14.6971,,2.0127,2.7,18.910125820768595,17.466891935923048,0.019927129349399
2005-01-28,103.25,1171.36,125.46432167262932,2.7425,,2.48,2.4475,3.6908,13.24,13.87,,,13.4644,13.9224,,2.0055,2.7425,18.42722432007574,16.803405906229923,0.01985654741109164
2005-02-04,105.65,1203.03,128.85649407681947,2.77,,2.51,2.4783,3.67,11.21,12.19,,,12.1694,12.7869,,1.9569,2.77,17.475661400411475,15.521238859851888,0.01937998897757853
2005-02-11,106.09,1205.3,129.09963368394017,2.79438,,2.5,2.5399,3.6863,11.43,11.96,,,11.8521,12.3625,,1.9589,2.79438,17.58419405994131,15.665766586911163,0.019399604917099297
2005-02-18,105.67,1201.59,128.70225573573853,2.85,,2.51,2.591,3.8722,11.18,12.13,,,11.9814,12.5273,,1.9678,2.85,17.460749346593737,15.501415968537819,0.019486891182268602
2005-02-25,106.53,1211.37,129.74979113557998,2.91,,2.54,2.7247,3.8944,11.49,11.88,,,12.3168,12.8904,,1.9576,2.91,17.613546492371793,15.704930154349372,0.019386854600180185
2005-03-04,107.6,1222.13,130.90229429532377,2.95875,,2.5,2.7452,3.9559,11.94,12.58,,,12.6271,13.1827,,1.9457,2.95875,17.830427943824866,15.99530881641985,0.019270132604866617
2005-03-11,105.56,1200.08,128.5405196975217,3.01,,2.51,2.7555,4.2169,12.8,13.77,,,13.1516,13.5151,,1.9887,3.01,18.22989168502134,16.53474417647476,0.019691836845418875
2005-03-18,104.27,1189.65,127.4233628242756,3.05,,2.7,2.7966,4.1646,13.14,14.51,,,13.908,14.307,,2.0064,3.05,18.382773001660063,16.74276154811938,0.019865370425827603
2005-03-25,102.93,1171.42,125.47074827017434,3.09,,2.75,2.8274,4.3174,13.42,14.94,,,14.2545,14.7487,,2.0332,3.09,18.506663563424322,16.91196496691922,0.02012806453181603
2005-04-01,103.13,1172.92,125.63141320880032,3.12,,2.83,2.776,4.1229,14.09,15.02,,,14.4737,15.1138,,2.0382,3.12,18.79612752125873,17.309494844926892,0.020177066988809028
2005-04-08,103.63,1181.2,126.5182836700158,3.13,,2.75,2.7658,4.1339,12.62,13.87,,,14.0593,14.7352,,2.0236,3.13,18.147831823149737,16.423446370207138,0.020033973082699094
2005-04-15,100.13,1142.62,122.3859814485552,3.15,,2.82,2.776,3.8715,17.74,17.25,,,15.9413,16.4973,,2.0933,3.15,20.227303935810177,19.319415830630096,0.020716915090039627
2005-04-22,101.33,1152.12,123.40352605985318,3.17,,2.74,2.9096,3.9161,15.38,15.52,,,15.7593,16.4548,,2.0772,3.17,19.32805363671325,18.047952524664773,0.02055920376510903
2005-04-29,101.44,1156.85,123.91015616632048,3.21,,2.97,2.8891,3.8947,15.31,15.71,,,15.7313,16.524,,2.0698,3.21,19.299986617859194,18.008732468947095,0.02048670698579568
2005-05-06,102.56,1171.35,125.46325057303842,3.23,,2.98,2.8582,3.9503,14.05,14.44,,,14.919,15.7675,,2.0486,3.23,18.779112609210273,17.286043006778243,0.02027898440834819
2005-05-13,101.29,1154.05,123.61024828088532,3.27,,3.01,2.8068,3.8161,16.32,16.82,,,16.1424,16.8526,,2.0883,3.27,19.696789994013308,18.565836312917412,0.020667939080438374
2005-05-20,104.22,1189.28,127.3837321394145,3.29,,3.01,2.8788,3.8679,13.14,14.12,,,14.3018,15.0753,15.6604,2.0317,3.29,17.580169996771733,15.6604,0.020113363326463938
2005-05-27,105.1,1198.78,128.40127675071244,3.33,,3.01,2.9402,3.8084,12.15,13.42,,,14.1152,15.0555,15.4387,2.0193,3.33,17.413528599276276,15.4387,0.01999182508342407
2005-06-03,104.95,1196.02,128.10565326364062,3.36,,2.99,2.9919,3.7279,12.15,13.67,,,14.3127,15.1569,15.4919,2.0288,3.36,17.453588574068338,15.4919,0.020084940383266258
2005-06-10,104.99,1198.11,128.32951307812615,3.4,,3.01,2.9919,3.8433,11.96,13.84,,,14.3689,15.2565,15.526,2.029,3.4,17.47924209432093,15.526,0.02008690061218179
2005-06-17,106.43,1216.96,130.34853580685945,3.43938,,2.99,2.9713,3.8612,11.48,12.97,,,13.7886,14.6209,14.9771,2.0005,3.43938,17.063992399990244,14.9771,0.019807529244949457
2005-06-24,104.27,1191.57,127.62901394571678,3.47813,,3.07,3.0845,3.6942,12.18,13.88,,,14.2009,14.8841,15.5577,2.0451,3.47813,17.503073315293754,15.5577,0.02024468643638391
2005-07-01,104.64,1194.44,127.93641952828786,3.52875,,3.36,3.1562,3.824,11.4,13.18,,,14.0823,14.9009,15.6063,2.0468,3.52875,17.539578229689283,15.6063,0.02026134559826186
2005-07-08,106.08,1211.86,129.80227501553105,3.56063,,3.22,3.1668,3.8775,11.45,12.89,,,13.491,14.245,14.8058,2.0159,3.56063,16.93337248587549,14.8058,0.01995849750072937
2005-07-15,107.37,1227.92,131.52246095842006,3.61438,,3.32,3.2388,3.9724,10.33,12.5,,,13.1081,13.8992,14.7723,1.9909,3.61438,16.907769491984247,14.7723,0.019713407629949147
2005-07-22,107.87,1233.68,132.1394143227439,3.66,,3.25,3.3624,4.0322,10.52,12.39,,,13.1765,13.964,14.8636,1.9826,3.66,16.977502033391985,14.8636,0.019632024509057648
2005-07-29,107.85,1234.18,132.19296930228597,3.7,,3.31,3.3933,4.121,11.57,12.92,,,13.6471,14.3961,15.2289,1.9837,3.7,17.25509868130971,15.2289,0.01964281060460393
2005-08-05,107.24,1226.42,131.36179601979413,3.75,,3.49,3.5067,4.2286,12.48,13.92,,,14.1955,14.9128,15.5863,2.0007,3.75,17.52456020788633,15.5863,0.019809490017729227
2005-08-12,107.34,1230.39,131.78702255735757,3.79,,3.55,3.5067,4.1145,12.74,14.1,,,14.1582,14.8356,15.4828,2.0051,3.79,17.446739452023795,15.4828,0.01985262604622138
2005-08-19,106.71,1219.71,130.64308819434046,3.82288,,3.54,3.5067,4.0759,13.42,14.17,,,14.4125,15.1554,15.4806,2.0359,3.82288,17.445083419725556,15.4806,0.020154526156825964
2005-08-26,105.16,1205.1,129.07821169212323,3.86,,3.54,3.538,4.0861,13.72,14.61,,,14.5584,15.1299,15.4557,2.0622,3.86,17.426334694543858,15.4557,0.0204122453628898
2005-09-02,106.36,1218.02,130.46207236348846,3.761,,3.49,3.4445,3.8478,13.57,14.68,,,14.7281,15.3886,15.9107,2.0464,3.761,17.767370270068177,15.9107,0.020257425820434865
2005-09-09,108.3,1241.48,132.97487200359902,3.85,,3.49,3.4655,3.9271,11.98,13.69,,,14.1189,14.9805,15.6232,2.0068,3.85,17.55226347775265,15.6232,0.01986929174072292
2005-09-16,107.76,1237.91,132.5924894496691,3.89,,3.62,3.4758,4.0564,11.22,13.84,,,14.173,15.0637,15.6423,2.0172,3.89,17.566594577215017,15.6423,0.019971240531149608
2005-09-23,105.87,1215.29,130.1696621751891,3.97,,3.76,3.4655,4.0675,12.96,14.71,,,14.6152,15.4475,16.1181,2.0473,3.97,17.921745757875545,16.1181,0.020266245298939153
2005-09-30,107.07,1228.81,131.6177888220047,4.065,,3.93,3.5376,4.1886,11.92,13.35,,,14.1761,15.062,15.8503,2.0308,4.065,17.722286941725812,15.8503,0.02010454249951136
2005-10-07,104.1,1195.9,128.09280006855045,4.115,,3.73,3.5992,4.229,14.59,15.18,,,15.2091,15.9673,16.6451,2.0929,4.115,18.311076153648223,16.6451,0.020712997097540622
2005-10-14,103.23,1186.57,127.09346415029675,4.15938,,3.77,3.7852,4.3378,14.87,15.28,,,15.4364,16.1431,16.8875,2.1081,4.15938,18.488775878142796,16.8875,0.020861870022042196
2005-10-21,102.69,1179.59,126.34583663589046,4.2,,3.76,3.8472,4.2533,16.13,15.94,,,15.7567,16.4003,17.1294,2.122,4.2,18.665266799539804,17.1294,0.02099799099560547
2005-10-28,104.07,1198.41,128.3616460658513,4.25,,3.9,3.9091,4.4483,14.25,14.62,,,15.3207,16.2319,17.212,2.0886,4.25,18.725342128637877,17.212,0.020670877708657342
2005-11-04,106.01,1220.14,130.68914547674652,4.3,,4.0,3.9505,4.56,13.17,13.65,,,14.5975,15.5496,16.5174,2.0577,4.3,18.217115916032068,16.5174,0.020368153630523397
2005-11-11,107.39,1234.71,132.24973758060028,4.34,,3.98,3.9604,4.482,11.63,12.56,,,13.862,14.9534,15.8168,2.0404,4.34,17.697257527812997,15.8168,0.020198627309196224
2005-11-18,108.46,1248.27,133.70214862577927,4.3725,,4.0,4.0021,4.4187,11.12,12.13,,,13.8085,15.1281,15.9141,1.7846,4.3725,17.769906382388033,15.9141,0.017688629671056992
2005-11-25,110.17,1268.25,135.84220560827748,4.40063,,4.03,3.9397,4.33,10.88,12.32,,,13.7612,14.3996,14.8545,1.7564,4.40063,16.970558085897594,14.8545,0.017411535619436574
2005-12-02,109.82,1265.08,135.5026670379812,4.44688,,4.0,3.9815,4.439,11.01,12.73,,,13.8198,14.3897,14.9418,1.7675,4.44688,17.03711614223672,14.9418,0.017520613717989183
2005-12-09,109.24,1259.37,134.89106917161158,4.48,,4.16,3.9298,4.4242,11.69,13.14,,,14.0779,14.6448,15.2,1.777,4.48,17.23321830589027,15.2,0.017613959399222504
2005-12-16,109.82,1267.32,135.7425933463294,4.5,,4.25,3.9195,4.3467,10.68,13.14,,,14.0734,14.6513,15.0892,1.7693,4.5,17.14920257917642,15.0892,0.01753830093720504
2005-12-23,110.01,1268.66,135.88612069150196,4.52063,,4.21,3.981,4.311,10.27,12.68,,,13.8667,14.4648,14.9108,1.7674,4.52063,17.013496372869508,14.9108,0.017519631085526646
2005-12-30,108.14,1248.29,133.70429082496094,4.53625,,4.09,4.074,4.3497,12.07,13.42,,,14.2892,14.8682,15.2922,1.8002,4.53625,17.302975414603775,15.2922,0.017841882762943344
2006-01-06,111.33,1285.45,137.68449690452223,4.55,,4.22,4.1985,4.314,11.0,12.44,,,13.5573,14.2207,14.7115,1.7535,4.55,16.861252668055993,14.7115,0.01738303577741222
2006-01-13,111.41,1287.61,137.91585441614367,4.6,,4.3,4.3222,4.285,11.23,12.74,,,13.6198,14.2273,14.6748,1.7556,4.6,16.833143365950587,14.6748,0.01740367367517772
2006-01-20,109.0,1261.48,135.1170711852789,4.62,,4.24,4.3537,4.285,14.56,14.57,,,14.508,15.0036,15.3608,1.7934,4.62,17.354786555097256,15.3608,0.017775083020686925
2006-01-27,111.11,1283.72,137.49919667530693,4.6675,,4.42,4.4366,4.4411,11.97,12.76,,,13.6327,14.1715,14.5683,1.7636,4.6675,16.751440303326593,14.5683,0.017482290336447222
2006-02-03,109.06,1264.03,135.39020158094303,4.71,,4.51,4.4676,4.4809,12.96,13.34,,,13.9711,14.4154,14.7796,1.7959,4.71,16.91335029308689,14.7796,0.017799642268153518
2006-02-10,109.3,1266.99,135.70724705983167,4.74063,,4.51,4.5298,4.5861,12.87,13.28,,,13.9224,14.3371,14.7178,1.8035,4.74063,16.866075628128637,14.7178,0.017874298676802368
2006-02-17,111.09,1287.24,137.87622373128258,4.77,,4.48,4.5292,4.5475,12.01,12.43,,,13.5516,14.113,14.5411,1.7812,4.77,16.7305416652964,14.5411,0.0176552252386787
2006-02-24,111.43,1289.43,138.11079454167654,4.81,,4.48,4.5816,4.638,11.46,12.07,,,13.4227,13.9957,14.4536,1.7856,4.81,16.66322436831914,14.4536,0.017698454291753027
2006-03-03,110.87,1287.23,137.8751526316918,4.85,,4.51,4.6023,4.7024,11.96,12.64,,,13.6413,14.1906,14.6155,1.7923,4.85,16.78767487020787,14.6155,0.017764276760718657
2006-03-10,110.57,1281.58,137.26998136286718,4.9,,4.51,4.6023,4.7639,11.85,12.9,,,13.9334,14.4011,14.7975,1.8017,4.9,16.927030851417143,14.7975,0.017856617399506433
2006-03-17,112.67,1307.25,140.01949401255342,4.93,,4.6,4.6127,4.6172,12.12,12.63,,,13.3727,13.8732,14.302,1.7694,4.93,16.54627109566463,14.302,0.01753928355132216
2006-03-24,112.26,1302.95,139.55892118849226,4.96475,,4.69,4.6334,4.657,11.19,12.27,,,13.1725,13.7282,14.1735,1.7761,4.96475,16.446815903805923,14.1735,0.017605116497787884
2006-03-31,111.45,1294.83,138.68918832073018,5.0,,5.0,4.6023,4.8104,11.39,12.22,,,13.1793,13.7428,14.1717,1.7875,5.0,16.445420636267855,14.1717,0.01771712080515834
2006-04-07,111.51,1295.5,138.76095199331644,5.02813,,4.76,4.6749,4.9107,12.26,12.53,,,12.9469,13.5089,13.925,1.7828,5.02813,16.253630498114813,13.925,0.01767094511056207
2006-04-14,110.68,1289.12,138.0775904543605,5.07688,,4.82,4.6852,4.9653,12.38,12.97,,,13.2991,13.831,14.2389,1.7931,5.07688,16.497470804397004,14.2389,0.01777213587045839
2006-04-21,112.62,1311.28,140.45114714766186,5.1,,4.74,4.7371,4.9078,11.59,12.19,,,12.9546,13.4687,13.8757,1.7637,5.1,16.215168771726752,13.8757,0.017483273005602665
2006-04-28,112.54,1310.61,140.37938347507557,5.13,,4.86,4.7578,4.9106,11.59,11.86,,,13.1614,13.6879,14.104,1.7673,5.13,16.39290026213365,14.104,0.017518648452098533
2006-05-05,113.65,1325.76,142.00209935519808,5.16625,,4.83,4.8097,4.9786,11.62,12.02,,,12.9922,13.501,13.9144,1.7498,5.16625,16.24536465716097,13.9144,0.0173466727307156
2006-05-12,110.68,1291.24,138.30466356761858,5.17,,5.01,4.8097,5.0799,14.19,13.69,,,13.6139,13.9839,14.2028,1.8083,5.17,16.46951949318118,14.2028,0.017921447221247132
2006-05-19,108.67,1267.03,135.71153145819503,5.19375,,5.0,4.8097,4.9608,17.18,15.44,,,14.4941,14.7413,14.9524,1.8457,5.19375,17.045188845773637,14.9524,0.01828873684404308
2006-05-26,109.7,1280.16,137.1178852209679,5.22688,,4.99,4.8298,4.9356,14.26,14.55,,,14.2883,14.6907,14.9795,1.8317,5.22688,17.06581891697354,14.9795,0.01815126454694926
2006-06-02,110.17,1288.22,137.98119149118492,5.27,,4.97,4.7993,4.8962,14.32,14.9,,,14.7048,15.0455,15.2913,1.8226,5.27,17.302295164401546,15.2913,0.01806189741837838
2006-06-09,106.98,1252.3,134.13380176088782,5.31,,5.0,4.8719,4.9355,18.12,17.58,,,16.0663,16.1818,16.3323,1.88,5.31,18.08049201945919,16.3323,0.018625464123164886
2006-06-16,106.85,1251.54,134.05239819198397,5.41375,,4.94,4.8615,5.0983,17.25,16.79,,,15.5322,15.7263,15.9634,1.8855,5.41375,17.80665982211133,15.9634,0.018679447746509724
2006-06-23,106.47,1244.5,133.29834408003262,5.48,,4.98,4.9549,5.2049,15.89,16.44,,,15.113,15.212,15.4005,1.8992,5.48,17.38473545672646,15.4005,0.01881390337561867
2006-06-30,108.51,1270.2,136.05107002849135,5.48063,,5.05,4.9757,5.0926,13.08,14.47,,,14.4759,14.7815,14.9311,1.8626,5.48063,17.028965352506898,14.9311,0.01845466037331285
2006-07-07,108.13,1265.48,135.54551102161489,5.51,,5.22,4.9964,5.0958,13.97,15.34,,,15.2112,15.443,15.5754,1.8712,5.51,17.516372692462927,15.5754,0.018539084263753294
2006-07-14,105.35,1236.2,132.4093314196355,5.49813,,5.26,5.0484,5.0235,18.05,17.87,,,16.5624,16.6517,16.6915,1.9168,5.49813,18.345157424180652,16.6915,0.01898660816860594
2006-07-21,105.56,1240.29,132.84741115228903,5.485,,5.23,5.0691,4.987,17.4,17.07,,,15.8167,16.0396,16.1227,1.917,5.485,17.92516220599577,16.1227,0.0189885705516847
2006-07-28,108.91,1278.55,136.9454381868427,5.48875,,5.26,5.0484,4.9106,14.33,14.99,,,14.9174,15.2865,15.5797,1.8613,5.48875,17.519602856872922,15.5797,0.01844189800228012
2006-08-04,109.06,1279.36,137.03219725370073,5.49938,,5.25,5.0691,4.8284,14.34,15.14,,,15.0718,15.3992,15.6411,1.8623,5.49938,17.565694365107035,15.6411,0.018451715225223438
2006-08-11,107.89,1266.74,135.68046957006072,5.405,,5.24,5.0587,4.9068,14.3,15.43,,,15.343,15.6639,15.9169,1.8892,5.405,17.771994810402166,15.9169,0.01871576236260688
2006-08-18,110.84,1302.3,139.4892997150876,5.39938,,5.25,5.0899,4.7811,11.64,13.16,,,14.2261,14.7282,15.1185,1.8432,5.39938,17.17143959715662,15.1185,0.01826418960558163
2006-08-25,110.03,1295.09,138.71703691009196,5.4,,5.25,5.101,4.7447,12.31,13.79,,,14.4002,14.8668,15.1957,1.8561,5.4,17.229961568351133,15.1957,0.01839084688930568
2006-09-01,111.31,1311.01,140.42222745870922,5.39063,,5.25,5.0061,4.6781,11.96,13.3,,,13.958,14.4529,14.7567,1.84,5.39063,16.895840326405274,14.7567,0.018232768261059712
2006-09-08,110.18,1298.92,139.12726805338374,5.39,,5.23,4.9238,4.7102,13.16,14.29,,,14.3434,14.7142,14.9547,1.8609,5.39,17.04694021922949,14.9547,0.018437971086116826
2006-09-15,112.01,1319.87,141.37122169619346,5.39,,5.25,4.9342,4.7497,11.76,13.64,,,13.8761,14.2689,14.6086,1.8328,5.39,16.782380295137006,14.6086,0.018162066625858553
2006-09-22,111.49,1314.78,140.82603200445593,5.37063,,5.27,4.9134,4.5421,12.59,14.14,,,14.1525,14.4783,14.7298,1.8447,5.37063,16.87526032301562,14.7298,0.018278918020966414
2006-09-29,113.12,1335.85,143.0828388423556,5.37,,5.34,4.8719,4.5777,11.98,13.71,,,13.9466,14.2412,14.5194,1.8156,5.37,16.713859545843317,14.5194,0.017993148038323394
2006-10-06,114.24,1349.58,144.55345858057885,5.37,,5.22,4.9335,4.6419,11.56,13.12,,,13.7866,14.1218,14.413,1.8044,5.37,16.631943206957903,14.413,0.017883139198216377
2006-10-13,115.48,1365.62,146.27150232428613,5.37375,,5.21,5.0484,4.757,10.75,12.32,,,13.4438,13.9168,14.2319,1.7843,5.37375,16.492052723028497,14.2319,0.017685682266026063
2006-10-20,115.6,1368.6,146.59069000235644,5.37563,,5.25,5.0795,4.7577,10.63,12.09,,,13.2624,13.6123,13.9096,1.782,5.37563,16.24162094718489,13.9096,0.01766308520550968
2006-10-27,116.42,1377.34,147.52683104475057,5.37563,,5.23,5.0899,4.6321,10.8,11.58,,,12.8801,13.3268,13.6791,1.777,5.37563,16.061336327576388,13.6791,0.017613959399222504
2006-11-03,115.06,1364.3,146.13011717829522,5.37,,5.25,5.0795,4.6887,11.16,12.13,,,13.1837,13.4947,13.8027,1.7997,5.37,16.15813388943082,13.8027,0.01783697116917536
2006-11-10,116.42,1380.9,147.9081424990896,5.37438,,5.23,5.0795,4.5677,10.79,11.76,,,12.7261,13.0982,13.4898,1.7863,5.37438,15.91252068472984,13.4898,0.017705331468809416
2006-11-17,118.11,1401.2,150.08247466849463,5.375,,5.2,5.0795,4.5959,10.05,11.1,,,12.5442,13.1109,13.5837,1.7639,5.375,15.98642496415155,13.5837,0.017485238341016635
2006-11-24,117.96,1400.95,150.05569717872365,5.37,,5.24,5.0269,4.5491,10.73,12.43,,,13.3024,13.7517,14.1498,1.7682,5.37,16.428440165401884,14.1498,0.017527492118191237
2006-12-01,117.75,1396.71,149.60155095220753,5.36563,,5.27,5.0172,4.3837,11.66,12.92,,,13.3753,13.7309,14.0768,1.7788,5.36563,16.371775460446244,14.0768,0.017631644967504488
2006-12-08,118.55,1409.84,151.00790471498033,5.35563,,5.25,4.9445,4.5174,12.07,13.49,,,13.5296,13.8375,14.1419,1.7647,5.35563,16.422312648959362,14.1419,0.017493099644047303
2006-12-15,119.88,1427.09,152.85555150917924,5.365,,5.27,4.903,4.5672,10.05,13.2,,,13.5062,13.7749,14.0247,1.7487,5.365,16.33127426362455,14.0247,0.017335861840217532
2006-12-22,118.38,1410.77,151.10751697692842,5.3625,,5.24,4.975,4.5887,11.36,13.47,,,13.9188,14.1815,14.4675,1.7727,5.3625,16.673927222467135,14.4675,0.017571709275536352
2006-12-29,119.07,1418.3,151.9140549688309,5.36,,5.17,5.0061,4.6923,11.56,13.46,,,14.0086,14.2926,14.5784,1.772,5.36,16.75919716036865,14.5784,0.017564831179471923
2007-01-05,118.07,1409.71,150.99398042029938,5.36,,5.21,5.038,4.639,12.14,13.64,,15.21,14.0618,14.4167,14.738,1.7916,5.36,16.88153510242019,14.738,0.017757399989028925
2007-01-12,120.09,1430.73,153.245431760245,5.36,,5.22,5.0788,4.7604,10.15,12.11,,14.07,13.3541,13.7321,14.1455,1.7663,5.36,16.425105075837045,14.1455,0.017508822064710817
2007-01-19,119.76,1430.5,153.2207964696557,5.36,,5.25,5.1314,4.7787,10.4,11.96,,14.18,13.107,13.4794,13.9124,1.7684,5.36,16.24380483012047,13.9124,0.017529457366701823
2007-01-26,118.99,1422.18,152.3296416100769,5.36,,5.26,5.1211,4.8639,11.13,12.14,,14.18,13.0653,13.4859,13.8287,1.7788,5.36,16.17845913940677,13.8287,0.017631644967504488
2007-02-02,121.11,1448.39,155.13699363766844,5.36,,5.24,5.1314,4.8139,10.08,11.38,,13.87,12.7732,13.2626,13.6137,1.7491,5.36,16.01000076943899,13.6137,0.0173397930866487
2007-02-09,120.28,1438.06,154.03054776033073,5.36,,5.25,5.1418,4.771,11.1,12.23,,14.28,13.1535,13.5772,13.9023,1.7682,5.36,16.235926565957875,13.9023,0.017527492118191237
2007-02-16,121.61,1455.54,155.902829845119,5.36,,5.24,5.1619,4.6743,10.02,11.32,,13.86,12.7619,13.31,13.6613,1.7498,5.36,16.04737235080917,13.6613,0.0173466727307156
2007-02-23,121.17,1451.19,155.43690152310364,5.36,,5.24,5.173,4.6498,10.58,12.0,,14.2,13.1607,13.6586,13.9805,1.7586,5.36,16.296875143159305,13.9805,0.01743315564744518
2007-03-02,115.51,1387.17,148.57972194254626,5.34625,,5.23,5.0899,4.4309,18.61,16.74,,16.41,15.0416,15.0598,15.0779,1.843,5.34625,17.140622698072672,15.0779,0.018262225800473573
2007-03-09,117.11,1402.85,150.2592061009833,5.34,,5.24,5.0795,4.5466,14.09,14.41,,15.21,13.852,14.25,14.5638,1.8285,5.34,16.747983702980907,14.5638,0.018119839653914064
2007-03-16,115.58,1386.95,148.5561577515478,5.35,,5.25,5.0172,4.4645,16.79,16.86,,15.7,14.6952,14.8568,15.0747,1.8525,5.35,17.138192609392096,15.0747,0.018355502284312323
2007-03-23,119.55,1436.11,153.82168334011698,5.34788,,5.24,5.0587,4.51,12.95,13.71,,14.21,13.21,13.8402,14.0968,1.7948,5.34788,16.38730972019253,14.0968,0.01778883627357704
2007-03-30,118.25,1420.86,152.18825646408604,5.35,,5.3,5.0276,4.5317,14.64,15.16,,14.88,13.8225,14.3045,14.5245,1.8188,5.35,16.717780971985352,14.5245,0.018024576912818696
2007-04-06,120.02,1443.76,154.6410745271095,5.35,,5.3,5.0172,4.5707,13.23,14.09,,14.39,13.4613,13.9743,14.231,1.8183,5.35,16.491356048382965,14.231,0.018019666216290402
2007-04-13,120.72,1452.85,155.61470405518298,5.35688,,5.25,4.9964,4.6851,12.2,13.48,,14.11,13.3102,13.8785,14.1227,1.8097,5.35688,16.40741571758855,14.1227,0.01793519846131453
2007-04-20,123.35,1484.35,158.98866776632886,5.355,,5.25,4.9653,4.5672,12.07,12.91,,14.08,13.0593,13.6766,13.9413,1.7717,5.355,16.266337103227908,13.9413,0.017561883409533574
2007-04-27,124.09,1494.07,160.0297765686253,5.35625,,5.24,4.9134,4.5812,12.45,12.76,,14.08,13.2042,13.7358,14.0042,1.7624,5.35625,16.315324402874133,14.0042,0.01747049823126151
2007-05-04,125.1,1505.62,161.26689659604546,5.35656,,5.24,4.8719,4.5494,12.91,13.4,,14.13,13.5415,14.1005,14.3332,1.7531,5.35656,16.5703741405633,14.3332,0.01737910470097538
2007-05-11,124.94,1505.85,161.2915318866348,5.36,,5.27,4.8304,4.585,12.95,13.68,,14.49,13.7015,14.1691,14.3986,1.7603,5.36,16.62084138495163,14.3986,0.017449861712582518
2007-05-18,126.24,1522.75,163.10169019515433,5.36,,5.24,4.7993,4.725,12.76,13.78,,14.77,13.902,14.3149,14.5664,1.7473,5.36,16.749980893092317,14.5664,0.01732210235600141
2007-05-25,125.35,1515.73,162.3497782823847,5.36,,5.29,4.8609,4.7946,13.34,14.22,,15.02,14.1251,14.4893,14.7352,1.7573,5.36,16.879392625171484,14.7352,0.01742038023284595
2007-06-01,127.19,1536.34,164.55731453910582,5.36,,5.23,4.7812,4.9212,12.78,13.76,,14.93,14.1422,14.5238,14.7858,1.7344,5.36,16.918089432880052,14.7858,0.01719530962705053
2007-06-08,124.59,1507.67,161.48647201216775,5.36,,5.26,4.7604,5.0371,14.84,15.2,,15.59,14.6652,14.8419,15.092,1.7718,5.36,17.151328237586704,15.092,0.01756286600047851
2007-06-15,126.65,1532.91,164.18992737944777,5.36,,5.26,4.5422,5.0887,13.94,15.01,,15.49,14.5909,14.8196,15.0836,1.7403,5.36,17.144950869435455,15.0836,0.017253302094926422
2007-06-22,124.42,1502.56,160.9391401212485,5.36,,5.24,4.7084,5.0095,15.75,16.4,,16.55,15.6516,15.7036,15.83,1.7784,5.36,17.707121963269945,15.83,0.01762771486824983
2007-06-29,124.01,1503.35,161.02375698892487,5.36,,5.31,4.802,4.9213,16.23,16.62,,16.74,15.7946,15.8354,15.9764,1.781,5.36,17.816345116592366,15.9764,0.017653260237317937
2007-07-06,126.22,1530.44,163.92536578051033,5.36,,5.22,4.9373,5.0867,14.72,15.83,,16.35,15.4896,15.7027,16.9648,1.7555,5.36,18.54526488467107,16.9648,0.017402690927799322
2007-07-13,127.66,1552.5,166.28821147790322,5.36,,5.25,4.9581,5.0004,15.15,16.5,,17.09,16.1707,16.3378,17.6031,1.7346,5.36,19.008502483959766,17.6031,0.017197275528490062
2007-07-20,126.43,1534.1,164.3173882307577,5.36,,5.25,4.9685,4.8383,16.95,17.69,,18.09,17.2494,17.2814,18.4715,1.765,5.36,19.629878929278558,18.4715,0.017496047616751043
2007-07-27,119.31,1458.95,156.26807480559546,5.3575,,5.25,4.8436,4.5615,24.17,21.23,,19.89,18.559,18.2377,19.3956,1.8586,5.3575,20.28055103561353,19.3956,0.018415391018915626
2007-08-03,118.08,1433.06,153.49499796491077,5.36,,5.24,4.8228,4.4835,25.16,22.97,,22.55,20.7981,20.6847,21.8087,1.8964,5.36,21.933011834551138,21.8087,0.01878642486283257
2007-08-10,118.74,1453.64,155.6993209228594,5.575,,4.68,4.5422,4.5926,28.3,25.63,,23.43,20.9946,20.9229,22.0666,1.8767,5.575,22.105930549487905,22.0666,0.01859307255027145
2007-08-17,118.65,1445.94,154.87457423791264,5.5,,4.91,3.7542,4.3585,29.99,26.25,,23.54,21.6124,21.4844,22.9187,1.8932,5.5,22.672546949121738,22.9187,0.018755019923618173
2007-08-24,121.4,1479.37,158.45526017009058,5.50563,,5.11,4.2209,4.4105,20.72,20.46,,20.57,18.9539,19.0064,20.5097,1.8525,5.50563,21.05147925359022,20.5097,0.018355502284312323
2007-08-31,120.84,1473.99,157.8790085902187,5.62125,,4.96,4.1059,4.2442,23.38,22.68,,21.71,19.977,19.8898,21.2409,1.8742,5.62125,21.549896177339633,21.2409,0.01856853278136613
2007-09-07,119.45,1453.55,155.68968102654182,5.725,,4.86,4.0545,4.0408,26.23,24.81,,22.56,20.9983,20.7024,21.8873,1.9068,5.725,21.985783724693185,21.8873,0.01888848410438547
2007-09-14,121.52,1484.25,158.97795677042046,5.64625,,5.25,3.982,4.1704,24.92,23.75,,21.91,20.3542,20.1141,21.3723,1.8654,5.64625,21.638855965665584,21.3723,0.018482148003880827
2007-09-21,124.48,1525.75,163.4230200724063,5.2025,,4.76,3.7542,4.2912,19.0,20.01,,19.96,18.3449,18.3761,19.6454,1.8175,5.2025,20.454657876938917,19.6454,0.018011809051685708
2007-09-28,124.76,1526.75,163.53013003149033,5.22875,,4.58,3.7956,4.243,18.0,18.98,,18.91,17.6923,17.9299,19.1354,1.8183,5.22875,20.098402020313625,19.1354,0.018019666216290402
2007-10-05,127.42,1557.59,166.83340116964075,5.24313,,4.77,3.9712,4.3308,16.91,18.53,,19.06,17.7739,18.1186,19.4606,1.7862,5.24313,20.325926353107377,19.4606,0.01770434901783986
2007-10-12,127.72,1561.8,167.2843340973844,5.22375,,4.75,4.1893,4.4126,17.73,19.24,,19.92,18.4967,18.7258,20.0195,1.7785,5.22375,20.714031989448742,20.0195,0.017628697394511526
2007-10-19,122.15,1500.63,160.73241790021643,5.15125,,4.77,3.8163,4.0278,22.96,23.35,,22.52,20.8931,20.9558,21.9461,1.8529,5.15125,22.025220799889137,21.9461,0.018359429524336404
2007-10-26,125.13,1535.28,164.44377798247692,4.98375,,4.8,3.9406,4.0527,19.56,20.61,,21.89,20.2531,20.47,21.6116,1.8067,4.98375,21.800400718795245,21.6116,0.017905731286762608
2007-11-02,123.1,1509.65,161.6985497311541,4.865,,4.28,3.599,3.9515,23.01,23.22,,23.33,21.5737,21.5972,22.6776,1.8447,4.865,22.512944348434313,22.6776,0.018278918020966414
2007-11-09,118.03,1453.7,155.7057475204045,4.87938,,4.49,3.2474,3.753,28.5,27.04,,25.59,23.7637,23.5537,24.578,1.9252,4.87938,23.756269414954037,24.578,0.019069024942428358
2007-11-16,118.46,1458.74,156.24558171418784,4.94875,,4.51,3.413,3.6934,25.49,26.44,,25.59,23.6549,23.6073,24.7226,1.9291,4.94875,23.849540674864063,24.7226,0.019107287564315418
2007-11-23,116.98,1440.7,154.31331805231258,5.04,,4.56,3.2167,3.4026,25.61,25.97,,25.62,23.7355,23.6466,24.8432,1.9557,5.04,23.927192777721757,24.8432,0.019368219229166577
2007-11-30,120.36,1481.14,158.64484479766938,5.13125,,4.66,3.1445,3.3818,22.87,23.93,,24.58,22.8286,22.907,24.0708,1.9064,5.13125,23.42765922151781,24.0708,0.018884558941540272
2007-12-07,122.27,1504.66,161.16407103532498,5.14063,,4.41,3.062,3.4956,20.85,22.18,,23.33,21.5934,21.8048,23.0757,1.8846,5.14063,22.776177649832544,23.0757,0.01867061426210739
2007-12-14,119.08,1467.95,157.23206443735145,4.96625,,4.24,2.8661,3.6319,23.27,24.21,,24.03,22.1261,22.1559,23.1826,1.9357,4.96625,22.846604998825995,23.1826,0.019172036358637005
2007-12-21,120.65,1484.46,159.00044986182823,4.8575,,4.28,2.9691,3.5766,18.47,21.5,,22.81,20.9438,20.9469,22.092,1.9148,4.8575,22.122924535246497,22.092,0.01896698412601329
2007-12-28,119.65,1478.49,158.36100340609676,4.72875,,4.01,3.1445,3.4911,20.74,22.56,,23.72,21.7158,21.5899,22.711,1.9299,4.72875,22.535087868167054,22.711,0.01911513612631174
2008-01-04,114.61,1411.63,151.1996315417408,4.62,,4.18,3.1858,3.1841,23.94,23.69,24.5,24.73,22.8482,23.2385,23.3737,2.0159,4.62,22.972236569709732,23.3737,0.01995849750072937
2008-01-11,113.39,1401.02,150.0631948758597,4.2575,,4.23,3.0929,3.0372,23.68,24.5,24.96,24.97,23.0037,23.3475,23.5272,2.0356,4.2575,23.072902603415955,23.5272,0.020151586010847718
2008-01-18,106.74,1325.19,141.94104667852028,3.89375,,4.17,2.8452,2.8599,27.18,25.99,26.11,25.89,23.8741,24.1759,24.2829,2.1552,3.89375,23.565353817614454,24.2829,0.02132303951097886
2008-01-25,107.45,1330.61,142.5215826567555,3.30625,,3.6,2.2486,2.7503,29.08,26.86,26.48,25.8,23.816,24.1534,24.2889,2.1473,3.30625,23.569243175947946,24.2889,0.021245703208154006
2008-02-01,112.52,1395.42,149.4633791049893,3.095,,3.12,2.0843,2.7401,24.02,24.11,24.18,24.13,21.9601,21.8805,21.8958,2.0368,3.095,21.991486835345793,21.8958,0.020163346542894322
2008-02-08,107.14,1331.29,142.59441742893262,3.08813,,3.05,2.2178,2.689,28.01,27.06,26.77,26.16,23.8145,23.5613,23.6276,2.1439,3.08813,23.138627456332184,23.6276,0.021212417388693217
2008-02-15,108.84,1350.0,144.5984447633942,3.07,,2.97,2.1868,2.7558,25.02,25.44,25.65,25.43,23.2415,23.2116,23.3003,2.1203,3.07,22.924022961475877,23.3003,0.02098134410120564
2008-02-22,109.18,1353.11,144.93155673614544,3.08,,2.97,2.187,2.8303,24.06,24.4,24.79,24.76,22.4464,22.3939,22.3532,2.1217,3.08,22.297307075972448,22.3532,0.020995053328495054
2008-02-29,107.22,1330.63,142.52372485593725,3.0575,,3.01,1.838,2.4689,26.54,26.39,26.33,25.72,23.7252,23.2713,23.1139,2.1616,3.0575,22.80135680476448,23.1139,0.021385687320675306
2008-03-07,104.12,1293.37,138.53280778046755,2.93875,,2.96,1.4384,2.4279,27.49,27.11,26.51,25.95,24.0812,23.735,23.6524,2.2356,2.93875,23.154847989560665,23.6524,0.022109767721318136
2008-03-14,103.98,1288.14,137.97262269445832,2.76375,,2.99,1.1622,2.3966,31.16,29.36,28.48,27.66,25.8795,25.3404,25.1516,2.247,2.76375,24.12519893660807,25.1516,0.02222126865109711
2008-03-21,106.54,1329.51,142.40376170176322,2.60625,,2.22,0.5701,2.3753,26.62,27.29,26.56,26.34,24.3294,24.0226,23.9035,2.1754,2.60625,23.318764265438936,23.9035,0.021520758306556285
2008-03-28,106.08,1315.22,140.8731603864529,2.6975,,2.09,1.3668,2.5033,25.71,26.24,26.24,25.69,24.2722,24.2133,24.1738,2.2068,2.6975,23.494576563689364,24.1738,0.021828025771600187
2008-04-04,110.34,1370.4,146.7834879287078,2.7275,,2.26,1.3668,2.6178,22.45,23.52,24.06,24.18,22.6078,22.7435,22.8402,2.1046,2.7275,22.620643247277922,22.8402,0.02082759203638956
2008-04-11,107.4,1332.83,142.75936676592207,2.71313,,2.37,1.1826,2.5707,23.46,24.19,24.55,24.46,22.8921,22.9483,23.0082,2.1692,2.71313,22.73165182771244,23.0082,0.021460076497475913
2008-04-18,111.63,1390.33,148.91818941325178,2.9075,,2.32,1.3463,2.8995,20.13,21.37,22.29,22.8,21.0413,21.3188,21.5028,2.0864,2.9075,21.727026892569885,21.5028,0.02064932756784592
2008-04-25,112.35,1397.84,149.7225852059726,2.9125,,2.28,1.3565,3.1761,19.59,20.58,21.68,22.27,20.5391,20.7817,20.9974,2.0755,2.9125,21.384558339241213,20.9974,0.020542549564600887
2008-05-02,113.86,1413.9,151.44277114886154,2.77,,1.88,1.4998,3.1795,18.18,19.53,20.59,21.16,19.437,19.7264,20.043,2.0398,2.77,20.73027123284506,20.043,0.02019274726791832
2008-05-09,111.71,1388.28,148.69861399712954,2.685,,1.97,1.6842,2.9648,19.41,20.87,21.91,22.21,20.3244,20.5347,20.7807,2.0887,2.685,21.23688176524154,20.7807,0.02067185724947799
2008-05-16,114.66,1425.35,152.66918018037325,2.695,,1.91,1.838,3.1076,16.47,19.57,21.2,21.99,19.9145,20.2796,20.6051,2.0391,2.695,21.116838646145737,20.6051,0.02018588717606166
2008-05-23,110.46,1375.93,147.37580600244218,2.64563,,1.99,1.8482,3.1385,19.55,22.51,23.69,23.75,21.5918,21.7989,21.9345,2.1148,2.64563,22.017443477066344,21.9345,0.020927484602996666
2008-05-30,112.63,1400.38,149.99464450204582,2.68063,,1.98,1.879,3.4177,17.83,20.53,22.04,23.0,20.8983,21.2594,21.4723,2.078,2.68063,21.706435840145975,21.4723,0.020567040939964278
2008-06-06,109.33,1360.68,145.7423791264112,2.69563,,2.01,1.833,3.175,23.56,24.2,24.82,25.21,22.8683,23.1666,23.2357,2.1413,2.69563,22.88154799661649,23.2357,0.021186962779155764
2008-06-13,109.17,1360.03,145.67275765300658,2.81375,,2.02,1.966,3.726,21.22,22.6,23.27,24.03,21.7404,21.9174,22.0395,2.1323,2.81375,22.08779200836787,22.0395,0.021098845665580405
2008-06-20,105.9,1317.93,141.16342837557042,2.80188,,1.99,1.8534,3.5936,22.87,23.57,23.78,24.12,21.9637,22.069,22.184,2.2043,2.80188,22.184423337187724,22.184,0.021803565260403637
2008-06-27,102.77,1278.38,136.92722949379842,2.79125,,1.99,1.6592,3.3476,23.44,23.93,24.29,24.42,22.4182,22.3387,22.1811,2.2838,2.79125,22.18248608207337,22.1811,0.02258111665831269
2008-07-04,101.56,1262.9,135.2691673271782,2.79125,,1.92,1.8432,3.2756,24.78,24.42,24.67,24.64,22.5819,22.4308,22.2499,2.312,2.79125,22.22842315436617,22.2499,0.022856782142927527
2008-07-11,99.54,1239.49,132.76172318502182,2.79063,,1.97,1.5774,3.2785,27.49,25.52,25.5,25.36,23.3167,23.1243,22.8162,2.3648,2.79063,22.604762783568813,22.8162,0.02337271752174167
2008-07-18,101.2,1260.68,135.0313832180117,2.79063,,1.96,1.4549,3.4093,24.05,23.8,23.97,24.27,22.3371,22.2696,22.1086,2.322,2.79063,22.134027335829412,22.1086,0.02295451761218445
2008-07-25,100.66,1257.76,134.71862213748645,2.79313,,2.13,1.7205,3.4367,22.91,23.29,23.89,24.14,22.0997,21.9708,21.8772,2.3197,2.79313,21.979006131245665,21.8772,0.022932039300089732
2008-08-01,101.18,1260.31,134.99175253315062,2.79438,,2.04,1.6592,3.2076,22.57,22.75,23.38,23.97,21.9804,21.9821,22.9326,2.301,2.79438,22.68173138572412,22.9326,0.022749262092778253
2008-08-08,103.75,1296.32,138.8487821597653,2.80375,,2.01,1.6898,3.1967,20.66,21.65,22.56,23.35,21.4213,21.5521,22.5194,2.2462,2.80375,22.40791346968839,22.5194,0.022213444430047177
2008-08-15,104.35,1298.2,139.05014888284322,2.80875,,2.08,1.833,3.0971,19.58,21.38,22.57,23.48,21.4813,21.618,22.5751,2.2462,2.80875,22.444921224903325,22.5751,0.022213444430047177
2008-08-22,103.75,1292.2,138.40748912833928,2.81,,2.02,1.6898,3.137,18.81,21.48,22.54,23.75,22.0962,22.4834,22.8748,2.2602,2.81,22.643527835266227,22.8748,0.022350359460793112
2008-08-29,102.97,1282.83,137.40386881172216,2.81063,,1.94,1.7103,3.0876,20.65,22.52,23.18,24.22,22.541,22.845,23.1246,2.2569,2.81063,22.80840712713324,23.1246,0.02231808832062648
2008-09-05,99.64,1242.31,133.06377326963866,2.81438,,1.97,1.7716,2.9821,23.06,23.73,23.97,25.04,23.3352,23.5811,23.7567,2.3351,2.81438,23.223004088116664,23.7567,0.023082536625625868
2008-09-12,100.94,1251.7,134.0695357854374,2.81875,,2.1,1.4651,2.9475,25.66,25.02,24.57,25.13,23.478,23.7221,23.8502,2.3031,2.81875,23.28401839171189,23.8502,0.022769789540664914
2008-09-19,99.94,1255.08,134.4315674471413,3.21,,1.48,0.8839,3.039,32.07,28.04,26.14,26.53,24.6148,24.7122,24.7809,2.2921,3.21,23.887094628930384,24.7809,0.0226622601361569
2008-09-26,97.41,1213.01,129.9254514684776,3.76188,,1.08,0.8432,3.0537,34.74,29.74,27.7,26.5,25.8249,25.5102,25.4248,2.361,3.76188,24.299932783096985,25.4248,0.023335594696963977
2008-10-03,88.89,1099.23,117.73848032390056,4.33375,,1.1,0.4669,2.6335,45.14,37.3,32.66,29.8,28.8674,27.7417,27.199,2.6154,4.33375,25.419918428114055,27.199,0.025817832950967165
2008-10-10,71.47,899.22,96.3154174075106,4.81875,,0.79,0.1826,2.7552,69.95,50.91,45.22,33.7,35.8894,33.3195,31.5311,3.207,4.81875,28.057566130713127,31.5311,0.03156649421642171
2008-10-17,74.87,940.55,100.74227201645212,4.41875,,0.6,0.7923,2.8316,70.33,51.13,45.79,35.63,36.8039,34.712,33.3664,3.0672,4.41875,29.138199092716146,33.3664,0.03021101668792062
2008-10-24,69.46,876.77,93.91079882607488,3.51625,,0.95,0.8432,2.581,79.13,55.3,50.85,45.01,41.5843,39.0112,37.476,3.2902,3.51625,31.488995114640876,37.476,0.0323723163244421
2008-10-31,77.58,968.75,103.76277286262084,3.02625,,0.22,0.436,2.8277,59.89,53.57,48.44,43.5,39.4084,37.6102,36.786,2.955,3.02625,31.100521013607295,36.786,0.029121813572018568
2008-11-07,75.1,930.99,99.71830080760915,2.29,,0.27,0.2841,2.5614,56.1,52.61,47.26,42.8,38.9287,36.8268,35.7673,3.0954,2.29,30.52253242939602,35.7673,0.030484587162641796
2008-11-14,69.1,873.29,93.53805616846265,2.23625,,0.34,0.1318,2.3267,66.31,59.29,53.93,48.02,42.0978,39.5998,38.6805,3.3036,2.23625,32.16149582439822,38.6805,0.032502039481853325
2008-11-21,63.53,800.03,85.69118056596913,2.1575,,0.57,0.0101,2.0275,72.67,64.35,57.71,50.96,45.278,42.6286,41.3376,3.6139,2.1575,33.620945717780536,41.3376,0.035501304721487305
2008-11-28,71.81,896.24,95.9962297294404,2.21688,,0.52,0.0406,1.9144,55.84,54.18,49.05,45.48,41.589,39.8612,38.746,3.2099,2.21688,32.19786509223067,38.746,0.03159459269091862
2008-12-05,69.98,876.07,93.8358218547162,2.18563,,0.12,0.015,1.6943,59.93,58.06,53.5,49.38,44.8467,42.5066,40.9155,3.2631,2.18563,33.39123036849368,40.9155,0.03210991431822388
2008-12-12,71.06,879.73,94.22784430496364,1.92125,,0.15,0.005,1.5109,54.28,55.14,51.92,47.42,43.1674,41.1281,39.9735,3.2529,1.92125,32.87571647245568,39.9735,0.0320111326256839
2008-12-19,70.72,887.88,95.1007904714982,1.4975,,0.11,0.015,1.3568,44.93,43.4,45.67,43.4,38.8074,37.5664,37.0187,3.2122,1.4975,31.231800711976526,37.0187,0.03161687712654926
2008-12-26,69.74,872.8,93.48557228851156,1.4675,,0.09,-0.0101,1.513,43.38,46.11,44.48,42.5,38.1677,36.9525,36.7276,3.2767,1.4675,31.067530918226556,36.7276,0.03224160806460744
2009-01-02,74.27,931.8,99.80505987446732,1.4125,,0.08,0.0791,1.6507,39.19,40.56,39.21,38.46,34.657,34.3562,34.2905,3.0343,1.4125,29.6748185321412,34.2905,0.02989175651485589
2009-01-09,71.06,890.35,95.3653520704357,1.26,,0.09,0.0558,1.5098,42.82,44.88,42.35,40.54,36.1475,35.3395,35.0504,3.1776,1.26,30.1124986008286,35.0504,0.03128158923611922
2009-01-16,68.1,850.12,91.05631841648656,1.1425,,0.19,0.1116,1.4671,46.11,48.95,47.03,44.08,38.6388,37.405,36.6836,3.3289,1.1425,31.042663861852883,36.6836,0.0327469186768147
2009-01-23,66.09,831.95,89.11013045993037,1.16938,,0.18,0.0963,1.6291,47.27,49.36,47.06,44.02,38.2531,37.42,36.7809,3.4045,1.16938,31.09764072255318,36.7809,0.03347829544873395
2009-01-30,66.01,825.88,88.4599730082905,1.18438,,0.23,0.2262,1.8751,44.84,44.6,43.78,42.52,37.1065,37.1993,36.3838,3.4081,1.18438,30.872964302992884,36.3838,0.0335131095751495
2009-02-06,69.64,868.6,93.0357104603588,1.24125,,0.23,0.2739,1.9619,43.37,43.38,41.46,40.48,34.9675,35.6586,35.0469,3.2442,1.24125,30.11048996981674,35.0469,0.031926869941073334
2009-02-13,65.81,826.84,88.56279856901115,1.2375,,0.22,0.2892,1.8727,42.93,42.47,41.8,40.63,35.148,35.1807,35.0583,3.4063,1.2375,30.117032123199447,35.0583,0.03349570266344464
2009-02-20,61.76,770.05,82.48002399263102,1.24875,,0.2,0.2689,1.8264,49.3,47.03,45.23,42.92,37.4109,36.7212,36.2557,3.6622,1.24875,30.800312789772526,36.2557,0.035967349778049267
2009-02-27,58.93,735.09,78.73545982305453,1.26438,,0.22,0.2465,1.9839,46.35,45.21,44.05,42.2,36.925,36.2566,36.0797,3.8152,1.26438,30.70035579332698,36.0797,0.037442209475866385
2009-03-06,55.19,683.38,73.19680383882113,1.2925,,0.2,0.1958,1.8783,49.33,46.48,44.11,41.12,37.4264,36.2025,35.6768,4.0287,1.2925,30.47092209472939,35.6768,0.03949663662136129
2009-03-13,60.81,756.55,81.03403954499709,1.31563,,0.15,0.1877,1.865,42.36,41.83,40.83,38.62,34.9483,34.1043,33.9142,3.6184,1.31563,29.456890102414867,33.9142,0.03554473424478755
2009-03-20,61.58,768.54,82.3182879544142,1.22281,,0.18,0.2008,1.6401,45.89,46.28,44.27,41.69,37.5042,36.2733,35.7665,3.5597,1.22281,30.52207639551305,35.7665,0.03497807201967067
2009-03-27,65.77,815.94,87.39530001499561,1.22,,0.15,0.1268,1.8025,41.04,42.09,41.54,39.49,35.8657,34.8992,34.5381,3.3609,1.22,29.81777926991054,34.5381,0.033056561438631456
2009-04-03,67.74,842.5,90.24014052826652,1.16094,,0.13,0.2008,1.8522,39.7,41.07,41.31,39.76,36.4532,35.3123,34.8954,3.3832,1.16094,30.02348098761679,34.8954,0.03327228706356085
2009-04-10,68.71,856.56,91.74610655298753,1.13125,,0.14,0.1755,1.8857,36.53,38.53,40.26,38.5,35.4308,34.6068,34.3815,3.3318,1.13125,29.727400351700634,34.3815,0.03277498400321871
2009-04-17,69.86,869.6,93.14282041944286,1.10188,,0.13,0.1298,1.8929,33.94,36.59,37.49,36.73,33.5032,32.8857,32.9207,3.282,1.10188,28.877622863990297,32.9207,0.03229292519626216
2009-04-24,69.84,866.23,92.7818598573298,1.0725,,0.16,0.0963,1.937,36.82,37.81,38.33,38.11,34.0411,33.5828,33.741,3.2968,1.0725,29.356314375674376,33.741,0.03243621192292842
2009-05-01,70.61,877.52,93.9911312953881,1.00688,,0.22,0.143,2.0106,35.3,35.84,36.38,36.24,33.1147,32.2876,32.1285,3.2411,1.00688,28.411555738913574,32.1285,0.03189684359052699
2009-05-08,74.53,929.23,99.52978727962152,0.9375,,0.17,0.1714,2.1381,32.05,32.82,33.71,33.57,30.2516,29.8468,29.7881,3.0327,0.9375,27.011770909430382,29.7881,0.02987622758494444
2009-05-15,71.17,882.88,94.56524067607828,0.82563,,0.17,0.1562,1.9981,33.12,33.22,33.85,33.05,29.9869,29.4374,29.3699,3.1919,0.82563,26.757859213358707,29.3699,0.03142017560690451
2009-05-22,71.33,887.0,95.00653370750436,0.66,,0.17,0.1734,2.201,32.63,33.04,33.72,33.15,29.1246,28.8142,28.8363,3.2043,0.66,26.432131782534164,28.8363,0.03154033285800622
2009-05-29,73.99,919.14,98.449047792464,0.65625,,0.19,0.1298,2.3399,28.92,30.43,31.8,31.52,28.2988,28.168,28.2549,3.0871,0.65625,26.07493867979457,28.2549,0.03040407596499424
2009-06-05,75.8,940.09,100.69300143527371,0.6325,,0.21,0.1775,2.8326,29.62,31.6,32.65,32.58,28.4466,28.2306,28.3061,2.9584,0.6325,26.106491634369803,28.3061,0.02915483716349255
2009-06-12,76.15,946.21,101.34851438486778,0.62438,,0.17,0.1653,2.7829,28.15,29.5,31.0,31.27,27.1214,27.1198,27.3193,2.9334,0.62438,25.494966507928627,27.3193,0.02891199116260409
2009-06-19,74.12,921.23,98.67290760694956,0.61188,,0.25,0.1684,2.8021,27.99,30.64,32.2,32.46,27.8367,28.181,28.287,2.9812,0.61188,26.094723120933807,28.287,0.02937626131011762
2009-06-26,73.98,918.9,98.42334140228388,0.5975,,0.18,0.1724,2.558,25.93,29.28,30.77,31.49,27.3107,27.5967,27.7873,2.9856,0.5975,25.78588703767049,27.7873,0.029418986642556336
2009-07-03,72.3,896.42,96.01550952207565,0.5775,,0.17,0.1562,2.4208,27.95,30.53,31.21,31.43,27.4852,27.731,27.7256,3.0347,0.5775,25.74762639982834,27.7256,0.029895638709654726
2009-07-10,70.76,879.13,94.16357832951336,0.505,,0.15,0.1674,2.2173,29.02,31.71,32.19,32.41,28.5679,28.5493,28.5128,3.0935,0.505,26.233682224549,28.5128,0.03046615746055741
2009-07-17,75.84,940.38,100.72406332340812,0.50375,,0.15,0.1623,2.4965,24.34,28.65,29.75,30.3,26.687,27.0765,27.1724,2.8952,0.50375,25.403309389695863,27.1724,0.02854080853357597
2009-07-24,79.14,979.26,104.88849853259389,0.50188,,0.15,0.1775,2.5298,23.09,26.37,27.93,28.96,25.5606,25.9438,26.1728,2.7818,0.50188,24.77518196181723,26.1728,0.027438108557490154
2009-07-31,79.69,987.48,105.76894239626432,0.47938,,0.18,0.1755,2.5144,25.92,28.4,29.06,29.8,25.7987,26.0221,26.3228,2.7504,0.47938,24.86994013915823,26.3228,0.027132560324714065
2009-08-07,81.47,1010.48,108.23247145519623,0.46125,,0.17,0.1704,2.8181,24.76,27.11,28.36,28.92,25.1852,25.5165,25.8785,2.6739,0.46125,24.58874070869622,25.8785,0.02638776038102304
2009-08-14,81.41,1004.09,107.54803881664952,0.42938,,0.15,0.1663,2.5068,24.27,27.11,28.54,29.01,25.5519,25.863,26.1684,2.6877,0.42938,24.772399670699585,26.1684,0.026522157464224295
2009-08-21,82.99,1026.13,109.90874231486082,0.39313,,0.16,0.1562,2.5638,25.01,27.77,29.3,29.93,25.8282,26.1936,26.4298,2.6347,0.39313,24.937424775119833,26.4298,0.02600589619728844
2009-08-28,83.17,1028.93,110.208650200296,0.3475,,0.14,0.1369,2.4451,24.76,28.5,29.49,30.14,26.1723,26.472,26.7595,2.6218,0.3475,25.144797890946545,26.7595,0.025880199812355592
2009-09-04,82.08,1016.4,108.86656241297354,0.31438,,0.15,0.1258,2.3515,25.26,28.48,29.67,30.54,26.3775,26.6582,26.8575,2.549,0.31438,25.206273615455796,26.8575,0.025170547141944253
2009-09-11,84.3,1042.73,111.68676763565516,0.299,,0.15,0.1349,2.3012,24.15,26.56,27.83,29.14,25.1269,25.5887,25.9411,2.4765,0.299,24.628456972053744,25.9411,0.024463318011695788
2009-09-18,86.23,1068.3,114.42556928943296,0.28938,,0.16,0.0791,2.4525,23.92,26.54,27.63,28.77,24.7727,25.2991,25.7621,2.3923,0.28938,24.51480638933716,25.7621,0.023641328477506798
2009-09-25,84.61,1044.38,111.86349906814378,0.2825,,0.13,0.0963,2.365,25.61,27.21,28.47,29.43,25.4952,25.8435,26.159,2.4453,0.2825,24.76645516471784,26.159,0.024158811607388555
2009-10-02,83.04,1025.21,109.81020115250357,0.28406,,0.13,0.0882,2.2053,28.68,28.8,29.66,30.25,26.0441,26.2972,26.5234,2.4511,0.28406,24.996383717739455,26.5234,0.02421542558402796
2009-10-09,86.8,1071.49,114.7672500589109,0.28438,,0.12,0.0639,2.3481,23.12,25.08,26.75,27.92,24.1651,24.6678,25.023,2.3441,0.28438,24.042730708821395,25.023,0.023170479123014957
2009-10-16,87.94,1087.68,116.50136029648075,0.28406,,0.12,0.0568,2.3513,21.43,24.4,26.32,27.41,23.6092,24.1573,24.5501,2.313,0.28406,23.738252149236057,24.5501,0.02286655611971441
2009-10-23,87.53,1079.6,115.63591182708213,0.28188,,0.11,0.0507,2.4459,22.27,24.31,26.28,27.36,23.6452,24.0204,24.2999,2.3323,0.28188,23.576372837860834,24.2999,0.023055175160144072
2009-10-30,83.96,1036.2,110.9873396028367,0.28063,,0.11,0.0446,2.3084,30.69,29.07,29.49,29.52,25.5354,25.4696,25.4506,2.4256,0.28063,24.316401706390863,25.4506,0.023966495372523402
2009-11-06,86.66,1069.3,114.53267924851691,0.27406,,0.12,0.0416,2.2947,24.19,25.88,27.47,28.4,24.5489,24.8739,25.028,2.3218,0.27406,24.04593971919889,25.028,0.02295256299640816
2009-11-13,88.71,1093.48,117.12259805916796,0.2725,,0.12,0.0517,2.2543,23.36,25.6,27.56,28.56,24.8053,25.1793,25.3832,2.2675,0.2725,24.273366549069383,25.3832,0.022421743434730135
2009-11-20,88.59,1091.38,116.89766714509156,0.26219,,0.11,0.0051,2.1769,22.19,24.66,27.19,28.68,24.608,24.9661,25.1959,2.2731,0.26219,24.153575069960535,25.1959,0.022476500289862065
2009-11-27,88.55,1091.49,116.9094492405908,0.25563,,0.12,0.0152,2.0391,24.85,26.04,27.99,28.84,25.0733,25.1727,25.3052,2.2673,0.25563,24.223515863352443,25.3052,0.02241978777730656
2009-12-04,90.05,1105.98,118.4614725477179,0.25656,,0.12,0.0385,2.2416,21.25,24.76,26.94,28.26,24.6448,24.8544,25.1197,2.1904,0.25656,24.10475528108062,25.1197,0.02166755390569211
2009-12-11,90.05,1106.41,118.50752983012404,0.25363,,0.12,0.0203,2.2487,21.59,25.12,26.96,27.78,24.3579,24.5585,24.8604,2.1819,0.25363,23.93825733047643,24.8604,0.021584372378597675
2009-12-18,89.6,1102.47,118.08551659133308,0.25125,,0.12,0.0365,2.2727,21.68,24.52,26.18,27.3,23.9445,24.1542,24.4499,2.1877,0.25125,23.673488846911404,24.4499,0.021641132288110217
2009-12-25,91.58,1126.48,120.65722670893986,0.25063,,0.11,0.0395,2.5357,19.47,22.41,24.56,26.01,22.5919,23.0468,23.4313,2.1075,0.25063,23.010036578239475,23.4313,0.02085599387937727
2010-01-01,90.66,1115.1,119.43831537456396,0.25063,,0.05,0.0477,2.6788,21.68,23.89,25.66,26.33,22.8031,23.1442,23.4809,2.1158,0.25063,23.04256187076732,23.4809,0.020937277454802502
2010-01-08,93.17,1144.98,122.6387609519938,0.25125,,0.11,0.0395,2.5912,18.13,21.0,22.92,24.18,20.7741,21.2692,21.5991,2.0451,0.25125,21.791977067467638,21.5991,0.02024468643638391
2010-01-15,92.42,1136.03,121.68012681819202,0.25125,,0.12,0.0517,2.4159,17.91,21.48,23.02,24.07,20.4967,20.7458,20.9198,2.0621,0.25125,21.331733961907144,20.9198,0.020411265567735575
2010-01-22,89.05,1091.76,116.9383689295435,0.24906,,0.11,0.0436,2.3414,27.31,26.29,26.18,26.42,22.511,22.4642,22.3,2.1474,0.24906,22.26184475307177,22.3,0.021246682186071696
2010-01-29,87.38,1073.87,115.0221717615308,0.24906,,0.12,0.069,2.3232,24.62,25.38,25.69,26.43,22.4947,22.6929,22.6548,2.1798,0.24906,22.497822193969554,22.6548,0.02156382058244337
2010-02-05,86.5,1066.19,114.19956727576572,0.24969,,0.13,0.0852,2.2333,26.11,26.0,26.65,27.16,23.2,23.2593,23.3074,2.1667,0.24969,22.928688876340747,23.3074,0.02143560698428587
2010-02-12,88.07,1075.51,115.19783209442856,0.25,,0.12,0.0872,2.3304,22.73,24.46,25.58,26.27,22.6495,22.6651,22.792,2.1486,0.25,22.588744366139466,22.792,0.021258429846329495
2010-02-19,90.3,1109.17,118.80315331719584,0.25194,,0.13,0.0943,2.4491,20.02,22.31,23.53,24.36,20.8878,21.1541,21.4317,2.0619,0.25194,21.679011038057148,21.4317,0.020409305974547123
2010-02-26,90.07,1104.49,118.30187870868272,0.25169,,0.13,0.1146,2.3018,19.5,21.65,23.01,24.01,20.5345,20.7362,21.006,2.0495,0.25169,21.39040859424289,21.006,0.020287803696719866
2010-03-05,92.77,1138.7,121.9661104089462,0.25363,,0.17,0.143,2.3382,17.42,20.23,22.15,23.18,19.5857,20.0002,20.3603,1.9857,0.25363,20.948920776453658,20.3603,0.019662421389359523
2010-03-12,93.97,1149.99,123.17538184700447,0.25719,,0.17,0.142,2.4051,17.58,20.27,22.32,23.34,19.9688,20.3166,20.6798,1.8643,0.25719,21.167946172091437,20.6798,0.018471349381981212
2010-03-19,94.77,1159.9,124.23684154152689,0.2775,,0.18,0.144,2.4559,16.97,19.95,21.84,23.33,19.7383,20.2085,20.6146,1.8493,0.2775,21.123341674566667,20.6146,0.01832408380887162
2010-03-26,95.36,1166.59,124.95340716779876,0.28875,,0.17,0.1349,2.5871,17.77,20.06,21.73,22.99,19.8307,20.3365,20.6906,1.8394,0.28875,21.175330136676813,20.6906,0.018226876649045914
2010-04-02,96.2,1178.1,126.18624279685557,0.2915,,0.17,0.1521,2.5873,17.47,19.9,21.7,23.13,19.7771,20.2904,20.6781,1.8235,0.2915,21.166783764755817,20.6781,0.01807073628148458
2010-04-09,97.74,1194.37,127.92892183115214,0.29781,,0.19,0.1471,2.6248,16.14,18.62,20.9,22.67,19.1876,19.94,20.4644,1.7996,0.29781,21.020408486061598,20.4644,0.01783598884752691
2010-04-16,97.56,1192.13,127.68899552280402,0.30531,,0.21,0.1511,2.4661,18.36,20.23,22.3,24.32,20.3441,21.0465,21.5115,1.8042,0.30531,21.732898628009373,21.5115,0.01788117464465626
2010-04-23,99.36,1217.28,130.3828109937665,0.32063,,0.2,0.1501,2.5881,16.62,19.39,22.08,23.81,20.0539,20.7897,21.2671,1.7675,0.32063,21.567648524317335,21.2671,0.017520613717989183
2010-04-30,97.0,1186.69,127.10631734538704,0.34656,,0.2,0.1542,2.4164,22.05,23.67,25.26,26.8,22.1433,22.5964,22.8724,1.8129,0.34656,22.6419408361077,22.8724,0.017966629157123968
2010-05-07,90.73,1110.89,118.98738244682012,0.42813,,0.2,0.1197,2.1635,40.95,36.62,35.3,35.11,29.2761,29.2225,29.0373,1.9409,0.42813,26.555061972098205,29.0373,0.01922304760760945
2010-05-14,93.05,1135.68,121.6426383325124,0.44506,,0.2,0.145,2.1556,31.24,30.8,30.8,30.66,26.2654,26.0432,26.0726,1.9031,0.44506,24.711783038400952,26.0726,0.018852175760184265
2010-05-21,88.89,1087.69,116.50243139607144,0.49688,,0.2,0.1521,2.0218,40.1,37.4,36.87,37.34,31.3252,31.2649,31.3871,1.9903,0.49688,27.971906881063134,31.3871,0.0197075247348588
2010-05-28,89.22,1089.41,116.68666052569591,0.53625,,0.19,0.1552,2.0919,32.07,32.0,32.16,33.7,26.9669,27.4494,27.7381,1.9919,0.53625,25.755380026132254,27.7381,0.019723212378192703
2010-06-04,87.37,1064.88,114.05925322936548,0.53656,,0.19,0.1207,1.9826,35.48,34.37,34.26,34.52,28.0206,28.058,28.1322,2.0454,0.53656,25.999245149564818,28.1322,0.02024762630864646
2010-06-11,89.28,1091.6,116.92123133608985,0.53706,,0.18,0.069,2.0285,28.79,30.95,31.97,32.22,26.855,27.2026,27.3829,1.9977,0.53706,25.53459845438611,27.3829,0.019780078022338908
2010-06-18,91.35,1117.51,119.6964503759562,0.53819,,0.18,0.0943,2.0114,23.95,27.96,28.94,30.06,24.0297,24.5175,24.8471,1.9526,0.53819,23.929701823634755,24.8471,0.01933781340458524
2010-06-25,88.43,1076.77,115.33279064287422,0.53469,,0.16,0.1268,1.9013,28.53,30.7,32.46,33.78,26.174,26.3764,26.4931,2.028,0.53469,24.977305222583897,26.4931,0.020077099429178923
2010-07-02,83.46,1022.58,109.52850196011248,0.53363,,0.18,0.1603,1.8157,30.12,33.29,35.16,36.61,29.1937,29.2372,29.2695,2.1484,0.53363,26.696722727342348,29.2695,0.02125647191253702
2010-07-09,88.25,1077.96,115.46025149418416,0.52681,,0.18,0.145,1.8353,24.98,28.17,30.91,32.94,26.2825,26.8597,27.0813,2.0398,0.52681,25.346385602879547,27.0813,0.02019274726791832
2010-07-16,87.47,1064.88,114.05925322936552,0.52125,,0.19,0.145,1.6669,26.25,30.6,32.76,34.97,28.0512,28.4211,28.5698,2.0689,0.52125,26.268702642618138,28.5698,0.02047788945144276
2010-07-23,90.55,1102.66,118.10586748355888,0.49313,,0.19,0.145,1.7321,23.47,26.99,29.65,31.95,25.6359,26.2241,26.5291,2.0046,0.49313,24.999971932736067,26.5291,0.0198477243185094
2010-07-30,90.37,1101.6,117.99233092692982,0.45375,,0.18,0.14,1.5964,23.5,27.14,28.53,30.67,24.5433,24.9729,25.2108,2.0074,0.45375,24.163115463603443,25.2108,0.01987517368423471
2010-08-06,92.12,1121.64,120.13881450697312,0.41125,,0.18,0.1369,1.5046,21.74,26.12,28.15,30.18,24.3432,24.7074,24.9081,1.9774,0.41125,23.968928876709597,24.9081,0.019581034118773998
2010-08-13,88.54,1079.25,115.59842334140257,0.36938,,0.19,0.1471,1.4516,26.24,29.97,31.59,33.25,26.894,27.1207,27.2191,2.0614,0.36938,25.43246528993183,27.2191,0.020404406974775895
2010-08-20,88.06,1071.69,114.78867205072756,0.32922,,0.2,0.145,1.4537,25.49,29.54,31.42,33.64,27.384,27.5243,27.5553,2.0788,0.32922,25.64187507565532,27.5553,0.0205748780533987
2010-08-27,87.53,1064.59,114.02819134123116,0.29688,,0.19,0.1379,1.4908,24.45,28.4,30.58,33.63,26.9876,27.3742,27.5157,2.0997,0.29688,25.617253571002433,27.5157,0.020779600882423258
2010-09-03,90.8,1104.51,118.30402090786431,0.29281,,0.19,0.1247,1.4819,21.31,25.31,28.21,31.43,25.4282,26.0318,26.3028,2.031,0.29281,24.857316093703602,26.3028,0.020106502690002668
2010-09-10,91.31,1109.55,118.84385510164768,0.29219,,0.18,0.1318,1.5785,21.99,25.59,27.96,31.22,25.086,25.6324,25.8073,2.0234,0.29219,24.543529424854984,25.8073,0.02003201275003064
2010-09-17,92.53,1125.59,120.56189884535496,0.29156,,0.21,0.1471,1.4339,22.01,25.12,27.63,30.75,24.6543,25.0954,25.2583,1.9995,0.29156,24.19351698201491,25.2583,0.019797725323380748
2010-09-24,94.47,1148.67,123.03399670101363,0.28938,,0.21,0.14,1.3453,21.71,24.75,28.03,29.75,24.3947,24.9038,25.0476,1.958,0.28938,24.05851698796934,25.0476,0.019390777791932073
2010-10-01,94.39,1146.24,122.77371950043954,0.29063,,0.2,0.1501,1.2565,22.5,25.7,28.94,31.02,25.0495,25.4184,25.5821,1.9637,0.29063,24.400256198213153,25.5821,0.019446681602085524
2010-10-08,95.9,1165.15,124.79916882671787,0.28906,,0.18,0.1146,1.1041,20.71,24.06,27.75,30.22,24.4845,24.9489,25.146,1.9665,0.28906,24.121610704967445,25.146,0.01947414197823556
2010-10-15,97.1,1176.19,125.98166277500522,0.28906,,0.2,0.1349,1.188,19.03,23.2,26.86,29.15,24.0946,24.4999,24.8092,1.9487,0.28906,23.90531350145756,24.8092,0.019299559602373333
2010-10-22,97.57,1183.08,126.71965039309394,0.28844,,0.19,0.1197,1.1454,18.78,21.65,25.52,28.29,22.8652,23.3079,23.5689,1.9394,0.28844,23.100211958792194,23.5689,0.019208333091297408
2010-10-29,97.49,1183.26,126.73893018572905,0.28594,,0.2,0.1105,1.1661,21.2,22.95,25.62,27.31,22.6426,22.7665,22.806,1.94,0.28594,22.59801190725147,22.806,0.019214218923804288
2010-11-05,100.98,1225.85,131.3007433431164,0.28563,,0.18,0.1146,1.0915,18.26,20.66,23.8,25.82,21.1243,21.4744,21.6154,1.8758,0.28563,21.80296118815016,21.6154,0.018584238302838844
2010-11-12,98.79,1199.21,128.44733403311878,0.28438,,0.19,0.1247,1.3645,20.61,22.93,25.78,27.6,22.4668,22.6548,22.748,1.9236,0.28438,22.55960549569785,22.748,0.019053327032997124
2010-11-19,99.02,1199.73,128.50303121184243,0.28438,,0.21,0.1298,1.5169,18.04,21.4,25.0,27.01,22.2237,22.4417,22.5936,1.9327,0.28438,22.45720614040319,22.5936,0.019142605608209608
2010-11-26,97.78,1189.4,127.39658533450476,0.29438,,0.2,0.1521,1.5281,22.22,21.81,26.08,28.06,22.916,23.061,23.2013,1.9558,0.29438,22.85891375322072,23.2013,0.019369200046825213
2010-12-03,101.11,1224.71,131.17863798976063,0.30344,,0.18,0.1318,1.6141,18.01,21.0,24.09,26.41,21.7053,22.0232,22.2521,1.9067,0.30344,22.229891293619584,22.2521,0.018887502815118567
2010-12-10,102.55,1240.4,132.85919324778854,0.30156,,0.16,0.1166,1.9826,17.61,19.84,22.63,25.4,20.362,20.8078,21.1378,1.8825,0.30156,21.479967938625713,21.1378,0.01865000249504515
2010-12-17,102.76,1243.91,133.23514920417338,0.30375,,0.2,0.1014,1.9544,16.11,20.29,23.12,25.85,20.6373,20.9983,21.2806,1.8952,0.30375,21.576792891247813,21.2806,0.018774648126205405
2010-12-24,103.96,1256.77,134.61258327799354,0.30281,,0.19,0.1318,2.0485,16.47,20.44,23.4,26.14,20.8425,21.1935,21.5059,1.8763,0.30281,21.72911921057686,21.5059,0.01858914622771423
2010-12-31,103.96,1257.64,134.70576894239662,0.30281,,0.13,0.1197,2.006,17.75,20.9,23.75,26.32,21.3722,21.5905,21.9135,1.8762,0.30281,22.003360366192272,21.9135,0.01858816464466617
2011-01-07,105.17,1271.5,136.1903129753008,0.30313,,0.17,0.1349,1.9593,17.14,20.29,22.92,25.57,20.7772,21.1044,21.4407,1.8576,0.30313,21.68509191464452,21.4407,0.018405573439361243
2011-01-14,106.99,1293.24,138.5188834857869,0.30313,,0.16,0.145,1.9188,15.46,18.37,21.33,24.48,19.5868,20.1339,20.5277,1.8289,0.30313,21.063818927087645,20.5277,0.0181237678195491
2011-01-21,106.18,1283.35,137.45956599044618,0.30313,,0.17,0.1501,2.0112,18.47,19.97,22.25,24.92,20.1069,20.5577,20.9342,1.8456,0.30313,21.341541333140103,20.9342,0.01828775496607382
2011-01-28,105.5,1276.34,136.70872517726735,0.30438,,0.17,0.14,1.9144,20.04,20.59,22.34,24.14,19.372,19.8834,20.3325,1.8577,0.30438,20.929809404286004,20.3325,0.01840655520165401
2011-02-04,108.46,1310.87,140.40723206443772,0.3115,,0.17,0.145,2.2601,15.93,18.33,20.6,22.82,18.1767,18.593,19.2534,1.8107,0.3115,20.181107351615683,19.2534,0.017945020659876243
2011-02-11,110.13,1329.15,142.36520211649324,0.313,,0.15,0.1116,2.3556,15.69,17.86,19.85,22.28,17.453,17.9766,18.4792,1.791,0.313,19.63534464750512,18.4792,0.01775150557565566
2011-02-18,111.39,1343.01,143.84974614939745,0.3125,,0.15,0.0892,2.2688,16.43,18.9,20.92,23.02,18.1623,18.5559,19.0356,1.7801,0.3125,20.028320688247604,19.0356,0.017644417683411462
2011-02-25,109.42,1319.88,141.3722927957846,0.3105,,0.15,0.1247,2.1615,19.22,20.57,22.71,24.46,19.4213,19.7062,19.952,1.8212,0.3105,20.667352115620567,19.952,0.018048147920480363
2011-03-04,109.54,1321.15,141.5083224438213,0.3095,,0.15,0.1105,2.1815,19.06,20.8,22.67,24.25,20.0342,20.2358,20.4596,1.8204,0.3095,21.017114881997664,20.4596,0.018040290979658802
2011-03-11,108.36,1304.28,139.7013774340743,0.3095,,0.13,0.069,2.055,20.08,21.87,23.69,25.24,20.5797,20.7893,20.9714,1.8508,0.3095,21.36686668153578,20.9714,0.018338811342142613
2011-03-18,106.11,1279.21,137.01613075983852,0.309,,0.15,0.0639,1.9351,24.44,24.34,25.36,26.37,21.7175,21.7709,21.8893,1.8878,0.309,21.987125699227246,21.8893,0.0187020218521467
2011-03-25,109.09,1313.8,140.72106424455393,0.3075,,0.13,0.0801,2.1551,17.91,20.03,22.15,23.78,19.7357,20.1199,20.4811,1.8407,0.3075,21.031865485623925,20.4811,0.018239641764538468
2011-04-01,110.57,1332.41,142.71438058310713,0.301,,0.11,0.0558,2.2367,17.4,19.59,21.76,23.46,19.3388,19.8387,20.1585,1.8207,0.301,20.809993704701824,20.1585,0.018043237339701056
2011-04-08,110.23,1328.17,142.26023435659098,0.28525,,0.09,0.0355,2.3068,17.87,20.05,22.32,24.29,19.8579,20.3466,20.6498,1.8394,0.28525,21.147428438312136,20.6498,0.018226876649045914
2011-04-15,109.82,1319.68,141.3508708039679,0.27475,,0.12,0.0608,2.1196,15.32,19.17,21.88,23.86,19.573,20.0736,20.4136,1.8568,0.27475,20.98553815434636,20.4136,0.018397719306320046
2011-04-22,110.84,1337.39,143.24778817934546,0.27375,,0.1,0.0507,2.1124,14.69,18.35,21.21,23.34,18.9399,19.5259,19.9225,1.8332,0.27375,20.64693482189555,19.9225,0.01816599462562288
2011-04-29,113.23,1363.61,146.0562113065278,0.273,,0.09,0.0355,1.967,14.75,17.5,20.25,22.45,18.3446,19.0115,19.4871,1.7993,0.273,20.344411077353843,19.4871,0.017833041876791796
2011-05-06,111.13,1340.2,143.5487671643715,0.267,,0.09,0.0051,1.858,18.4,19.91,22.04,23.76,19.4741,20.0448,20.4492,1.8409,0.267,21.009977859624396,20.4492,0.018241605613997625
2011-05-13,111.09,1337.77,143.2884899637974,0.2605,,0.09,0.0203,1.8343,17.07,19.07,21.44,23.45,19.4834,20.0842,20.5096,1.8548,0.2605,21.05141068980786,20.5096,0.018378083703830404
2011-05-20,110.57,1333.27,142.80649514791938,0.2575,,0.1,0.0406,1.7923,17.43,19.05,21.43,23.96,19.324,20.0096,20.5231,1.8684,0.2575,21.060665796810543,20.5231,0.01851159819820515
2011-05-27,110.75,1331.1,142.5740665367071,0.25388,,0.1,0.0406,1.7173,15.98,18.13,20.63,22.74,18.7298,19.3537,19.9861,1.8761,0.25388,20.690940638497725,19.9861,0.018587183060654603
2011-06-03,107.94,1300.16,139.26008440264832,0.252,,0.11,0.0305,1.5961,17.95,19.47,21.59,24.63,19.294,19.8192,20.3928,1.923,0.252,20.971252227000303,20.3928,0.019047440253428548
2011-06-10,105.7,1270.98,136.13461579657732,0.2485,,0.09,0.0407,1.5595,18.86,20.11,25.1,22.43,19.5636,19.9926,20.4264,1.9711,0.2485,20.99432709212566,20.4264,0.01951925381637409
2011-06-17,105.88,1271.5,136.19031297530094,0.2465,,0.1,0.0254,1.5277,21.85,22.44,23.82,24.94,20.919,21.257,21.587,1.9816,0.2465,21.783821431167617,21.587,0.01962221886669484
2011-06-24,105.72,1268.45,135.86362760009476,0.24625,,0.08,0.0051,1.3731,21.1,21.92,23.62,25.53,21.2235,21.6807,21.9088,1.9871,0.24625,22.00020781831348,21.9088,0.01967614870986522
2011-07-01,111.63,1339.67,143.49199888605696,0.24575,,0.08,0.0153,1.7795,15.87,17.93,20.43,23.04,18.5016,19.2216,19.7786,1.8947,0.24575,20.547195651155917,19.7786,0.018769741111677198
2011-07-08,112.22,1343.8,143.93436301707388,0.24605,,0.07,0.0203,1.5771,15.95,17.96,20.35,22.47,18.684,19.387,19.8738,1.8926,0.24605,20.613207006875996,19.8738,0.01874913138771428
2011-07-15,109.98,1316.14,140.9717015488106,0.24975,,0.06,0.0051,1.4393,19.53,20.94,22.72,24.42,20.2518,20.7596,21.0672,1.9356,0.24975,21.43201770392122,21.0672,0.019171055347577577
2011-07-22,112.16,1345.02,144.0650371671564,0.253,,0.06,0.0304,1.5049,17.52,19.2,21.57,23.17,19.2171,19.9084,20.3598,1.8904,0.253,20.948577123277637,20.3598,0.018727539792732503
2011-07-29,107.77,1292.28,138.41605792506644,0.2555,,0.11,0.0915,1.3556,25.25,22.91,23.63,25.04,20.7353,21.0366,21.3572,1.9694,0.2555,21.628642290609356,21.3572,0.01950258228717769
2011-08-05,100.18,1199.38,128.4655427261632,0.27161,,0.08,0.0051,1.25,32.0,29.59,28.81,29.06,25.2219,25.0551,24.8759,2.1291,0.27161,23.948226116711968,24.8759,0.021067513265036187
2011-08-12,98.42,1178.81,126.26229086780538,0.29006,,0.1,0.0102,0.9583,36.36,32.75,31.19,30.67,25.3526,24.971,24.8275,2.1721,0.29006,23.917090936394246,24.8275,0.02148846038267381
2011-08-19,94.01,1123.53,120.34125232964206,0.303,,0.09,0.0,0.8956,43.05,37.9,35.13,33.69,27.3354,26.5934,25.9401,2.2894,0.303,24.627822777219585,25.9401,0.022635864787602347
2011-08-26,98.36,1176.8,126.0469998500465,0.32278,,0.09,-0.0051,0.9359,35.59,34.41,33.25,33.36,26.3977,25.7037,25.2281,2.1893,0.32278,24.174190216648668,25.2281,0.021656789627243607
2011-09-02,97.79,1173.97,125.74387866583884,0.33056,,0.08,0.0153,0.8604,33.92,33.79,32.99,33.23,26.3223,25.6364,25.1119,2.2032,0.33056,24.09975520772889,25.1119,0.02179280244592755
2011-09-09,96.85,1154.23,123.62952807352076,0.33794,,0.09,0.0051,0.8023,38.52,36.64,35.32,34.62,28.1529,27.1291,26.4826,2.2453,0.33794,24.970692172920383,26.4826,0.02220464210819022
2011-09-16,101.85,1216.01,130.24678134572997,0.35133,,0.09,0.0,0.9094,30.98,32.95,33.02,33.09,26.5764,26.0006,25.4823,2.1391,0.35133,24.336629191710557,25.4823,0.021165423757300655
2011-09-23,94.96,1136.43,121.7229708018256,0.36022,,0.08,-0.0051,0.8701,41.25,39.55,37.92,36.27,29.9382,28.7779,28.0223,2.2874,0.36022,25.93135482566142,28.0223,0.02261631222836724
2011-09-30,94.64,1131.42,121.18634990681475,0.37433,,0.06,0.0203,0.9518,42.96,41.24,39.23,37.96,30.8357,29.5617,28.7375,2.3021,0.37433,26.371602151646158,28.7375,0.022760014618033345
2011-10-07,97.08,1155.46,123.76127332319402,0.39111,,0.07,0.0051,1.0809,36.2,37.31,37.25,36.48,29.9275,28.983,28.3453,2.2387,0.39111,26.13063655917364,28.3453,0.02214008938032602
2011-10-14,102.48,1224.58,131.1647136950798,0.40472,,0.07,0.0101,1.1105,28.24,30.39,31.67,32.26,26.3077,26.0866,25.8641,2.1167,0.40472,24.579600188548604,25.8641,0.020946090939434045
2011-10-21,103.83,1238.25,132.628906835758,0.41833,,0.07,0.0153,1.0668,31.32,31.97,32.98,33.54,27.1868,26.9252,26.7303,2.0977,0.41833,25.12646618793598,26.7303,0.02076001199441525
2011-10-28,107.67,1285.09,137.64593731925237,0.42944,,0.07,0.0,1.1305,24.53,26.52,28.31,29.44,23.3159,23.6201,23.8612,2.0225,0.42944,23.2911913194193,23.8612,0.020023191205466345
2011-11-04,105.15,1253.23,134.23341402283626,0.4375,,0.08,-0.0051,0.8747,30.16,31.23,32.46,33.01,26.1564,26.1535,26.185,2.0799,0.4375,24.782895684165922,26.185,0.020585653984084098
2011-11-11,106.03,1263.86,135.37199288789913,0.45722,,0.08,0.0,0.9064,30.04,31.6,33.31,33.47,26.367,26.384,26.5812,2.0704,0.45722,25.0327576242445,26.5812,0.02049258529883742
2011-11-18,102.04,1215.65,130.2082217604597,0.48778,,0.08,0.0,0.9222,32.0,34.2,35.55,35.87,28.7938,28.6417,28.6312,2.1663,0.48778,26.30640044910927,28.6312,0.02143169180661021
2011-11-25,96.96,1158.67,124.1050962918536,0.51806,,0.07,0.0153,0.9311,34.47,36.45,37.83,37.25,30.3005,29.663,29.4696,2.2729,0.51806,26.81850082362843,29.4696,0.02247454473952131
2011-12-02,104.52,1244.28,133.27477988903448,0.52833,,0.08,-0.0051,0.9135,27.52,29.85,31.53,32.61,26.3241,26.5245,26.6366,2.1252,0.52833,25.067596556501034,26.6366,0.02102932557449088
2011-12-09,105.8,1255.19,134.44334954264085,0.54175,,0.07,0.0,0.8911,26.38,29.53,31.25,32.09,26.0225,26.2607,26.3512,2.1185,0.54175,24.88786081350878,26.3512,0.020963717675668018
2011-12-16,102.26,1219.66,130.63773269638645,0.56315,,0.07,-0.0051,0.7992,24.29,29.03,31.92,32.81,26.6986,27.0924,27.2325,2.1728,0.56315,25.44082815553225,27.2325,0.021495311544606432
2011-12-23,106.41,1265.33,135.52944452775253,0.57575,,0.08,-0.0051,0.9763,20.73,25.22,27.96,29.49,24.0658,24.7079,25.0721,2.0967,0.57575,24.07423397990453,25.0721,0.020750217406512658
2011-12-30,105.76,1257.61,134.70255564362407,0.581,,0.04,0.0102,0.8318,23.4,26.86,28.34,30.07,24.1349,24.5571,24.768,2.1164,0.581,23.878787621334,24.768,0.020943153119854358
2012-01-06,107.6,1277.81,136.86617681712082,0.5815,,0.07,0.0051,0.8541,20.63,24.09,26.73,28.29,22.6225,23.3017,23.6669,2.0934,0.5815,23.164329153139448,23.6669,0.02071789458576584
2012-01-13,108.84,1289.09,138.07437715558825,0.567,,0.09,0.0203,0.7896,20.91,24.67,26.98,28.44,22.89,23.3684,23.5989,2.0778,0.567,23.119849055859714,23.5989,0.020565081652008706
2012-01-20,110.68,1315.38,140.89029797990656,0.5611,,0.09,0.0407,0.8863,18.28,22.82,25.42,27.39,21.622,22.312,22.7401,2.0383,0.5611,22.554371763236556,22.7401,0.020178047013456647
2012-01-27,110.83,1316.33,140.99205244103635,0.5511,,0.09,0.0508,0.749,18.53,21.4,24.13,26.27,20.8081,21.5403,21.9716,2.0481,0.5511,22.042312704829058,21.9716,0.02027408477008847
2012-02-03,113.06,1344.9,144.0521839720662,0.527,,0.11,0.0712,0.7677,17.1,20.05,23.0,25.28,20.0377,21.0324,21.5895,2.0125,0.527,21.78550660436127,21.5895,0.019925168807269886
2012-02-10,113.19,1342.64,143.81011546453635,0.506,,0.12,0.0813,0.8203,20.79,23.28,25.17,26.94,21.6596,22.4591,22.8637,2.02,0.506,22.636187500630538,22.8637,0.019998686506689126
2012-02-17,114.82,1361.23,145.8012896039078,0.4931,,0.09,0.0763,0.8604,17.78,22.39,24.92,27.31,21.246,22.2772,23.0068,2.005,0.4931,22.730727870457592,23.0068,0.019851645702601135
2012-02-24,115.11,1365.74,146.28435551937665,0.4906,,0.09,0.0915,0.8894,17.31,21.18,24.3,26.69,20.697,21.8842,22.6076,2.0028,0.4906,22.466500613358484,22.6076,0.019830077899800604
2012-03-02,115.58,1369.63,146.70101326021344,0.47575,,0.11,0.061,0.8365,17.29,21.26,24.12,26.67,20.6709,21.9231,22.7296,1.9957,0.47575,22.547414602077957,22.7296,0.0197604695448091
2012-03-09,115.89,1370.87,146.8338296094776,0.47355,,0.12,0.0813,0.8943,17.11,21.22,24.04,26.4,20.6466,21.9663,22.8221,1.9995,0.47355,22.608667244800444,22.8221,0.019797725323380748
2012-03-16,118.59,1404.17,150.40059124697467,0.47365,,0.15,0.0813,1.1142,14.47,20.37,22.85,27.15,19.886,21.2382,22.1289,1.9635,0.47365,22.14760109589594,22.1289,0.01944472011779113
2012-03-23,118.2,1397.11,149.64439493584163,0.47315,,0.14,0.0712,1.0822,14.82,18.64,21.49,24.32,18.703,20.1027,20.9184,1.9704,0.47315,21.33078034795461,20.9184,0.01951238910271843
2012-03-30,118.99,1408.47,150.8611640710358,0.46815,,0.09,0.0661,1.0386,15.5,18.61,21.0,23.65,18.2461,19.4909,20.2568,1.9583,0.46815,20.877724693729224,20.2568,0.019393720175645394
2012-04-06,117.89,1398.08,149.74829159615305,0.46915,,0.15,0.0661,1.0064,16.7,19.82,22.18,24.59,19.0313,20.2329,20.9809,1.9818,0.46915,21.37333178491641,20.9809,0.019624180002859464
2012-04-13,115.74,1370.26,146.7684925344363,0.46615,,0.15,0.0813,0.8484,19.55,21.99,24.25,27.35,20.784,21.6456,22.2602,2.026,0.46615,22.23529630012151,22.2602,0.020057496774978915
2012-04-20,116.61,1378.53,147.65429189606095,0.46565,,0.12,0.0661,0.8429,17.44,20.48,23.09,25.63,20.4739,21.4373,22.1507,2.0146,0.46565,22.16217324035391,22.1507,0.019945754307922243
2012-04-27,118.59,1403.36,150.3138321801166,0.46585,,0.13,0.0864,0.8255,16.32,18.74,21.58,25.12,19.0753,20.2497,21.068,1.9817,0.46585,21.432561347917268,21.068,0.01962319943525791
2012-05-04,115.53,1369.1,146.6442449818989,0.46585,,0.16,0.0712,0.7837,19.16,20.72,22.94,26.19,20.1635,20.9507,21.544,2.0387,0.46585,21.754826301878932,21.544,0.020181967102442674
2012-05-11,114.47,1353.39,144.96154752468934,0.46685,,0.15,0.0915,0.7464,19.89,21.55,23.75,25.95,20.6606,21.4005,21.8777,2.0622,0.46685,21.979341680111578,21.8777,0.0204122453628898
2012-05-18,109.45,1295.22,138.7309612047733,0.46685,,0.16,0.0763,0.7476,25.1,27.66,28.64,30.95,23.921,24.0262,24.172,2.1661,0.46685,23.493407948096866,24.172,0.02142973421202413
2012-05-25,111.51,1317.82,141.15164628007162,0.46685,,0.15,0.0813,0.759,21.76,24.93,27.14,29.84,23.609,23.8311,24.1198,2.1364,0.46685,23.45950551600638,24.1198,0.021138988869121144
2012-06-01,108.03,1278.05,136.8918832073011,0.46785,,0.16,0.0659,0.6202,26.66,28.47,30.21,31.47,24.9921,25.0338,25.2455,2.2105,0.46785,24.18532644258127,25.2455,0.021864226230175896
2012-06-08,112.67,1325.66,141.9913883592902,0.46785,,0.17,0.0761,0.7115,21.23,23.64,26.26,30.13,23.0406,23.4968,23.8938,2.1368,0.46785,23.312442823749528,23.8938,0.0211429051929463
2012-06-15,113.99,1342.84,143.8315374563532,0.46785,,0.18,0.0862,0.6716,21.11,23.67,26.02,29.53,22.7847,23.3041,23.7772,2.1135,0.46785,23.236388369540247,23.7772,0.020914753752276985
2012-06-22,113.08,1335.02,142.99393757631637,0.4616,,0.17,0.0763,0.7543,18.11,21.51,24.34,27.42,21.905,22.6065,23.3097,2.1237,0.4616,22.93020026868935,23.3097,0.02101463761289082
2012-06-29,115.61,1362.16,145.90090186585607,0.4606,,0.09,0.0811,0.7181,17.08,20.32,22.87,26.03,20.9513,21.7545,22.4834,2.0989,0.4606,22.383978464349024,22.4834,0.02077176537326694
2012-07-06,115.21,1354.68,145.09971937190778,0.4576,,0.17,0.071,0.6429,17.1,20.04,22.9,26.15,21.0063,21.8136,22.5673,2.1182,0.4576,22.439740637277936,22.5673,0.020960779907872124
2012-07-13,115.21,1356.78,145.32465028598418,0.4551,,0.19,0.0811,0.6201,16.74,19.39,22.22,25.2,20.3666,21.2114,22.0087,2.1166,0.4551,22.067167994545613,22.0087,0.02094511166719979
2012-07-20,115.76,1362.66,145.95445684539814,0.4521,,0.13,0.0864,0.5748,16.27,19.64,22.39,25.1,20.2039,20.9729,21.6261,2.0985,0.4521,21.810170128078067,21.6261,0.020767847595665457
2012-07-27,117.83,1385.97,148.4511899916461,0.4466,,0.14,0.1014,0.6511,16.7,19.66,22.45,25.15,20.2047,20.9597,21.6155,2.0647,0.4466,21.8030285669044,21.6155,0.020436739929751153
2012-08-03,118.38,1390.99,148.98888198624772,0.43935,,0.14,0.0761,0.6644,15.64,18.68,21.79,25.53,20.1317,20.8878,21.5377,2.0755,0.43935,21.75057656521937,21.5377,0.020542549564600887
2012-08-10,119.53,1405.87,150.5826781774176,0.437,,0.13,0.1014,0.7069,14.74,18.14,21.2,24.34,19.8369,20.7721,21.504,2.0849,0.437,21.727836834000428,21.504,0.020634634023748134
2012-08-17,120.62,1418.16,151.89905957455989,0.4345,,0.13,0.0661,0.7954,13.45,18.35,21.54,24.81,20.1557,20.9218,21.7161,2.077,0.4345,21.870759280789606,21.7161,0.020557244461798102
2012-08-24,120.15,1411.13,151.14607656219934,0.42485,,0.13,0.0913,0.7069,15.18,19.24,22.21,25.72,21.0612,21.8884,22.7129,2.0922,0.42485,22.53634720432756,22.7129,0.0207061405737296
2012-08-31,119.74,1406.58,150.65872624836717,0.41825,,0.13,0.071,0.59,17.47,20.62,23.27,26.75,21.8486,22.5981,23.1691,2.1051,0.41825,22.837716950702493,23.1691,0.020832488963420954
2012-09-07,122.58,1437.92,154.0155523660596,0.40775,,0.15,0.1014,0.6442,14.38,17.59,20.99,24.81,20.0365,20.7955,21.4029,2.0761,0.40775,21.6595465329264,21.4029,0.0205484275493926
2012-09-14,124.92,1465.77,156.99856472654886,0.38525,,0.16,0.0966,0.7134,14.51,16.9,19.81,23.58,18.8062,19.7676,20.5513,2.0275,0.38525,21.079992168859235,20.5513,0.02007219880165356
2012-09-21,124.32,1460.15,156.39660675649685,0.36925,,0.15,0.1014,0.6701,13.98,16.79,19.83,23.72,18.697,19.7781,20.5973,2.0375,0.36925,21.111498573339663,20.5973,0.020170206789383006
2012-09-28,122.8,1440.67,154.3101047535406,0.3585,,0.09,0.0913,0.625,15.73,17.61,20.37,23.32,18.9566,19.9843,20.7392,2.0686,0.3585,21.208542155915197,20.7392,0.020474950256047494
2012-10-05,124.62,1460.93,156.48015252458234,0.35125,,0.15,0.0963,0.6746,14.33,16.93,19.66,22.57,18.3685,19.4592,20.2511,2.0486,0.35125,20.87380024575524,20.2511,0.02027898440834819
2012-10-12,121.71,1428.59,153.0162164478059,0.33425,,0.16,0.0966,0.6587,16.14,17.74,20.1,22.61,18.4311,19.3017,20.081,2.101,0.33425,20.75651706623815,20.081,0.020792333453859283
2012-10-19,121.93,1433.19,153.50892225959228,0.31725,,0.16,0.0913,0.7476,17.06,18.12,20.32,22.71,18.391,19.3284,20.0804,2.0977,0.31725,20.756102786536427,20.0804,0.02076001199441525
2012-10-26,120.51,1411.94,151.23283562905738,0.31325,,0.16,0.1116,0.7596,17.81,19.02,21.01,23.25,18.8103,19.587,20.3283,2.1299,0.31325,20.926921320542654,20.3283,0.02107534645720891
2012-11-02,120.34,1414.2,151.47490413658718,0.31275,,0.16,0.0913,0.718,17.59,18.55,20.51,22.69,18.3357,19.1708,19.742,2.1303,0.31275,20.521789276436436,19.742,0.021079263030285806
2012-11-09,117.79,1379.85,147.7956770420519,0.31,,0.16,0.0915,0.6395,18.61,20.07,21.78,23.65,19.3702,19.9517,20.4299,2.2219,0.31,20.996729998915317,20.4299,0.02197575453989409
2012-11-16,116.42,1359.88,145.6566911591445,0.3115,,0.16,0.0761,0.6055,16.41,18.93,21.11,22.7,19.0465,19.5971,19.9508,2.2753,0.3115,20.666521777282508,19.9508,0.022498011091218472
2012-11-23,120.32,1409.15,150.933998843213,0.3115,,0.16,0.0862,0.687,15.14,17.58,19.35,21.41,17.6584,18.4349,18.9513,2.189,0.3115,19.969028642819957,18.9513,0.021653853894829746
2012-11-30,121.11,1416.18,151.6869818555735,0.3105,,0.16,0.0761,0.617,15.87,17.27,19.33,21.22,17.9211,18.6276,19.164,2.1877,0.3105,20.118463059547395,19.164,0.021641132288110217
2012-12-07,121.24,1418.07,151.88941967824223,0.3095,,0.16,0.0811,0.6186,15.9,17.29,19.1,21.26,17.7906,18.5358,19.2137,2.2264,0.3095,20.153300748421678,19.2137,0.02201977544885471
2012-12-14,121.16,1413.58,151.40849596195503,0.308,,0.17,0.0253,0.6877,17.0,18.03,19.66,21.91,18.542,19.3546,19.997,2.2512,0.308,20.698477845988364,19.997,0.022262344807274428
2012-12-21,122.6,1430.15,153.18330798397693,0.31,,0.17,0.0558,0.7612,17.84,18.87,19.95,22.03,18.4911,19.4584,20.2603,2.2305,0.31,20.880134260804702,20.2603,0.02205988170108244
2012-12-28,118.98,1402.43,150.21421991816857,0.308,,0.17,0.03,0.7086,22.72,21.88,22.4,23.79,19.3435,20.1808,20.7643,2.2794,0.308,21.225684745523637,20.7643,0.022538098168176847
2013-01-04,125.32,1466.47,157.07354169790767,0.305,,0.16,0.0659,0.8077,13.83,16.34,18.17,20.47,16.9486,18.2283,19.032,2.1809,0.305,20.025790427908497,19.032,0.021574585861677684
2013-01-11,126.14,1472.05,157.67121526959633,0.304,,0.14,0.0659,0.7789,13.36,16.01,17.89,20.3,16.946,18.2241,19.0483,2.1758,0.304,20.037245615914493,19.0483,0.02152467313553699
2013-01-18,127.15,1485.98,159.16325699963642,0.302,,0.14,0.071,0.7597,12.46,15.29,17.21,19.7,16.4941,17.9211,18.7516,2.1566,0.302,19.828219870986537,18.7516,0.021336744054720556
2013-01-25,128.59,1502.96,160.98198410488266,0.3005,,0.14,0.071,0.8474,12.89,14.66,16.35,18.74,15.2196,16.476,17.4093,2.1322,0.3005,18.86845332007107,17.4093,0.021097866542923265
2013-02-01,129.54,1513.17,162.07557678713027,0.2955,,0.14,0.0659,0.8814,12.9,14.79,16.5,18.6,15.2172,16.4429,17.3492,2.1267,0.2955,18.82491719575197,17.3492,0.02104401332035789
2013-02-08,130.03,1517.93,162.5854201923701,0.292,,0.14,0.0659,0.8268,13.02,14.8,16.45,18.74,15.3113,16.5672,17.4927,2.1447,0.292,18.92878527139071,17.4927,0.02122024944589077
2013-02-15,130.42,1519.79,162.78464471626634,0.2901,,0.16,0.0963,0.8604,12.46,14.26,16.12,18.46,15.2904,16.5979,17.5133,2.1504,0.2901,18.94367268853676,17.5133,0.021276051077956142
2013-02-22,130.2,1515.6,162.3358539877044,0.2881,,0.16,0.1217,0.8264,14.17,14.98,16.53,18.78,15.6099,16.8752,17.7339,2.1619,0.2881,19.10273555143249,17.7339,0.02138862384045889
2013-03-01,130.38,1518.2,162.61433988132285,0.2841,,0.14,0.1014,0.7404,15.36,16.29,17.51,19.43,15.9343,17.14,17.9739,2.1632,0.2841,19.27504246446097,17.9739,0.02140134865987674
2013-03-08,133.21,1551.18,166.14682633191302,0.2801,,0.15,0.0862,0.8852,12.59,14.52,16.2,18.57,15.1107,16.4571,17.4154,2.121,0.2801,18.872869336448186,17.4154,0.020988198738343213
2013-03-15,133.99,1560.7,167.1665131423927,0.2801,,0.16,0.0811,0.8307,11.3,14.26,16.1,18.61,15.0038,16.1923,17.0326,2.1131,0.2801,18.594741204006116,17.0326,0.02091083653483322
2013-03-22,133.86,1556.89,166.75842419828268,0.2846,,0.15,0.0659,0.7953,13.57,15.26,16.96,18.81,15.6757,16.7233,17.5104,2.1128,0.2846,18.941577238855356,17.5104,0.020907898611680475
2013-03-29,134.79,1569.19,168.07587669501578,0.2826,,0.13,0.071,0.7644,12.7,14.64,16.61,18.67,15.5293,16.7363,17.5494,2.1011,0.2826,18.96974778982465,17.5494,0.020793312875716355
2013-04-05,133.34,1553.28,166.3717572459894,0.2794,,0.15,0.0608,0.6908,13.92,15.38,17.18,19.54,16.3681,17.421,18.2267,2.1276,0.2794,19.455715069945786,18.2267,0.021052825864328873
2013-04-12,136.45,1588.85,170.18165849060713,0.2776,,0.15,0.0608,0.6874,12.06,14.02,16.15,18.55,15.4891,16.6205,17.4827,2.0828,0.2776,18.92155627138898,17.4827,0.02061406269929207
2013-04-19,133.47,1555.25,166.58276386538486,0.2761,,0.15,0.0456,0.7065,14.97,16.17,17.92,19.86,16.5601,17.5595,18.2046,2.1291,0.2761,19.439953844365917,18.2046,0.021067513265036187
2013-04-26,135.97,1582.24,169.47366166106195,0.2756,,0.13,0.0507,0.6807,13.61,14.89,16.54,18.49,15.509,16.6381,17.4784,2.0951,0.2756,18.91844737933089,17.4784,0.020734545866323163
2013-05-03,138.73,1614.42,172.92046014438492,0.2751,,0.14,0.0456,0.7241,12.85,14.45,16.22,18.3,15.0623,16.1388,17.0507,2.0546,0.2751,18.607938418888875,17.0507,0.02033777819503775
2013-05-10,140.54,1633.7,174.98554015552435,0.2751,,0.12,0.0355,0.8132,12.59,14.71,16.55,18.64,15.6481,16.6544,17.5304,2.0621,0.2751,18.956026274501692,17.5304,0.020411265567735575
2013-05-17,143.43,1667.47,178.60264347379095,0.2736,,0.1,0.0304,0.8302,12.45,15.17,17.03,19.28,16.0758,17.0442,17.9043,2.027,0.2736,19.22515253044125,17.9043,0.020067298150111927
2013-05-24,142.36,1649.6,176.68858850495994,0.27275,,0.09,0.0355,0.8883,13.99,15.92,17.62,19.81,16.6206,17.4955,18.29,2.0509,0.27275,19.50082414284443,18.29,0.020301522435144895
2013-05-31,140.5,1630.74,174.6684946766358,0.27525,,0.09,0.0253,1.0177,16.3,17.13,18.41,20.34,16.8255,17.6346,18.4609,2.0781,0.27525,19.622353456168703,18.4609,0.020568020582502514
2013-06-07,141.32,1643.38,176.02236455945751,0.27515,,0.09,0.0406,1.0939,15.14,16.72,18.27,20.27,16.9943,17.8041,18.6001,2.0639,0.27515,19.721064655051382,18.6001,0.020428901733633563
2013-06-14,140.09,1626.73,174.23898374070896,0.27275,,0.1,0.0406,1.0292,17.15,18.3,19.46,21.17,17.6496,18.2943,19.0252,2.0987,0.27275,20.021010613671763,19.0252,0.02076980648638482
2013-06-21,137.1,1592.43,170.56511214412788,0.27275,,0.1,0.0406,1.4244,18.9,19.49,20.21,21.7,18.0076,18.386,18.9861,2.1466,0.27275,19.993515665539675,18.9861,0.021238850335894944
2013-06-28,138.42,1606.28,172.04858507744123,0.2731,,0.07,0.0304,1.3945,16.86,18.39,19.79,20.67,17.7452,18.1633,18.6907,2.131,0.2731,19.78518027236216,18.6907,0.021086116996259802
2013-07-05,140.85,1631.89,174.79167112958237,0.2699,,0.1,0.0355,1.6127,14.89,16.88,18.48,20.51,17.2067,17.7034,18.4032,2.1056,0.2699,19.58136413445509,18.4032,0.020837385866472564
2013-07-12,144.57,1680.19,179.9650821533395,0.2676,,0.09,0.0304,1.4192,13.84,15.65,17.36,19.59,16.2662,16.9298,17.6004,2.0514,0.2676,19.006554861939208,17.6004,0.020306421938972155
2013-07-19,146.24,1692.09,181.239690666439,0.2647,,0.09,0.0203,1.2963,12.54,15.04,17.09,19.3,15.8778,16.691,17.4975,2.0392,0.2647,18.93225470402095,17.4975,0.020186867192065323
2013-07-26,145.98,1691.65,181.1925622844421,0.265,,0.09,0.0152,1.3685,12.72,14.8,16.87,19.19,15.8042,16.5912,17.2988,2.0401,0.265,18.78836908599341,17.2988,0.02019568729287913
2013-08-02,147.49,1709.67,183.1226837471356,0.2666,,0.09,0.0304,1.3571,11.98,14.03,16.03,18.65,15.2988,16.0912,16.801,2.0249,0.2666,18.425461846032555,16.801,0.020046715151374118
2013-08-09,145.96,1691.42,181.16792699385272,0.2647,,0.08,0.0507,1.3538,13.41,15.1,16.75,19.12,15.5834,16.4452,17.2385,2.0575,0.2647,18.744595397099488,17.2385,0.020366193952851178
2013-08-16,142.9,1655.83,177.35588355005325,0.2641,,0.09,0.0355,1.5627,14.37,15.94,17.38,19.73,16.2296,16.7963,17.3687,2.1063,0.2641,18.839048372828444,17.3687,0.02084424149045925
2013-08-23,143.81,1663.5,178.17741693622747,0.2621,,0.08,0.0253,1.6183,13.98,15.55,17.06,19.25,16.0516,16.6622,17.2095,2.0988,0.2621,18.72352527471724,17.2095,0.020770785930305537
2013-08-30,141.19,1632.97,174.90734988539307,0.2595,,0.07,0.0203,1.6407,17.01,18.05,19.18,20.95,17.4981,18.2034,18.7009,2.1448,0.2595,19.792392117395398,18.7009,0.021221228448727435
2013-09-06,143.12,1655.17,177.28519097705774,0.2564,,0.08,0.0152,1.7569,15.85,17.17,18.34,20.53,16.9358,17.6962,18.2922,2.1192,0.2564,19.502390981853083,18.2922,0.020970572433628994
2013-09-13,146.15,1687.99,180.80053983419447,0.2539,,0.08,0.0101,1.693,14.16,15.7,17.13,19.4,16.0731,16.9242,17.5861,2.0833,0.2539,18.996238024169436,17.5861,0.020618960672070127
2013-09-20,147.93,1709.91,183.1483901373157,0.2496,,0.08,0.0101,1.4769,13.12,15.32,17.04,19.47,15.9815,16.8321,17.4879,2.059,0.2496,18.925315522669926,17.4879,0.020380891441785457
2013-09-27,146.54,1691.75,181.20327328035032,0.24835,,0.08,0.0101,1.401,15.46,16.04,17.3,19.32,16.1262,16.8935,17.5135,2.0782,0.24835,18.94381719806131,17.5135,0.02056900022408105
2013-10-04,146.39,1690.5,181.06938583149537,0.24285,,0.08,0.0203,1.4092,16.74,17.21,18.08,19.84,16.5877,17.2388,17.7949,2.0848,0.24285,19.146603221605773,17.7949,0.020633654446465116
2013-10-11,147.63,1703.2,182.42968231186208,0.2436,,0.1,0.0558,1.4175,15.72,16.57,17.8,19.47,16.3105,17.0443,17.6143,2.0745,0.2436,19.016580449873313,17.6143,0.020532752846501374
2013-10-18,150.89,1744.5,186.85332362203113,0.24055,,0.1,0.0203,1.3307,13.04,14.92,16.37,18.63,15.2013,16.1459,16.8905,2.0264,0.24055,18.490969806036116,16.8905,0.020061417336560163
2013-10-25,152.41,1759.77,188.48889269724376,0.23685,,0.08,0.0304,1.2813,13.09,14.87,16.5,18.67,15.3809,16.3491,17.1194,2.009,0.23685,18.657987237462905,17.1194,0.019890858697792765
2013-11-01,152.47,1761.64,188.68918832073084,0.23775,,0.08,0.0355,1.3719,13.28,15.06,16.96,18.82,15.6091,16.6465,17.477,2.0112,0.23775,18.917435127121365,17.477,0.019912425189739007
2013-11-08,153.45,1770.61,189.64996465371425,0.2394,,0.08,0.0507,1.4118,12.9,14.63,16.71,18.62,15.6555,16.6889,17.4687,2.0084,0.2394,18.9114333645689,17.4687,0.019884976846538886
2013-11-15,155.84,1798.18,192.6029862256601,0.2381,,0.09,0.0659,1.3432,12.19,14.8,16.91,19.03,15.8616,16.9171,17.701,1.9696,0.2381,19.079054981424242,17.701,0.019504543657979743
2013-11-22,156.51,1804.76,193.30776975643275,0.2366,,0.09,0.071,1.3469,12.26,14.15,16.42,18.62,15.5041,16.7117,17.5947,1.9665,0.2366,19.002442889663183,17.5947,0.01947414197823556
2013-11-29,156.75,1805.81,193.4202352134709,0.2391,,0.07,0.0558,1.3701,13.7,15.03,16.86,18.75,15.6753,16.9156,17.8622,1.9699,0.2391,19.194943602291612,17.8622,0.019507485706969765
2013-12-06,156.84,1805.09,193.34311604293043,0.24085,,0.09,0.0558,1.487,13.79,14.95,16.61,18.55,15.3389,16.5962,17.5398,1.9503,0.24085,18.962815430455894,17.5398,0.019315253646974166
2013-12-13,154.21,1775.32,190.15445256099983,0.24385,,0.08,0.0608,1.5292,15.76,16.27,17.51,19.22,15.8741,17.013,17.828,1.9782,0.24385,19.170385927917653,17.828,0.019588878963436307
2013-12-20,158.22,1818.32,194.76018080161165,0.24835,,0.09,0.0558,1.675,13.79,15.01,16.63,18.75,15.5225,16.6989,17.5723,1.9263,0.24835,18.986279273810013,17.5723,0.019079817112218726
2013-12-27,160.14,1841.4,197.23227865727029,0.2466,,0.08,0.0608,1.7342,12.46,13.98,16.05,18.07,14.93,16.1672,17.1003,1.899,0.2466,18.644079349194513,17.1003,0.018811940649745725
2014-01-03,159.18,1831.37,196.15796576765777,0.23985,,0.08,0.0659,1.7333,13.76,15.09,16.68,18.44,15.2761,16.4216,17.2837,1.9147,0.23985,18.777412276537497,17.2837,0.018966002913774628
2014-01-10,160.25,1842.37,197.3361753175817,0.24165,,0.07,0.0355,1.62,12.14,13.94,15.7,17.68,14.7484,15.7676,16.6192,1.9067,0.24165,18.292038624852974,16.6192,0.018887502815118567
2014-01-17,159.94,1838.7,196.94308176774348,0.2366,,0.07,0.0304,1.6255,12.44,14.63,16.34,18.24,15.1692,16.1336,16.9611,1.9126,0.2366,18.54256296239783,16.9611,0.01894539723435804
2014-01-24,155.39,1790.29,191.7578886484872,0.23535,,0.07,0.0456,1.5413,18.14,17.4,18.18,19.16,16.0723,16.8193,17.4435,1.9665,0.23535,18.893205341763224,17.4435,0.01947414197823556
2014-01-31,154.91,1782.59,190.9331419635405,0.2366,,0.07,0.0203,1.4902,18.41,18.09,18.63,19.43,16.5719,17.3435,17.9287,1.9825,0.2366,19.242649997216464,17.9287,0.019631043949148132
2014-02-07,156.39,1797.02,192.47873867312256,0.23385,,0.06,0.0811,1.4689,15.29,16.34,17.55,19.2,15.7843,16.571,17.0744,1.9741,0.23385,18.625211719817386,17.0744,0.019548673484012416
2014-02-14,160.01,1838.63,196.93558407060763,0.23585,,0.06,0.0101,1.5246,13.57,15.17,16.55,18.43,15.0101,16.0414,16.7616,1.9373,0.23585,18.396586992456815,16.7616,0.019187732404705227
2014-02-21,159.94,1836.25,196.6806623679877,0.23485,,0.07,0.0355,1.5329,14.68,15.64,16.73,18.37,15.0513,15.9731,16.6518,1.9498,0.23485,18.315999318214114,16.6518,0.01931034928449469
2014-02-28,161.97,1859.45,199.16561341873637,0.23565,,0.06,0.0456,1.5016,14.0,15.8,16.86,18.42,15.0759,15.9935,16.6393,1.9383,0.23565,18.306813778372653,16.6393,0.019197542308391664
2014-03-07,163.76,1878.04,201.15678755810785,0.23565,,0.08,0.0456,1.6363,14.11,15.87,17.08,18.7,15.2865,16.1466,16.7364,1.9261,0.23565,18.378106996107395,16.7364,0.019077854908192676
2014-03-14,160.44,1841.13,197.2033589683176,0.23485,,0.08,0.0456,1.5345,17.82,17.93,18.6,19.7,16.1641,16.8415,17.298,1.9725,0.23485,18.787788672457403,17.298,0.019532983102314144
2014-03-21,162.54,1866.52,199.92288082946015,0.23285,,0.08,0.0456,1.7071,15.0,16.18,17.28,18.79,15.2901,16.0652,16.5768,1.947,0.23285,18.26085166364858,16.5768,0.01928288441010553
2014-03-28,161.98,1857.62,198.96960219361264,0.23335,,0.08,0.0355,1.7479,14.41,15.46,16.89,18.41,15.2595,16.0085,16.5014,1.9584,0.23335,18.205326321077433,16.5014,0.01939470096829259
2014-04-04,162.81,1865.09,199.76971358797007,0.2296,,0.08,0.0203,1.6972,13.96,14.96,16.5,18.03,15.0949,15.8232,16.3324,1.958,0.2296,18.080565968672833,16.3324,0.019390777791932073
2014-04-11,158.58,1815.69,194.4784816092207,0.22645,,0.09,0.0355,1.5757,17.03,16.79,17.69,19.12,15.9393,16.4709,16.8555,2.0156,0.22645,18.465365922808104,16.8555,0.01995555677834092
2014-04-18,162.63,1864.85,199.74400719778987,0.22585,,0.09,0.0203,1.7342,13.36,14.84,16.62,18.31,15.0921,15.8033,16.2704,1.9636,0.22585,18.03468856149337,16.2704,0.019445700860419253
2014-04-25,162.81,1863.4,199.58869775711804,0.2266,,0.09,0.0101,1.7249,14.06,15.18,16.64,18.25,15.2592,15.8805,16.3021,1.9669,0.2266,18.058152473417014,16.3021,0.019478064827557942
2014-05-02,164.08,1881.14,201.48882843126813,0.22285,,0.09,0.0152,1.6627,12.91,14.68,16.38,17.95,15.0359,15.6282,15.9783,1.9505,0.22285,17.81776044043994,15.9783,0.019317215385231203
2014-05-09,163.99,1878.48,201.2039159401047,0.2241,,0.08,0.0203,1.6282,12.92,14.38,15.99,17.65,14.5883,15.2697,15.7761,1.9623,0.2241,17.66682496339201,15.7761,0.01943295113122823
2014-05-16,164.1,1877.86,201.13750776547255,0.2286,,0.09,0.0152,1.5541,12.44,14.33,15.93,17.57,14.5363,15.1614,15.6164,1.9707,0.2286,17.54715990230367,15.6164,0.01951533112862689
2014-05-23,166.05,1900.53,203.5656905379067,0.22935,,0.09,0.0304,1.5241,11.36,13.62,15.48,17.11,14.2662,14.8776,15.3895,1.9515,0.22935,17.376439842190212,15.3895,0.019327024018790544
2014-05-30,168.19,1923.57,206.033503995202,0.2274,,0.08,0.0304,1.5391,11.4,13.75,15.73,17.58,14.4408,15.1182,15.5438,1.9316,0.2274,17.49262564981103,15.5438,0.01913181411602573
2014-06-06,170.62,1949.44,208.80443863670496,0.2296,,0.09,0.0304,1.6428,10.73,12.83,14.76,16.9,13.9621,14.8139,15.3582,1.9163,0.2296,17.352824270028265,15.3582,0.01898170219406107
2014-06-13,169.44,1936.16,207.38201838006947,0.2321,,0.1,0.0304,1.693,12.18,13.79,15.61,17.53,14.511,15.225,15.8268,1.9296,0.2321,17.70473083583418,15.8268,0.019112192922781858
2014-06-20,171.63,1962.87,210.242925387203,0.2306,,0.1,0.0101,1.6804,10.85,12.87,14.82,17.09,13.9882,14.838,15.5779,1.9062,0.2306,17.518250731050223,15.5779,0.018882596354340066
2014-06-27,171.52,1960.96,210.0383453653526,0.2346,,0.1,0.0203,1.6381,11.26,12.82,14.78,17.15,14.2347,15.038,15.7549,1.9104,0.2346,17.65096278789576,15.7549,0.01892380987669884
2014-07-04,173.77,1985.44,212.66039716372887,0.2321,,0.09,0.0051,1.7351,10.32,12.24,14.04,16.57,13.7697,14.859,15.5889,1.8886,0.2321,17.526512912375452,15.5889,0.018709873595528212
2014-07-11,172.45,1967.57,210.74634219489784,0.2336,,0.09,0.0152,1.6398,12.08,13.28,14.83,17.13,14.2489,15.2056,15.9133,1.9089,0.2336,17.769309666262945,15.9133,0.01890909095655706
2014-07-18,173.24,1978.22,211.8870632591424,0.2316,,0.09,0.0101,1.6679,12.06,13.36,14.72,17.12,14.1417,15.1174,15.8874,1.9006,0.2316,17.74998559708916,15.8874,0.018827642348866167
2014-07-25,173.24,1978.34,211.89991645423248,0.2341,,0.09,0.0253,1.6714,12.69,14.0,15.38,17.72,14.7422,15.6257,16.4148,1.9015,0.2341,18.1414491391416,16.4148,0.018836474446278367
2014-08-01,168.58,1925.15,206.20273773055476,0.2381,,0.09,0.0203,1.6627,17.03,16.78,17.5,19.38,16.1572,16.8485,17.6101,1.9573,0.2381,19.01355141255333,17.6101,0.01938391219626561
2014-08-08,169.04,1931.59,206.89252586705572,0.2351,,0.09,0.0203,1.6233,15.77,16.69,17.66,19.4,16.3842,16.9828,17.6726,1.9572,0.2351,19.05860164127281,17.6726,0.019382931393036804
2014-08-15,171.57,1955.06,209.4063966067571,0.2321,,0.09,0.0253,1.5361,13.15,14.42,16.22,18.32,15.2186,16.1041,17.0257,1.9397,0.2321,18.58970899584713,17.0257,0.019211276011881228
2014-08-22,174.67,1988.4,212.97744264261763,0.2384,,0.09,0.0152,1.6597,11.47,13.51,15.49,17.7,14.6533,15.6423,16.6411,1.9133,0.2384,18.30813663727359,16.6411,0.01895226584134079
2014-08-29,175.87,2003.37,214.58087873010504,0.2336,,0.07,0.0203,1.625,11.98,14.27,15.99,18.11,15.0359,16.0075,17.0342,1.9046,0.2336,18.595907996178916,17.0342,0.018866895518073953
2014-09-05,176.27,2007.71,215.04573595252964,0.2323,,0.09,0.0253,1.6923,12.09,14.08,15.88,17.9,14.7569,15.8102,16.9406,1.9063,0.2323,18.52758930509034,16.9406,0.018883577648421638
2014-09-12,174.4,1985.54,212.67110815963744,0.2346,,0.09,0.0101,1.8169,13.31,15.04,16.52,18.45,15.2258,16.2365,17.3546,1.936,0.2346,18.828830972504655,17.3546,0.019174979386041006
2014-09-19,176.78,2010.4,215.3338617424656,0.2331,,0.09,0.0101,1.8109,12.11,14.38,16.08,18.15,14.7412,15.8727,16.9901,1.9156,0.2331,18.563734951419324,16.9901,0.018974833789262773
2014-09-26,174.34,1982.85,212.38298236970147,0.2331,,0.09,0.0101,1.7959,14.85,16.02,17.45,19.0,15.5686,16.4654,17.422,1.9438,0.2331,18.8776467430143,17.422,0.019251495058548097
2014-10-03,172.95,1967.9,210.78168848139575,0.2316,,0.09,0.0051,1.7221,14.55,16.04,17.64,19.21,15.9568,16.8716,17.7267,1.9621,0.2316,19.097554425059194,17.7267,0.01943098962000152
2014-10-10,167.12,1906.13,204.1655063087773,0.23,,0.09,0.0051,1.5317,21.24,19.93,20.56,24.74,17.864,18.3311,18.9353,2.029,0.23,19.957765232448228,18.9353,0.02008690061218179
2014-10-17,165.95,1886.76,202.0907864013203,0.23135,,0.09,0.0203,1.4151,21.99,21.25,21.62,22.77,18.314,18.4308,18.6469,2.0512,0.23135,19.754196895350635,18.6469,0.020304462140321868
2014-10-24,172.9,1964.58,210.42608341723687,0.2331,,0.09,0.0051,1.4956,16.11,17.92,19.19,20.42,16.8297,17.3168,17.7689,1.9705,0.2331,19.127911640831794,17.7689,0.019513369778982975
2014-10-31,177.47,2018.05,216.15325292945815,0.2321,,0.07,0.0051,1.6095,14.03,16.51,18.16,19.68,16.0254,16.821,17.5712,1.921,0.2321,18.985485348660372,17.5712,0.019027817404582724
2014-11-07,178.75,2031.92,217.6388680619532,0.2326,,0.09,0.0203,1.5836,13.12,15.83,17.79,19.58,15.7772,16.7059,17.4882,1.9162,0.2326,18.925532391227627,17.4882,0.018980720996263856
2014-11-14,179.81,2039.82,218.4850367387168,0.2321,,0.09,0.0051,1.6054,13.31,15.96,17.73,19.36,15.6961,16.633,17.4031,1.9137,0.2321,18.863964383527456,17.4031,0.0189561907384349
2014-11-21,181.9,2063.5,221.02140056982583,0.23285,,0.1,0.0051,1.6074,12.9,15.79,17.75,19.45,15.7051,16.6456,17.4337,1.8953,0.23285,18.886114305464712,17.4337,0.0187756295262216
2014-11-28,182.3,2067.56,221.45626700370687,0.2336,,0.08,0.0101,1.4805,13.33,15.93,17.94,19.43,15.8562,16.8739,17.7451,1.9167,0.2336,19.11079369341062,17.7451,0.01898562697562245
2014-12-05,183.16,2075.37,222.2927957841528,0.2356,,0.12,0.0101,1.684,11.82,15.55,17.52,19.25,15.4695,16.5906,17.5591,1.9162,0.2356,18.976751082610516,17.5591,0.018980720996263856
2014-12-12,176.21,2002.33,214.46948437265775,0.24285,,0.12,0.0152,1.5114,21.08,21.0,21.64,22.86,18.9328,19.4756,20.059,1.9955,0.24285,20.741324121901098,20.059,0.019758508675908875
2014-12-19,182.98,2070.65,221.7872367772764,0.2521,,0.13,0.0253,1.6471,16.49,18.47,19.66,21.02,16.9852,17.8746,18.5887,1.9327,0.2521,19.7129897907752,18.5887,0.019142605608209608
2014-12-26,184.51,2088.77,223.7280692358784,0.2566,,0.13,0.0,1.7611,14.5,17.16,18.96,20.38,16.3482,17.3533,18.1495,1.916,0.2566,19.400630065845817,18.1495,0.018978758597781184
2015-01-02,181.15,2058.2,220.45371778668056,0.2556,,0.12,0.0152,1.607,17.79,19.46,20.24,21.22,17.1183,18.0452,18.7129,1.9516,0.2556,19.800874969184605,18.7129,0.019328004876854984
2015-01-09,180.17,2044.81,219.0195154345459,0.2541,,0.12,0.0152,1.419,17.55,19.32,20.16,21.55,17.0428,18.0458,18.943,1.9667,0.2541,19.96318614295173,18.943,0.019476103404820345
2015-01-16,178.2,2019.42,216.29999357340324,0.2566,,0.13,0.0152,1.3026,20.95,21.15,21.59,22.08,17.8134,18.5959,19.2954,1.9938,0.2566,20.21050420247179,19.2954,0.019741841135012962
2015-01-23,180.95,2051.82,219.7703562477247,0.2561,,0.12,0.0152,1.308,16.66,19.0,19.82,20.76,16.5933,17.5649,18.2517,1.9631,0.2561,19.473536864344013,18.2517,0.019440797137660035
2015-01-30,176.03,1994.99,213.68329727298124,0.2531,,0.06,0.0,1.1548,20.97,21.82,21.87,22.34,18.0215,18.8188,19.5334,2.0155,0.2531,20.376687014437845,19.5334,0.019954576535623016
2015-02-06,181.74,2055.47,220.1613075983813,0.2556,,0.11,0.0152,1.4788,17.29,19.88,20.87,21.86,17.1334,18.0751,19.0657,1.9754,0.2556,20.049470262680384,19.0657,0.019561421737869553
2015-02-13,185.33,2096.99,224.60851309954876,0.2571,,0.12,0.0051,1.5377,14.69,18.13,19.43,20.73,16.2097,17.3057,18.3727,1.9441,0.2571,19.559680099524574,18.3727,0.019254437852112602
2015-02-20,186.52,2110.3,226.03414665495688,0.2626,,0.12,0.0152,1.5852,14.3,17.29,19.11,20.68,15.9403,17.0642,18.1256,1.9368,0.2626,19.383560787582372,18.1256,0.019182827416773938
2015-02-27,186.15,2104.5,225.41290889226968,0.26185,,0.06,0.0101,1.4988,13.34,16.89,18.41,20.06,15.5213,16.5679,17.5059,1.9464,0.26185,18.938325450878356,17.5059,0.01927699898173951
2015-03-06,183.31,2071.26,221.85257385231768,0.2646,,0.12,0.0051,1.6939,15.2,17.51,18.7,20.25,15.8766,16.7535,17.6083,1.9833,0.2646,19.012253180279767,17.6083,0.019638888401502443
2015-03-13,181.46,2053.4,219.93958998307744,0.27065,,0.11,0.0203,1.5839,16.0,17.89,19.16,20.44,16.6132,17.2886,18.0446,2.005,0.27065,19.3256552640661,18.0446,0.019851645702601135
2015-03-20,186.52,2108.1,225.798504744972,0.2668,,0.12,0.0,1.4144,13.02,16.71,18.16,20.03,15.7347,16.6523,17.481,1.9551,0.2668,18.920327204875978,17.481,0.019362334303012572
2015-03-27,182.37,2061.02,220.75576787129748,0.2754,,0.12,0.0355,1.4351,15.07,17.39,18.77,20.08,16.6202,17.4758,18.2948,2.0022,0.2754,19.504242620021838,18.2948,0.019824195691031193
2015-04-03,182.99,2066.96,221.3920010282564,0.27375,,0.12,0.0101,1.3506,14.67,17.22,18.86,20.42,16.6702,17.4513,18.2813,1.9993,0.27375,19.494627393666875,18.2813,0.01979576452753293
2015-04-10,186.19,2102.06,225.15156059210463,0.277,,0.12,0.0152,1.3946,12.58,15.46,17.47,19.48,15.6772,16.7904,17.6857,1.9702,0.277,19.068037459358738,17.6857,0.01951042774730416
2015-04-17,184.41,2081.18,222.9151046464308,0.27575,,0.13,0.0152,1.3062,13.89,16.14,18.06,20.01,16.3657,17.4663,18.3736,1.9901,0.27575,19.560320127338105,18.3736,0.019705563762137886
2015-04-24,187.63,2117.69,226.8256892525876,0.279,,0.13,0.0152,1.3142,12.29,15.26,17.43,19.69,16.0106,17.2006,18.131,1.9571,0.279,19.387418097715397,18.131,0.019381950588846026
2015-05-01,186.72,2108.29,225.81885563719808,0.27975,,0.13,0.0,1.4989,12.7,15.38,17.52,19.7,16.0831,17.4511,18.418,1.9688,0.27975,19.591881923512464,18.418,0.019496698151689567
2015-05-08,187.34,2116.1,226.6553844176441,0.27985,,0.13,0.0051,1.4879,12.86,15.56,17.58,19.65,16.0426,17.2271,18.1904,1.9683,0.27985,19.429823369813615,18.1904,0.019491794679001164
2015-05-15,188.28,2122.73,227.36552344637093,0.2765,,0.13,0.0101,1.4603,12.38,15.57,17.41,19.57,15.8834,17.0979,18.1109,1.9671,0.2765,19.373058398689317,18.1109,0.01948002624644837
2015-05-22,188.76,2126.06,227.72219961012064,0.2845,,0.13,0.0101,1.5617,12.13,14.48,16.72,18.88,15.3102,16.5053,17.5513,1.9692,0.2845,18.97111967001631,17.5513,0.019500620912528653
2015-05-29,187.12,2107.39,225.72245667402245,0.28375,,0.08,0.0,1.4853,13.84,15.38,17.33,19.34,15.731,16.8826,17.7379,1.9896,0.28375,19.10561365319364,17.7379,0.019700661313511864
2015-06-05,185.9,2092.83,224.16293566975943,0.2812,,0.13,0.0153,1.7402,14.21,15.96,17.75,19.65,16.3939,17.3823,18.2205,2.009,0.2812,19.451294009285043,18.2205,0.019890858697792765
2015-06-12,185.97,2094.11,224.30003641738705,0.28605,,0.13,0.0051,1.7444,13.78,15.61,17.15,19.16,16.0392,17.007,18.0884,2.014,0.28605,19.356977830668118,18.0884,0.01993987277954826
2015-06-19,187.1,2109.99,226.00094256764083,0.2813,,0.13,0.0,1.5709,13.96,15.91,17.61,19.62,16.0605,16.9615,17.7832,2.0012,0.2813,19.13819313310616,17.7832,0.019814391932858454
2015-06-26,186.92,2101.49,225.09050791542683,0.28175,,0.13,0.0,1.7545,14.02,15.46,16.86,18.88,15.757,16.6754,17.4861,2.0115,0.28175,18.924014285383954,17.4861,0.019915366038968037
2015-07-03,184.52,2076.78,222.44382082646135,0.2835,,0.13,0.0,1.6315,16.79,17.68,18.34,19.68,16.1966,16.8874,17.6469,2.0377,0.2835,19.040083401158586,17.6469,0.02017216685116415
2015-07-10,184.54,2076.62,222.4266832330079,0.2858,,0.13,0.0051,1.6562,16.83,17.73,18.62,19.58,16.1771,16.7532,17.3496,2.0331,0.2858,18.82520711900956,17.3496,0.0201270844581831
2015-07-17,188.98,2126.64,227.78432338638933,0.29175,,0.13,0.0152,1.6695,11.95,14.61,16.13,18.37,15.0321,15.9651,16.642,1.9861,0.29175,18.308798048909022,16.642,0.01966634350016112
2015-07-24,185.3,2079.65,222.7512264090324,0.2936,,0.13,0.0305,1.6183,13.74,15.65,17.12,18.87,15.7377,16.5319,17.1992,2.0322,0.2936,18.716038912130664,17.1992,0.020118263752261948
2015-07-31,187.17,2103.84,225.34221631927429,0.3086,,0.08,0.061,1.5287,12.12,14.9,16.45,18.26,15.306,16.1984,16.8901,2.0227,0.3086,18.490677289792444,16.8901,0.020025151555428018
2015-08-07,184.94,2077.57,222.5284376941377,0.3116,,0.14,0.061,1.5709,13.39,15.42,16.79,18.38,15.6214,16.3975,17.0858,2.0548,0.3116,18.633517560572006,17.0858,0.02033973792839643
2015-08-14,186.37,2091.54,224.02476382254105,0.32445,,0.14,0.0811,1.597,12.83,15.51,16.96,18.61,15.598,16.3301,15.2827,2.0457,0.32445,17.295794325263483,15.2827,0.02025056617226619
2015-08-21,175.84,1970.89,211.101947259057,0.3291,,0.15,0.0203,1.4275,28.03,23.47,22.33,21.68,18.1978,18.0904,18.5706,2.1752,0.3291,19.700165794505715,18.5706,0.02151880088631871
2015-08-28,177.47,1988.87,213.02778432338727,0.329,,0.14,0.0508,1.5118,26.05,25.34,24.0,23.58,19.0045,18.9144,19.0608,2.1592,0.329,20.046028064557376,19.0608,0.021362194851968146
2015-09-04,171.4,1921.22,205.78179559135495,0.332,,0.14,0.0254,1.4664,27.8,28.07,26.25,26.07,21.0806,20.6361,20.6015,2.2364,0.332,21.114374080570197,20.6015,0.022117592753596437
2015-09-11,174.84,1961.05,210.04798526167053,0.3372,,0.14,0.0253,1.5128,23.2,24.68,24.87,24.94,20.0125,19.9266,20.0083,2.1969,0.3372,20.706290208369353,20.0083,0.021731158640450006
2015-09-18,174.86,1958.03,209.72451318523684,0.3192,,0.14,-0.0152,1.444,22.28,23.2,22.9,23.72,19.3201,19.3458,19.4783,2.2072,0.3192,20.33827367990528,19.4783,0.02183193939786845
2015-09-25,172.06,1931.34,206.865748377285,0.3261,,0.13,-0.0203,1.4742,23.62,24.4,23.55,23.67,19.8109,19.7516,19.7693,2.2351,0.3261,20.540741413272652,19.7693,0.022104877045050087
2015-10-02,174.19,1951.36,209.0100897581466,0.3271,,0.13,-0.0051,1.2955,20.94,22.6,23.05,23.33,19.3725,19.4465,19.4741,2.2152,0.3271,20.335344142960967,19.4741,0.02191020870694695
2015-10-09,179.97,2014.89,215.81478545875288,0.3206,,0.13,0.0,1.3978,17.08,19.85,20.52,22.03,18.0268,18.4442,18.737,2.1539,0.3206,19.817905909487113,18.737,0.021310313695045872
2015-10-16,181.58,2033.11,217.76632891326324,0.31715,,0.13,0.0,1.352,15.05,18.67,19.94,21.5,17.5201,18.1244,18.5972,2.1346,0.31715,19.719010678778236,18.5972,0.02112136522210275
2015-10-23,185.22,2075.15,222.26923159315444,0.3229,,0.12,0.0,1.4161,14.46,17.48,19.21,21.12,16.6467,17.4027,18.0266,2.0902,0.3229,19.312775659719353,18.0266,0.02068655024664887
2015-10-30,185.91,2079.36,222.720164520898,0.3341,,0.07,0.0712,1.5185,15.07,18.4,19.84,21.19,16.8318,17.608,18.2407,2.0892,0.3341,19.465696273955825,18.2407,0.020676754939188784
2015-11-06,187.7,2099.2,224.84522610912447,0.3414,,0.12,0.0761,1.7304,14.33,17.45,19.13,20.92,16.5225,17.4129,18.1209,2.0763,0.3414,19.380203188569663,18.1209,0.02055038686997859
2015-11-13,180.96,2023.04,216.6877316252873,0.3636,,0.12,0.1169,1.6519,20.08,21.58,22.3,22.84,18.2878,18.7188,19.1074,2.1617,0.3636,20.07875219609132,19.1074,0.021386666161561294
2015-11-20,187.25,2089.17,223.770913219512,0.3821,,0.12,0.0966,1.6862,15.47,18.94,20.77,21.62,17.2702,18.0044,18.5761,2.0948,0.3821,19.704063027681148,18.5761,0.020731607425195565
2015-11-27,187.37,2090.11,223.87159658105097,0.4142,,0.12,0.1678,1.6446,15.12,17.35,19.51,22.0,17.1786,18.012,18.6201,2.0831,0.4142,19.735227114795734,18.6201,0.020617001485837717
2015-12-04,187.23,2091.69,224.04083031640369,0.462,,0.13,0.2136,1.7055,14.81,18.17,19.65,21.46,16.9816,17.8485,18.4627,2.084,0.462,19.62363146779909,18.4627,0.020625817793656225
2015-12-11,180.17,2012.37,215.54486836186103,0.512,,0.14,0.2187,1.5527,24.39,24.38,24.59,24.57,19.3575,19.6753,20.0292,2.1687,0.512,20.72073576291599,20.0292,0.021455182642738234
2015-12-18,179.34,2005.55,214.81437844090823,0.5855,,0.37,0.1729,1.6762,20.7,21.26,22.51,23.66,18.9554,19.3823,19.836,2.183,0.5855,20.587009209815633,19.836,0.021595137436589633
2015-12-25,184.67,2060.99,220.752554572525,0.6031,,0.36,0.1983,1.713,15.74,19.69,20.75,21.71,17.4162,18.0124,18.4167,2.1302,0.6031,19.590958176104404,18.4167,0.021078283888454657
2016-01-01,183.26,2043.94,218.9263297701429,0.6127,,0.2,0.1627,1.7598,18.21,19.8,20.59,22.21,17.4903,18.1469,18.6275,2.1461,0.6127,19.740465944691987,18.6275,0.021233955398386156
2016-01-08,172.09,1922.03,205.86855465821293,0.6211,,0.36,0.1933,1.5597,27.01,26.23,25.49,25.38,20.1156,20.2793,20.3808,2.2864,0.6211,20.96300814528235,20.3808,0.022606535805384357
2016-01-15,168.81,1880.33,201.4020693644103,0.6196,,0.36,0.2289,1.4527,27.02,26.88,26.19,25.82,20.5608,20.6963,20.6608,2.3394,0.6196,21.15495275572823,20.6608,0.023124554561427667
2016-01-22,170.99,1906.9,204.2479809772721,0.6191,,0.38,0.295,1.4812,22.34,24.28,24.58,25.05,19.826,20.2425,20.4099,2.3092,0.6191,20.982997261163792,20.4099,0.02282941449969042
2016-01-29,173.76,1940.24,207.81902701313257,0.6126,,0.29,0.3103,1.328,20.2,22.66,22.82,24.01,18.853,19.3464,19.6572,2.2735,0.6126,20.462864059279244,19.6572,0.022480411379071082
2016-02-05,168.83,1880.05,201.37207857586685,0.6197,,0.38,0.2899,1.2403,23.38,24.48,25.03,25.59,20.6516,20.8558,20.9869,2.3446,0.6197,21.37741450734478,20.9869,0.023175364590556653
2016-02-12,167.3,1864.78,199.73650950065425,0.6182,,0.38,0.2798,1.2104,25.4,26.23,26.96,27.71,21.88,22.08,22.0446,2.3672,0.6182,22.09120609994902,22.0446,0.02339616280630988
2016-02-19,172.36,1917.78,205.413337332106,0.6182,,0.38,0.2899,1.2246,20.53,22.8,24.11,24.93,19.8808,20.3893,20.7042,2.305,0.6182,21.184626642428846,20.7042,0.0227883616304312
2016-02-26,174.91,1948.05,208.65555579357863,0.6351,,0.37,0.3103,1.2398,19.81,21.86,23.11,24.31,19.2693,19.8621,20.2844,2.2706,0.6351,20.89672210097612,20.2844,0.022452055635735595
2016-03-04,179.61,1999.99,214.2188470684014,0.6335,,0.36,0.2645,1.3741,16.86,19.63,21.17,22.68,17.7088,18.5538,19.1221,2.2452,0.6335,20.0890695449452,19.1221,0.02220366406764555
2016-03-11,181.86,2022.19,216.5966881600661,0.63385,,0.36,0.3154,1.4922,16.5,19.47,21.3,22.74,17.8404,18.5789,19.158,2.2289,0.63385,20.114255274284663,19.158,0.02204423067207587
2016-03-18,184.3,2049.58,219.53042993937672,0.6243,,0.37,0.2849,1.333,14.02,17.93,19.78,21.88,16.8216,17.6136,18.24,2.2063,0.6243,19.4651972741755,18.24,0.021823133717225975
2016-03-25,183.49,2035.94,218.06945009747105,0.6286,,0.37,0.2798,1.3785,14.74,18.27,20.06,21.66,17.009,17.7556,18.3272,2.2206,0.6286,19.527309557719267,18.3272,0.02196303702763497
2016-04-01,186.79,2072.78,222.0153809901255,0.6291,,0.37,0.2238,1.2144,13.1,16.5,18.58,20.28,16.1522,17.0278,17.681,2.1787,0.6291,19.064652356518163,17.681,0.021553055187316563
2016-04-08,184.6,2047.6,219.3183522203904,0.6308,,0.37,0.2238,1.151,15.36,18.32,20.26,21.36,17.2105,17.902,18.4102,2.2079,0.6308,19.586339114287725,18.4102,0.021838788206982877
2016-04-15,187.69,2080.73,222.8669051648432,0.6331,,0.37,0.2187,1.2108,13.62,17.16,19.3,20.77,16.4877,17.2308,17.7612,2.1744,0.6331,19.12237431485172,17.7612,0.021510971167053257
2016-04-22,188.69,2091.58,224.02904822090457,0.63585,,0.37,0.2289,1.3551,13.22,16.64,19.02,20.77,16.5104,17.3511,17.9467,2.1627,0.63585,19.255552897349748,17.9467,0.021396454517724414
2016-04-29,186.25,2065.3,221.21419849617715,0.6366,,0.3,0.2085,1.294,15.7,18.45,20.28,21.65,17.1693,17.8111,18.2865,2.1854,0.6366,19.498331315456493,18.2865,0.021618624433601994
2016-05-06,185.68,2057.14,220.34018123005177,0.6296,,0.37,0.1933,1.2289,14.72,18.27,20.4,21.94,17.349,17.9573,18.4208,2.1973,0.6296,19.593871459794123,18.4208,0.02173507264583764
2016-05-13,184.85,2046.61,219.21231336089727,0.6276,,0.37,0.2645,1.2056,15.04,18.25,20.25,21.82,17.2633,17.8524,18.3548,2.2146,0.6276,19.546948494263194,18.3548,0.021904338721259915
2016-05-20,185.43,2052.32,219.82391122726696,0.6613,,0.37,0.3052,1.3618,15.2,18.05,20.32,21.83,17.4394,18.0407,18.5462,2.214,0.6613,19.68287162752238,18.5462,0.021898468701115944
2016-05-27,189.71,2099.06,224.83023071485292,0.67305,,0.37,0.3103,1.3847,13.12,16.31,18.72,20.67,16.3147,17.12,17.7056,2.1671,0.67305,19.08236682076789,17.7056,0.021439522146632972
2016-06-03,189.75,2099.13,224.8377284119888,0.68215,,0.37,0.279,1.2307,13.47,16.49,19.01,20.66,16.4287,17.1857,17.8206,2.1692,0.68215,19.165070221523628,17.8206,0.021460076497475913
2016-06-10,189.62,2096.07,224.50997193719184,0.6556,,0.37,0.2435,1.1671,17.03,18.94,20.74,22.23,17.6246,18.2444,18.7617,2.1748,0.6556,19.835353311616597,18.7617,0.02151488603434905
2016-06-17,187.05,2071.22,221.8482894539545,0.6444,,0.38,0.2543,1.1128,19.41,21.31,22.08,22.81,18.1226,18.6191,19.0458,2.2038,0.6444,20.035488896599805,19.0458,0.021798673086365516
2016-06-24,183.37,2037.41,218.22690173732457,0.6236,,0.4,0.2485,1.0719,25.76,23.93,23.55,23.98,18.9637,19.3245,19.5861,2.2418,0.6236,20.413393527777647,19.5861,0.02217041011995877
2016-07-01,190.43,2102.95,225.24688845568963,0.65335,,0.41,0.2536,0.9946,14.77,17.65,19.55,21.63,16.8852,17.5161,18.0839,2.1731,0.65335,19.353760920332885,18.0839,0.021498247742494425
2016-07-08,192.64,2129.9,228.1335018530034,0.6671,,0.4,0.2739,0.9476,13.2,16.49,18.76,21.08,16.2265,17.2211,17.962,2.1492,0.6671,19.266516984603932,17.962,0.021264303624705976
2016-07-15,195.57,2161.74,231.54388295023773,0.68785,,0.4,0.3001,1.1038,12.67,15.99,18.15,20.48,15.793,16.6884,17.4393,2.1178,0.68785,18.890166488208752,17.4393,0.02095686287071902
2016-07-22,196.91,2175.03,232.96737430646408,0.721,,0.4,0.3145,1.1168,12.02,15.8,18.2,20.54,15.8098,16.7365,17.4628,2.1026,0.721,18.907166475714753,17.4628,0.020808004088461538
2016-07-29,196.98,2173.6,232.8142070649739,0.7591,,0.3,0.2536,1.0237,11.87,15.42,17.88,20.39,15.8939,16.8574,17.6362,2.1031,0.7591,19.032370832763142,17.6362,0.020812901111414386
2016-08-05,197.75,2182.87,233.80711638568252,0.79235,,0.4,0.2587,1.1363,11.39,15.14,17.59,20.02,15.5151,16.5256,17.3403,2.0977,0.79235,18.818465829112284,17.3403,0.02076001199441525
2016-08-12,198.07,2184.05,233.93350613740165,0.81825,,0.4,0.2747,1.0974,11.55,15.26,17.62,19.92,15.536,16.5076,17.2293,2.1017,0.81825,18.737912357816356,17.2293,0.02079918938671426
2016-08-19,198.2,2183.87,233.9142263447665,0.81711,,0.4,0.2993,1.1641,11.34,15.13,17.71,20.17,15.8081,16.7199,17.4124,2.1071,0.81711,18.87069758930183,17.4124,0.02085207643175109
2016-08-26,196.99,2169.04,232.32578565155083,0.83344,,0.4,0.3145,1.2365,13.65,16.24,18.42,20.52,16.0634,16.8654,17.4506,2.1227,0.83344,18.89834189896956,17.4506,0.02100484551863596
2016-09-02,197.86,2179.98,233.49756860392975,0.83511,,0.4,0.3196,1.1914,11.98,15.65,18.19,20.44,16.0488,16.8598,17.4835,2.1165,0.83511,18.922134641900413,17.4835,0.02094413239400656
2016-09-09,192.84,2127.81,227.9096420385177,0.85222,,0.4,0.3358,1.2225,17.5,18.83,20.3,21.82,17.4365,18.0181,18.4957,2.162,0.85222,19.647054355367644,18.4957,0.021389602678470496
2016-09-16,194.34,2139.16,229.125340074121,0.85711,,0.4,0.279,1.1984,15.37,17.88,19.58,21.43,16.9579,17.5282,18.0935,2.1513,0.85711,19.36062334119122,18.0935,0.02128486157733041
2016-09-23,196.67,2164.69,231.85985732953543,0.85294,,0.4,0.1674,1.156,12.29,16.05,18.27,20.11,16.1267,16.8201,17.4916,2.1288,0.85294,18.927990148564962,17.4916,0.021064575802152253
2016-09-30,196.88,2168.27,232.2433109830562,0.85367,,0.29,0.2739,1.1492,13.29,16.37,18.44,20.29,16.1278,16.814,17.4738,2.1274,0.85367,18.91512130668648,17.4738,0.021050867527935637
2016-10-07,195.62,2153.74,230.68700327756576,0.87606,,0.4,0.3154,1.2551,13.48,16.44,18.37,20.12,16.2963,16.9368,17.483,2.1394,0.87606,18.921773161360463,17.483,0.02116836092396284
2016-10-14,193.83,2132.98,228.463400526982,0.88167,,0.41,0.2892,1.2866,16.12,17.42,19.14,20.63,16.8423,17.2991,17.7641,2.1573,0.88167,19.124459894802808,17.7641,0.021343596256161602
2016-10-21,194.54,2141.16,229.3395599922891,0.88178,,0.41,0.3247,1.2428,13.34,16.04,18.24,20.01,16.2632,16.9462,17.5101,2.1571,0.88178,18.94136046162274,17.5101,0.02134163848911238
2016-10-28,193.55,2126.41,227.75968809580013,0.88594,,0.41,0.279,1.3245,16.19,17.37,19.03,20.57,16.6943,17.245,17.7603,2.1687,0.88594,19.12172704291389,17.7603,0.021455182642738234
2016-11-04,189.56,2085.18,223.343544482767,0.88261,,0.41,0.3663,1.2321,22.51,21.13,21.44,22.08,17.6729,18.0232,18.3422,2.2189,0.88261,19.537984109975152,18.3422,0.0219464061906388
2016-11-11,196.99,2164.45,231.83415093935537,0.90567,,0.41,0.4669,1.5571,14.17,16.49,18.45,20.01,16.0674,16.7668,17.3229,2.139,0.90567,18.805849868309753,17.3229,0.021164444699829494
2016-11-18,198.74,2181.9,233.70321972537113,0.91622,,0.41,0.4313,1.7975,12.85,15.52,18.02,19.92,16.1504,16.9225,17.5051,2.128,0.91622,18.937747326185214,17.5051,0.02105674252561013
2016-11-25,201.52,2213.35,237.0718279385628,0.93733,,0.41,0.4923,1.8354,12.34,15.51,17.93,19.52,15.9826,16.7999,17.5195,2.0994,0.93733,18.948152229061563,17.5195,0.02077666257368439
2016-12-02,199.77,2191.95,234.7796748141653,0.94639,,0.41,0.4618,1.8208,14.12,16.78,18.75,20.26,16.5233,17.3206,17.8449,2.1247,0.94639,19.182523105945954,17.8449,0.02102442961126151
2016-12-09,205.97,2259.53,242.01816584906183,0.9565,,0.41,0.533,1.8906,11.75,15.22,17.66,19.53,15.9698,16.9898,17.7351,2.0627,0.9565,19.103599004589547,17.7351,0.020417144324261012
2016-12-16,206.02,2258.07,241.86178530879928,0.99733,,0.66,0.4923,2.0654,12.2,15.57,17.77,19.72,15.8403,16.9409,17.696,2.0654,0.99733,19.075454831937428,17.696,0.0204435983009566
2016-12-23,206.45,2263.79,242.47445427475972,0.99706,,0.66,0.5076,2.0245,11.44,15.25,17.63,19.73,15.7792,16.8503,17.597,2.0633,0.99706,19.004102159764024,17.597,0.02042302304622687
2016-12-30,204.28,2238.83,239.8009896960232,0.99789,,0.55,0.4974,1.9274,14.04,16.54,18.57,20.36,16.3579,17.4574,18.223,2.0872,0.99789,19.45307675512055,18.223,0.02065716403641977
2017-01-06,207.5,2276.98,243.88723463507765,1.01011,,0.66,0.5126,1.9239,11.32,14.56,16.92,18.94,15.1744,16.4636,17.3287,2.0557,1.01011,18.81005565584905,17.3287,0.020348556680983933
2017-01-13,207.6,2274.64,243.63659733082108,1.02317,,0.66,0.5228,1.897,11.23,14.54,17.16,19.4,15.2447,16.6244,17.4673,2.0592,1.02317,18.91042092577056,17.4673,0.020382851090655577
2017-01-20,206.99,2271.31,243.27992116707136,1.04344,,0.66,0.4974,1.9365,11.54,14.49,17.07,19.21,15.116,16.476,17.3398,2.063,1.04344,18.818103360173115,17.3398,0.020420083689563866
2017-01-27,209.11,2294.69,245.7841520104552,1.039,,0.66,0.5076,1.9458,10.58,13.68,16.21,18.65,14.7542,16.2172,17.1167,2.0385,1.039,18.65602151367562,17.1167,0.02018000705987055
2017-02-03,209.29,2297.42,246.07656219875457,1.034,,0.66,0.4974,1.9096,10.97,14.05,16.27,18.44,14.5538,15.9228,16.8349,2.0399,1.034,18.450287957002597,16.8349,0.020193727277199005
2017-02-10,211.27,2316.1,248.07737623444353,1.03622,,0.66,0.533,1.8865,10.85,13.91,16.17,18.16,14.5734,15.8473,16.6833,2.0283,1.03622,18.33913673152071,16.6833,0.020080039794166435
2017-02-17,214.48,2351.16,251.8326513999285,1.05233,,0.66,0.5126,1.9015,11.49,13.72,15.79,17.87,14.2961,15.5432,16.4176,1.9994,1.05233,18.143516199793577,16.4176,0.019796744925937432
2017-02-24,216.04,2367.34,253.56569053790756,1.054,,0.66,0.5025,1.8044,11.47,14.76,16.68,18.16,14.4923,15.5506,16.2601,1.9904,1.054,18.027061374440553,16.2601,0.019708505219777222
2017-03-03,217.53,2383.12,255.25588569225297,1.10167,,0.66,0.6957,2.009,10.96,14.26,16.25,18.03,14.6221,15.758,16.5458,1.9619,1.10167,18.238033113609536,16.5458,0.01942902810492728
2017-03-10,216.67,2372.6,254.1290889226893,1.12122,,0.66,0.7414,2.1014,11.66,14.38,16.33,18.03,14.5451,15.7355,16.5427,1.961,1.12122,18.235750478266134,16.5427,0.01942020123947955
2017-03-17,217.27,2378.25,254.7342601915139,1.15178,,0.91,0.7262,2.0183,11.28,13.92,15.85,17.83,14.3033,15.5156,16.2861,1.9572,1.15178,18.046311384704207,16.2861,0.019382931393036804
2017-03-24,214.49,2343.98,251.06360189370537,1.15128,,0.91,0.7618,1.945,12.96,14.55,16.28,17.66,14.6918,15.7767,16.4887,1.983,1.15128,18.19596562802835,16.4887,0.019635946739080756
2017-03-31,215.81,2362.72,253.07084252693943,1.14956,,0.82,0.7516,1.9212,12.37,13.6,15.25,16.95,13.9428,15.0847,15.8995,1.9688,1.14956,17.75901474480368,15.8995,0.019496698151689567
2017-04-07,215.17,2355.54,252.3017930207163,1.15761,,0.91,0.8127,1.9196,12.87,14.06,15.44,17.03,13.9644,15.0648,15.8293,1.9772,1.15761,17.706598917857292,15.8293,0.01957907289799251
2017-04-14,212.9,2328.95,249.45373920867289,1.15844,,0.91,0.8025,1.7691,15.96,15.75,16.57,17.71,14.5587,15.4931,16.1091,2.0021,1.15844,17.9150604664248,16.1091,0.019823215319539025
2017-04-21,214.73,2348.69,251.56808980099095,1.15622,,0.91,0.772,1.7703,14.63,14.75,15.93,17.28,14.0861,15.0602,15.8044,1.986,1.15622,17.687988446864296,15.8044,0.019665362973902874
2017-04-28,217.76,2384.2,255.37156444806365,1.17233,,0.83,0.7923,1.8142,10.82,12.93,14.74,16.7,13.5854,14.6754,15.4876,1.9595,1.17233,17.450352342250184,15.4876,0.01940548962392322
2017-05-05,219.33,2399.29,256.9878537306411,1.18039,,0.91,0.8839,1.8816,10.57,12.85,14.65,16.45,13.5605,14.7408,15.5654,1.9481,1.18039,17.508859537057166,15.5654,0.019293674272147437
2017-05-12,218.51,2390.9,256.0892011739264,1.17956,,0.91,0.8687,1.8468,10.4,12.97,15.1,17.14,13.9571,15.0807,15.8304,1.9761,1.17956,17.707420842915166,15.8304,0.019568286114939618
2017-05-19,217.85,2381.73,255.10700284912613,1.18644,,0.91,0.9043,1.7803,12.04,13.49,15.57,17.55,14.4661,15.5586,16.3042,1.9898,1.18644,18.059706329801397,16.3042,0.019702622295846354
2017-05-26,220.8,2415.82,258.7583813542996,1.20178,,0.91,0.9246,1.7894,9.81,12.44,14.84,16.98,13.8833,15.1073,15.9488,1.9643,1.20178,17.79577936888257,15.9488,0.019452566031884295
2017-06-02,222.99,2439.07,261.2486879030025,1.2225,,0.91,0.9705,1.7188,9.75,12.46,14.88,17.04,13.8528,15.0966,15.9755,1.9488,1.2225,17.815674680528293,15.9755,0.019300540487376828
2017-06-09,222.33,2431.77,260.46678520168933,1.23644,,0.91,0.996,1.7664,10.7,12.96,15.17,17.23,13.9863,15.1463,16.0378,1.9552,1.23644,17.862054196542463,16.0378,0.019363315126443268
2017-06-16,222.58,2433.15,260.6145969452253,1.27356,,1.16,1.0011,1.7433,10.38,12.71,14.87,17.3,14.049,15.2508,16.0841,1.9582,1.27356,17.89648370246509,16.0841,0.019392739382036242
2017-06-23,222.95,2438.3,261.16621323450795,1.29328,,1.16,0.9501,1.7565,10.02,12.36,14.49,16.83,13.7619,15.0049,15.7793,1.9572,1.29328,17.66921863912641,15.7793,0.019382931393036804
2017-06-30,221.67,2423.41,259.57134594374725,1.29917,,1.06,1.0113,1.8884,11.18,13.14,14.86,17.12,14.0785,15.1414,15.7952,1.9714,1.29917,17.681109826480885,15.7952,0.019522195822086485
2017-07-07,221.8,2425.18,259.7609305713259,1.30522,,1.16,1.0265,1.947,11.19,13.52,15.11,17.09,14.0245,15.004,15.7015,2.0109,1.30522,17.610976621411556,15.7015,0.019909484331861352
2017-07-14,224.88,2459.27,263.41230907649924,1.30361,,1.16,1.0316,1.866,9.51,12.23,14.01,16.17,13.2979,14.4568,15.2447,1.9844,1.30361,17.26705513358629,15.2447,0.019649674423014775
2017-07-21,226.1,2472.54,264.8336582335439,1.31444,,1.16,1.159,1.8031,9.36,12.06,13.89,16.0,13.1337,14.3147,15.0724,1.9754,1.31444,17.136445877364874,15.0724,0.019561421737869553
2017-07-28,226.18,2472.1,264.7865298515469,1.31056,,1.16,1.0775,1.8339,10.29,12.58,13.96,15.86,12.8339,13.9914,14.7981,1.9745,1.31056,16.92748932241692,14.7981,0.019552596040970403
2017-08-04,226.34,2476.83,265.29315995801426,1.31194,,1.16,1.0698,1.8157,10.03,12.75,14.25,16.01,12.9902,14.0415,14.6649,1.9744,1.31194,16.825556752088158,14.6649,0.019551615403173385
2017-08-11,223.41,2441.32,261.4896853109416,1.315,,1.16,1.0316,1.7429,15.51,16.39,16.86,17.84,14.5343,15.0966,15.5203,2.0087,1.315,17.474955272345305,15.5203,0.019887917776490346
2017-08-18,222.2,2425.55,259.800561256187,1.31472,,1.16,1.0011,1.7589,14.26,15.65,16.38,17.25,14.2314,14.8365,15.2645,2.0271,1.31472,17.28203272902818,15.2645,0.020068278282341565
2017-08-25,223.63,2443.05,261.674985540157,1.31778,,1.16,1.0036,1.7568,11.28,13.99,15.42,16.96,13.9373,14.6035,15.043,2.0146,1.31778,17.114110283481285,15.043,0.019945754307922243
2017-09-01,226.54,2476.55,265.26316916947087,1.31611,,1.16,0.9998,1.7383,10.13,13.59,15.33,17.01,13.7881,14.5678,15.1169,2.0001,1.31611,17.170225658557694,15.1169,0.019803607687855992
2017-09-08,225.47,2461.43,263.6436665881208,1.31033,,1.16,1.0367,1.6332,12.12,14.69,16.37,17.8,14.5373,15.1528,15.5513,2.0154,1.31033,17.498263264517213,15.5513,0.019953596291944244
2017-09-15,228.79,2500.23,267.7995330005798,1.32389,,1.16,1.0265,1.8055,10.17,12.96,15.09,17.13,13.8729,14.7937,15.3705,1.9875,1.32389,17.362106414952148,15.3705,0.01968007076682722
2017-09-22,228.99,2502.22,268.01268181915685,1.32944,,1.16,1.0202,1.8614,9.59,12.85,14.97,17.23,13.8035,14.6887,15.3308,1.9793,1.32944,17.33213809367712,15.3308,0.019599665524362098
2017-09-29,230.51,2519.36,269.8485465178566,1.33389,,1.06,1.0405,1.936,9.51,12.49,14.81,16.64,13.5396,14.4705,15.333,1.9679,1.33389,17.333799480508667,15.333,0.019487871883538656
2017-10-06,233.16,2549.33,273.0586319916039,1.35028,,1.16,1.0622,1.9561,9.65,12.44,14.59,16.49,13.1023,14.2189,15.0649,1.9486,1.35028,17.130749397165374,15.0649,0.0192985787164077
2017-10-13,233.88,2553.17,273.4699342344864,1.35333,,1.16,1.0673,1.8998,9.61,11.98,14.52,16.63,13.1783,14.3036,15.1328,1.9515,1.35333,17.18228727994902,15.1328,0.019327024018790544
2017-10-20,235.82,2575.21,275.83063773269777,1.36476,,1.16,1.103,2.0202,9.97,11.85,14.35,16.4,12.9721,14.1795,15.066,1.9306,1.36476,17.131584939838973,15.066,0.019122003567527697
2017-10-27,236.23,2581.07,276.45830209293,1.38009,,1.16,1.0928,2.0281,9.8,12.23,14.48,16.5,12.9079,14.1528,15.0822,1.9263,1.38009,17.143887860118184,15.0822,0.019079817112218726
2017-11-03,236.61,2587.84,277.18343651592863,1.39194,,1.16,1.1692,1.99,9.14,12.42,14.81,16.73,13.0699,14.334,15.2912,1.9253,1.39194,17.302219580225216,15.2912,0.0190700060535858
2017-11-10,236.33,2582.3,276.5900473426033,1.41289,,1.16,1.2202,2.0515,11.29,13.61,15.91,17.44,13.9398,14.9564,15.734,1.9344,1.41289,17.635318138864584,15.734,0.019159283139797974
2017-11-17,236.02,2578.85,276.22051798376344,1.44067,,1.16,1.2585,2.0567,11.43,13.8,15.98,17.53,14.0455,14.9566,15.6973,1.9416,1.44067,17.60782972838857,15.6973,0.019229914307792178
2017-11-24,238.29,2602.42,278.7450997193733,1.46763,,1.16,1.261,2.0636,9.67,12.42,14.8,16.84,13.5438,14.5913,15.356,1.9257,1.46763,17.35116378882323,15.356,0.0190739304885898
2017-12-01,242.22,2642.22,283.0080760909163,1.49463,,1.16,1.2585,2.1127,11.43,13.28,15.3,17.25,13.7438,14.7121,15.4429,1.9062,1.49463,17.416692893368204,15.4429,0.018882596354340066
2017-12-08,242.87,2651.5,284.00205651121587,1.54878,,1.16,1.2712,2.1398,9.58,12.46,14.61,17.25,13.466,14.5215,15.2646,1.9023,1.54878,17.28210835707308,15.2646,0.018844325134047726
2017-12-15,245.43,2675.81,286.6058996165478,1.61331,,1.41,1.312,2.1537,9.42,12.08,14.38,16.72,13.2991,14.5208,15.1458,1.8876,1.61331,17.192145856817596,15.1458,0.018700058906668492
2017-12-22,245.81,2683.34,287.41243760845026,1.68577,,1.42,1.3222,2.249,9.9,12.49,14.66,16.58,13.651,14.9931,15.8572,1.8843,1.68577,17.727440071672447,15.8572,0.01866766974996643
2017-12-29,244.89,2673.61,286.370257706563,1.69428,,1.33,1.3757,2.2064,11.04,13.09,15.11,16.68,13.6427,14.8737,15.9109,1.8878,1.69428,17.76751945812629,15.9109,0.0187020218521467
2018-01-05,250.98,2743.15,293.8186842612641,1.70393,,1.42,1.3936,2.2886,9.22,12.06,14.19,15.87,13.0244,14.3697,15.2976,1.8436,1.70393,17.30705663672449,15.2976,0.01826811720422818
2018-01-12,255.2,2786.24,298.43405239819356,1.72152,,1.42,1.437,2.3465,10.16,12.2,14.18,15.63,12.9316,14.3358,15.3507,1.8174,1.72152,17.34716321427915,15.3507,0.01801082690176936
2018-01-19,257.24,2810.3,301.0111180137545,1.74447,,1.42,1.4268,2.4491,11.27,13.04,14.86,16.24,13.4544,14.7525,15.7112,1.8018,1.74447,17.618243377924426,15.7112,0.017857599700891232
2018-01-26,263.05,2872.87,307.71298815364014,1.7669,,1.42,1.4115,2.4702,11.08,13.46,15.11,16.49,13.7536,15.0498,15.9276,1.7633,1.7669,17.779974465493463,15.9276,0.01747934232318706
2018-02-02,252.28,2762.13,295.8516312846785,1.78902,,1.42,1.4728,2.5883,17.31,17.03,17.49,18.07,15.3909,16.2475,16.8359,1.8415,1.78902,18.451020038500463,16.8359,0.018247497139234972
2018-02-09,239.67,2619.55,280.5798933184822,1.82,,1.42,1.5545,2.5433,29.06,24.92,23.18,21.93,18.5512,18.6822,18.9244,1.9464,1.82,19.95009022452492,18.9244,0.01927699898173951
2018-02-16,250.28,2732.22,292.6479724084759,1.88494,,1.42,1.5901,2.6291,19.46,19.17,19.48,19.52,16.1987,16.8945,17.3554,1.8711,1.88494,18.82941075689404,17.3554,0.018538102631564003
2018-02-23,251.54,2747.3,294.26319059146255,1.95625,,1.42,1.6387,2.6183,16.49,17.5,18.21,18.3,15.0482,15.9352,16.6725,1.8589,1.95625,18.331205539366763,16.6725,0.01841833627398699
2018-03-02,246.19,2691.25,288.25967738480455,2.02519,,1.42,1.6387,2.6283,19.59,19.86,19.97,19.39,16.3569,16.9305,17.4542,1.9036,2.02519,18.900946085405806,17.4542,0.01885708237022212
2018-03-09,254.77,2786.57,298.46939868469104,2.08875,,1.42,1.6592,2.6502,14.64,17.01,17.95,18.51,15.3207,16.1507,16.6896,1.8415,2.08875,18.343762473061666,16.6896,0.018247497139234972
2018-03-16,251.78,2752.01,294.7676784987481,2.20175,,1.43,1.7691,2.6418,15.8,17.74,18.69,19.22,16.0732,16.7284,17.1769,1.8682,2.20175,18.699825471667065,17.1769,0.018509634878899735
2018-03-23,237.32,2588.26,277.2284226987437,2.29155,,1.68,1.7154,2.5993,24.87,22.79,22.86,21.31,18.1923,18.2017,18.3407,1.9851,2.29155,19.536916785205968,18.3407,0.019656538194313945
2018-03-30,241.45,2640.87,282.86347764615266,2.31175,,1.68,1.7001,2.562,19.97,20.55,21.05,20.87,17.9479,18.1014,18.2592,1.9531,2.31175,19.47888182193309,18.2592,0.0193427176323729
2018-04-06,238.05,2604.47,278.9646751354952,2.33746,,1.69,1.7077,2.5858,21.49,21.2,21.41,20.87,18.2321,18.1561,18.1702,1.9825,2.33746,19.4154078877512,18.1702,0.019631043949148132
2018-04-13,242.76,2656.3,284.5161843148187,2.35281,,1.69,1.7486,2.6726,17.41,18.55,19.35,19.7,17.0108,17.5043,17.8442,1.9483,2.35281,19.18202045837849,17.8442,0.01929563605273797
2018-04-20,244.06,2670.14,285.99858614854116,2.35923,,1.7,1.7997,2.7999,16.88,17.72,18.65,19.04,16.1991,16.6234,16.9255,1.9386,2.35923,18.516556080405103,16.9255,0.01920048526073203
2018-04-27,244.06,2669.91,285.97395085795193,2.35805,,1.7,1.8023,2.8006,15.41,17.08,18.22,18.71,15.9642,16.367,16.7756,1.9406,2.35805,18.406849671075992,16.7756,0.01922010472166835
2018-05-04,243.28,2663.42,285.27880722349676,2.36906,,1.7,1.8253,2.7837,14.77,16.65,17.84,18.43,15.5645,16.0242,16.4475,1.9483,2.36906,18.165582161835516,16.4475,0.01929563605273797
2018-05-11,249.36,2727.72,292.1659775925977,2.3425,,1.7,1.8995,2.8382,12.65,14.82,16.57,17.59,14.6446,15.4431,16.0519,1.8959,2.3425,17.872542698514067,16.0519,0.018781517906092778
2018-05-18,247.85,2712.97,290.5861056961087,2.32938,,1.7,1.8816,2.8881,13.42,15.19,16.79,17.71,14.7343,15.5327,16.2389,1.9123,2.32938,18.011357647561244,16.2389,0.01894245353120891
2018-05-25,248.33,2721.33,291.481544954051,2.31813,,1.7,1.8891,2.7652,13.22,14.83,16.43,17.55,14.5791,15.5073,16.338,1.9092,2.31813,18.084706884753583,16.338,0.018912034757917195
2018-06-01,249.74,2734.62,292.9050363102773,2.31781,,1.7,1.9046,2.7483,13.46,15.27,16.81,17.59,14.6691,15.4908,16.2197,1.9048,2.31781,17.997129529696696,16.2197,0.01886885813608863
2018-06-08,253.86,2779.03,297.66178959319757,2.32631,,1.7,1.9071,2.7838,12.18,14.6,16.13,17.23,14.3058,15.2295,16.0711,1.8757,2.32631,17.886819996879424,16.0711,0.018583256714973233
2018-06-15,254.04,2779.66,297.7292688674205,2.32594,,1.9,1.9174,2.7974,11.98,14.42,16.32,17.54,14.6515,15.5383,16.4187,1.8755,2.32594,18.144328227311885,16.4187,0.018581293536351465
2018-06-22,251.76,2754.88,295.0750840813191,2.33888,,1.92,1.9071,2.7668,13.77,15.5,16.92,18.12,15.1353,15.9182,16.6037,1.9013,2.33888,18.280640797835897,16.6037,0.018834511764705787
2018-06-29,248.29,2718.37,291.16449947516236,2.33575,,1.91,1.9123,2.7378,16.09,17.14,18.09,18.67,15.7846,16.3329,16.8361,1.9282,2.33575,18.451166453067597,16.8361,0.01909845785843777
2018-07-06,252.08,2759.82,295.604207279194,2.33144,,1.91,1.9404,2.7178,13.37,15.71,17.07,18.0,15.0975,15.8546,16.4273,1.87,2.33144,18.150676183596982,16.4273,0.018527304613883622
2018-07-13,255.75,2801.31,300.04819948158894,2.336,,1.91,1.966,2.7249,12.18,14.54,15.9,17.11,14.3169,15.3021,16.0105,1.8454,2.336,17.841737964746113,16.0105,0.01828579120724304
2018-07-20,255.52,2801.83,300.1038966603126,2.34156,,1.91,1.9685,2.7645,12.86,15.08,16.41,17.62,14.5619,15.5621,16.2742,1.8457,2.34156,18.037502070324727,16.2742,0.01828873684404308
2018-07-27,257.05,2818.82,301.92369486514974,2.34238,,1.91,1.9813,2.8394,13.03,15.0,16.22,17.33,14.1916,15.1724,15.8864,1.835,2.34238,17.749239284412333,15.8864,0.018183670433628712
2018-08-03,259.06,2840.35,304.2297722842281,2.343,,1.91,2.0018,2.8125,11.64,14.49,15.9,17.13,14.078,15.1734,15.945,1.8248,2.343,17.79294692781916,15.945,0.018083503390269852
2018-08-10,258.8,2833.28,303.47250487350425,2.31925,,1.91,2.0427,2.7448,13.16,15.22,16.29,17.4,14.3114,15.2749,15.9961,1.8363,2.31925,17.83101707762845,15.9961,0.018196436100661992
2018-08-17,260.22,2850.13,305.27730768406957,2.31188,,1.92,2.0325,2.7413,12.64,15.17,16.26,17.27,14.2411,15.1741,15.8706,1.8313,2.31188,17.737445473191354,15.8706,0.01814733648932465
2018-08-24,262.45,2874.69,307.90792827917244,2.31725,,1.92,2.0864,2.7122,11.99,14.82,16.07,17.08,14.1151,14.9906,15.6408,1.8186,2.31725,17.565469308497246,15.6408,0.01802261263710117
2018-08-31,264.76,2901.52,310.78168848139603,2.32075,,1.91,2.0938,2.7382,12.86,15.15,16.43,17.41,14.36,15.1074,15.6847,1.7998,2.32075,17.598387371563078,15.6847,0.01783795348985886
2018-09-07,262.27,2871.68,307.5855273023295,2.33125,,1.92,2.1298,2.8211,14.88,16.59,17.47,18.18,15.0477,15.6162,16.0627,1.8229,2.33125,17.880574376058796,16.0627,0.018064843714761067
2018-09-14,265.15,2904.98,311.1522889398267,2.33713,,1.92,2.1426,2.9033,12.07,14.37,15.6,16.98,14.0878,15.0038,15.6772,1.8025,2.33713,17.592765725418914,15.6772,0.017864475783567313
2018-09-21,267.17,2929.67,313.79683382961065,2.37263,,1.92,2.1631,2.9485,11.68,14.58,15.9,17.0,14.033,14.9977,15.7863,1.7884,2.37263,17.67445424299295,15.7863,0.01772596271620975
2018-09-28,265.83,2913.98,312.11627857158277,2.39838,,2.18,2.1964,2.9529,12.12,14.77,15.98,17.22,14.2706,15.2426,15.9617,1.7998,2.39838,17.805393090026303,15.9617,0.01783795348985886
2018-10-05,263.55,2885.57,309.0732846340065,2.40806,,2.18,2.209,3.0693,14.82,16.25,17.14,17.97,15.0558,15.8466,16.5003,1.8231,2.40806,18.204515647024675,16.5003,0.018066807907526947
2018-10-12,252.12,2767.13,296.38718108009795,2.43644,,2.18,2.263,3.0149,21.31,19.84,19.87,19.83,16.5343,16.7963,17.155,1.9043,2.43644,18.683896052254568,17.155,0.018863951583829665
2018-10-19,252.03,2767.78,296.45680255350254,2.47719,,2.19,2.304,3.0463,19.89,19.84,20.03,20.08,16.9266,17.1114,17.373,1.9053,2.47719,18.84216376957161,17.373,0.018873764664273453
2018-10-26,243.11,2658.69,284.7721771170294,2.52038,,2.2,2.3193,2.9071,24.16,22.48,21.97,21.41,17.9525,17.9334,18.1587,1.9839,2.52038,19.40719867716231,18.1587,0.019644771700385807
2018-11-02,248.09,2723.06,291.6668451832662,2.59238,,2.19,2.3142,3.033,19.51,20.3,20.45,20.47,17.5825,17.6705,17.7842,1.9408,2.59238,19.1389120158713,17.7842,0.01922206664659137
2018-11-09,253.08,2781.01,297.87386731218373,2.61813,,2.19,2.3448,3.0353,17.36,18.46,18.94,19.38,16.3411,16.7513,17.0868,1.9068,2.61813,18.63424605530268,17.0868,0.01888848410438547
2018-11-16,249.8,2736.27,293.0817677427657,2.6445,,2.2,2.3424,2.8782,18.14,19.35,19.82,20.02,17.1402,17.3082,17.5226,1.9438,2.6445,18.950391801948943,17.5226,0.019251495058548097
2018-11-23,239.46,2632.56,281.9733938861645,2.69119,,2.2,2.3962,2.8662,21.52,21.75,21.79,21.64,18.6761,18.5973,18.6009,2.0221,2.69119,19.721631250484428,18.6009,0.020019270494014037
2018-11-30,251.19,2760.17,295.6416957648733,2.73613,,2.2,2.3424,2.8125,18.07,18.89,19.49,20.03,17.2242,17.4946,17.8204,1.9335,2.73613,19.164926543613237,17.8204,0.019150453893016058
2018-12-07,240.06,2633.08,282.0290910648881,2.77106,,2.19,2.386,2.6891,23.23,22.44,21.89,21.39,19.0351,18.9543,18.9944,2.0363,2.77106,19.999353759619144,18.9944,0.02015844633801675
2018-12-14,236.96,2599.95,278.48053812043537,2.80069,,2.19,2.4091,2.7306,21.63,21.96,22.02,22.7,19.5525,19.389,19.4203,2.0679,2.80069,20.297799594730396,19.4203,0.020468092099862757
2018-12-21,219.5,2416.62,258.8440693215664,2.82163,,2.4,2.3757,2.6386,30.11,26.23,24.86,24.29,21.0402,20.5665,20.3284,2.2232,2.82163,20.92699008674347,20.3284,0.021988471890420146
2018-12-28,226.09,2485.74,266.2475096934522,2.797,,2.4,2.3706,2.5547,28.34,25.32,23.95,22.92,21.5579,19.9033,19.7212,2.1654,2.797,20.507343712391023,19.7212,0.02142288260079431
2019-01-04,230.21,2531.94,271.1959898031328,2.80388,2.4296,2.4,2.4065,2.5008,21.38,21.86,21.76,21.58,19.0484,18.8875,18.8416,2.1321,2.6912100000000003,19.89174032359472,18.8416,0.021096887419307438
2019-01-11,236.0,2596.26,278.0853023714155,2.78731,2.4448,2.4,2.4142,2.5288,18.19,19.74,20.35,20.62,17.9336,18.1004,18.1996,2.0805,2.70641,19.436387075214974,18.1996,0.02059153171551489
2019-01-18,242.96,2670.71,286.05963882521894,2.761,2.4512,2.4,2.3935,2.6231,17.8,18.84,19.27,19.62,16.774,17.2795,17.6234,2.0264,2.71281,19.023142541575847,17.6234,0.020061417336560163
2019-01-25,242.23,2664.76,285.42233456866916,2.75163,2.4614,2.4,2.3732,2.5992,17.42,18.82,19.3,19.71,17.0001,17.3755,17.6623,2.0316,2.72301,19.051181008458858,17.6623,0.02011238323842263
2019-02-01,245.94,2706.53,289.8963175596076,2.73263,2.4507,2.4,2.386,2.5033,16.14,17.59,18.32,18.85,16.3166,16.9148,17.2686,2.0075,2.71231,18.766452288478863,17.2686,0.019876154004789728
2019-02-08,246.12,2707.88,290.040916004371,2.69775,2.4468,2.4,2.4116,2.4445,15.72,17.26,17.9,18.53,16.0033,16.7367,17.2535,2.0118,2.70841,18.755489118114745,17.2535,0.019918306879548507
2019-02-15,252.56,2775.6,297.2944024335392,2.68288,2.4564,2.4,2.4192,2.4931,14.91,16.48,17.4,18.22,15.5628,16.4103,17.023,1.9681,2.71801,18.5877396866091,17.023,0.019489833283193453
2019-02-22,253.85,2792.67,299.122769435103,2.64625,2.4546,2.4,2.4424,2.471,13.51,15.46,16.53,17.56,14.9018,15.7988,16.4421,1.9603,2.7162100000000002,18.161597990894172,16.4421,0.019413335845820296
2019-03-01,255.1,2803.69,300.3031211842087,2.5985,2.4601,2.4,2.4296,2.5562,13.57,15.38,16.48,17.37,14.7148,15.6686,16.3461,1.9595,2.7217100000000003,18.090695590442326,16.3461,0.01940548962392322
2019-03-08,249.83,2743.07,293.81011546453686,2.59663,2.4364,2.4,2.4398,2.4303,16.05,17.11,17.81,18.35,15.9382,16.5917,17.1034,2.0019,2.69801,18.646337000905053,17.1034,0.019821254573671294
2019-03-15,256.89,2822.48,302.31571731539697,2.62525,2.436,2.4,2.4347,2.3951,12.88,14.98,16.24,17.3,14.7543,15.7125,16.4275,1.9496,2.69761,18.150823797357425,16.4275,0.0193083875327681
2019-03-22,255.16,2800.71,299.9839335061384,2.60988,2.4433,2.41,2.4424,2.2419,16.48,17.37,17.78,18.25,15.742,16.3855,16.8898,1.9692,2.70491,18.490457901100324,16.8898,0.019500620912528653
2019-03-29,257.61,2834.4,303.59246802767825,2.59975,2.4127,2.43,2.3809,2.233,13.71,15.8,16.89,17.73,15.109,15.9618,16.647,1.9442,2.67431,18.312472341766068,16.647,0.019255418781376325
2019-04-05,262.9,2892.74,309.8412630406386,2.59213,2.4188,2.41,2.422,2.3053,12.82,15.06,16.28,17.22,14.4592,15.4998,16.3181,1.9046,2.68041,18.06998970427171,16.3181,0.018866895518073953
2019-04-12,264.4,2907.41,311.41256614040077,2.601,2.4222,2.41,2.4219,2.3802,12.01,14.46,16.04,17.06,14.389,15.4983,16.3052,1.8985,2.6838100000000003,18.060446238058194,16.3052,0.01880703381820951
2019-04-19,264.17,2905.03,311.15764443778085,2.58113,2.4393,2.43,2.4116,2.3709,12.09,14.57,16.14,17.25,14.518,15.5733,16.367,1.9039,2.70091,18.106143380870716,16.367,0.018860026324688958
2019-04-26,267.03,2939.88,314.89042651185815,2.58275,2.4362,2.44,2.4091,2.2882,12.73,14.89,16.2,17.29,14.4025,15.4553,16.2253,1.882,2.69781,18.001279974758024,16.2253,0.018645094868839394
2019-05-03,267.58,2945.64,315.5073798761819,2.55988,2.4374,2.4,2.4168,2.3234,12.87,15.07,16.38,17.51,14.6047,15.6237,16.3549,1.8794,2.69901,18.09720072204824,16.3549,0.018619574824315345
2019-05-10,262.08,2881.4,308.626636104626,2.52788,2.4101,2.38,2.4168,2.2633,16.04,16.9,17.47,18.06,15.3145,16.0697,16.6945,1.9271,2.67171,18.347359871248017,16.6945,0.01908766588982071
2019-05-17,259.81,2859.53,306.284141299459,2.52188,2.4046,2.39,2.3732,2.1728,15.96,17.06,17.57,18.1,15.4477,16.0369,16.557,1.9479,2.66621,18.246278871293903,16.557,0.01929171248770831
2019-05-24,257.07,2826.06,302.69917096891766,2.52488,2.416,2.38,2.3371,2.1205,15.85,17.09,17.72,18.27,15.8096,16.2977,16.7339,1.9733,2.67761,18.376273159606573,16.7339,0.01954082832393679
2019-05-31,249.87,2752.06,294.77303399670194,2.5025,2.4304,2.4,2.3399,1.911,18.71,18.83,19.14,19.23,16.9091,17.0854,17.326,2.0303,2.6920100000000002,18.808097847388396,17.326,0.020099642006472743
2019-06-07,260.99,2873.34,307.76332983440903,2.45063,2.3311,2.37,2.2666,1.8529,16.3,17.15,17.86,18.27,15.5138,15.9976,16.4594,1.9499,2.5927100000000003,18.174360561397812,16.4594,0.019311330158914806
2019-06-14,262.4,2886.98,309.2243096763147,2.402,2.281,2.36,2.1682,1.8326,15.28,16.6,17.48,18.06,15.408,15.9722,16.407,1.9442,2.5426100000000003,18.13569028137761,16.407,0.019255418781376325
2019-06-21,267.46,2950.46,316.02364987896675,2.34925,2.1971,2.38,2.0997,1.7906,15.4,16.67,17.43,18.04,15.196,15.7796,16.3041,1.9045,2.45871,18.059632338147043,16.3041,0.018865914207622164
2019-06-28,266.89,2941.76,315.091793234936,2.31988,2.1804,2.4,2.0868,1.7664,15.08,16.06,16.96,17.73,15.0352,15.8282,16.3233,1.9082,2.4420100000000002,18.07383597449536,16.3233,0.018902222053015567
2019-07-05,271.08,2990.41,320.30269274437234,2.31138,2.153,2.42,2.2152,1.8308,13.28,14.98,15.99,16.94,14.1696,15.1025,15.7732,1.8815,2.41461,17.664655555514717,15.7732,0.018640187218548727
2019-07-12,273.35,3013.77,322.80478138857455,2.32225,2.1449,2.38,2.1298,1.8709,12.39,14.8,16.09,17.09,14.2901,15.1932,15.8683,1.8691,2.40651,17.735728327605415,15.8683,0.018518469785419118
2019-07-19,269.86,2976.61,318.8245753090132,2.25938,2.1066,2.41,2.0637,1.8147,14.45,15.93,16.9,17.77,15.1701,15.7887,16.2857,1.8951,2.36821,18.046015308013935,16.2857,0.018773666725226065
2019-07-26,274.16,3025.86,324.09974079390014,2.26575,2.1255,2.4,2.1125,1.8469,12.16,14.69,15.95,17.02,14.3698,15.1944,15.7686,1.8645,2.3871100000000003,17.661214154137262,15.7686,0.018473312776454653
2019-08-02,265.82,2932.05,314.0517555322305,2.23925,2.1295,2.14,2.0483,1.6582,17.61,17.89,18.11,18.31,15.8748,16.275,16.602,1.9213,2.3911100000000003,18.279390498656493,16.602,0.01903076085645704
2019-08-09,264.67,2918.65,312.616482080505,2.17563,1.9847,2.12,1.9864,1.5792,17.97,18.56,18.56,18.51,16.1134,16.391,16.6436,1.9354,2.24631,18.30997386249465,16.6436,0.01916909332257157
2019-08-16,262.11,2888.68,309.40639660675765,2.13588,1.927,2.13,1.8585,1.4169,18.47,19.7,19.64,19.33,17.0561,17.1013,17.2052,1.9676,2.18861,18.720400080980937,17.2052,0.019484929776843154
2019-08-23,258.84,2847.11,304.953835607636,2.14438,1.9477,2.12,1.9534,1.4173,19.87,20.36,20.22,20.11,18.1158,18.0619,18.0582,1.9968,2.20931,19.335383691880143,18.0582,0.019771254255031397
2019-08-30,265.12,2926.46,313.4530108609511,2.13763,1.9139,2.13,1.9765,1.3865,18.98,19.54,19.85,19.86,17.2632,17.4469,17.585,1.9486,2.17551,18.99544430592214,17.585,0.0192985787164077
2019-09-06,270.2,2978.71,319.0495062230899,2.13413,1.8913,2.12,1.9481,1.4328,15.0,17.46,18.51,19.01,16.3773,16.8326,17.0887,1.919,2.15291,18.635630156294805,17.0887,0.019008194170673145
2019-09-13,272.53,3007.39,322.1214198496189,2.13938,1.8939,2.14,1.956,1.7507,13.74,16.67,18.04,18.7,16.162,16.7403,17.0945,1.9016,2.15551,18.639854990689173,17.0945,0.018837455785620114
2019-09-20,270.81,2992.07,320.48049527645213,2.13463,1.9539,1.9,1.897,1.6002,15.32,17.71,18.96,19.57,16.9701,17.3899,17.6174,1.9134,2.21551,19.018816014083914,17.6174,0.018953247067058518
2019-09-27,268.48,2961.79,317.23720571538877,2.09863,1.8367,1.83,1.779,1.562,17.22,18.75,19.62,20.03,17.3825,17.8345,17.9581,1.9316,2.09831,19.26372251181491,17.9581,0.01913181411602573
2019-10-04,267.32,2952.01,316.18967031554735,2.027,1.7064,1.82,1.6873,1.347,17.04,18.59,19.51,20.0,17.2983,17.7465,17.8073,1.9438,1.96801,19.155514474143683,17.8073,0.019251495058548097
2019-10-11,269.11,2970.27,318.14549816842117,2.00088,1.6793,1.82,1.6611,1.5542,15.58,17.55,18.86,19.56,16.8301,17.3492,17.5377,1.9345,1.9409100000000001,18.961298808937972,17.5377,0.019160264162406133
2019-10-18,270.7,2986.2,319.8517598166292,1.95325,1.6719,1.85,1.656,1.5675,14.25,16.65,18.21,19.45,16.5187,17.1933,17.4522,1.9267,1.93351,18.89949933718183,17.4522,0.01908374150872013
2019-10-25,273.6,3022.55,323.7452068293326,1.92813,1.6358,1.83,1.6612,1.6192,12.65,15.71,17.45,19.01,16.0878,16.771,17.1357,1.9042,1.8974099999999998,18.6698521991961,17.1357,0.018862970270488957
2019-11-01,277.49,3066.91,328.4966046142986,1.8905,1.59,1.57,1.5136,1.5424,12.3,15.42,17.29,18.83,15.9655,16.621,16.979,1.8794,1.85161,18.55563260849154,16.979,0.018619574824315345
2019-11-08,279.96,3093.08,331.29967224352674,1.90063,1.6017,1.55,1.5433,1.7456,12.07,15.53,17.5,19.07,16.2414,16.8327,17.1906,1.869,1.8633099999999998,18.709787022461523,17.1906,0.018517488132993774
2019-11-15,282.47,3120.46,334.2323429232465,1.90263,1.5925,1.55,1.5613,1.6468,12.05,14.99,17.1,18.68,15.9865,16.5555,16.9816,1.8555,1.85411,18.55753061226332,16.9816,0.01838495620855896
2019-11-22,281.86,3110.29,333.14303463936227,1.91725,1.6157,1.55,1.5766,1.624,12.34,15.4,17.53,19.08,16.4045,16.8271,17.1758,1.8685,1.87731,18.6990255247413,17.1758,0.01851257985641238
2019-11-29,284.78,3140.98,336.4302392836501,1.9055,1.6167,1.56,1.5672,1.6259,12.62,15.51,17.41,18.94,16.0265,16.5268,16.9834,1.8539,1.87831,18.5588445583565,16.9834,0.018369247556920567
2019-12-06,284.99,3145.91,336.9582913819342,1.8905,1.598,1.55,1.5049,1.6626,13.62,16.21,17.74,19.1,16.2087,16.6799,17.059,1.855,1.85961,18.613988624814,17.059,0.01838004728142952
2019-12-13,287.34,3168.8,339.410038345367,1.89963,1.6043,1.55,1.5562,1.6532,12.63,15.28,17.05,18.59,15.6556,16.1911,16.6658,1.8413,1.86591,18.326284405428677,16.6658,0.01824553330134586
2019-12-20,291.91,3221.22,345.02474240055,1.93475,1.5867,1.55,1.5613,1.7304,12.51,15.32,16.85,18.37,15.4514,16.0018,16.4983,1.8159,1.8483100000000001,18.203041648230094,16.4983,0.017996094537268793
2019-12-27,292.98,3240.02,347.03840963132916,1.94463,1.5854,1.55,1.551,1.678,13.43,15.95,17.28,18.51,15.5177,16.0439,16.5357,1.8106,1.84701,18.230595617918702,16.5357,0.017944038444361467
2020-01-03,292.79,3234.85,346.48465114286495,1.87388,1.5655,1.55,1.5075,1.5896,14.02,16.01,17.16,18.44,15.6347,16.1629,16.6948,1.8167,1.8271099999999998,18.347580108727335,16.6948,0.018003951825345494
2020-01-10,295.44,3265.35,349.7515048949269,1.83775,1.5862,1.54,1.5305,1.6315,12.56,14.95,16.33,17.65,14.907,15.5762,16.1533,1.8064,1.84781,17.947880782467855,16.1533,0.017902784521549562
2020-01-17,300.89,3329.62,356.63546196525533,1.81913,1.5894,1.55,1.5535,1.6195,12.1,14.41,15.76,17.08,14.4152,15.2035,15.766,1.7733,1.85101,17.659268866791553,15.766,0.017577604748795488
2020-01-24,298.04,3295.47,352.97765686253683,1.79538,1.5839,1.55,1.5254,1.5038,14.56,16.07,16.78,17.75,15.1304,15.6853,16.1649,1.7926,1.84551,17.956489317534544,16.1649,0.01776722393410922
2020-01-31,291.75,3225.52,345.4853152246113,1.75113,1.5721,1.59,1.5382,1.3134,18.84,18.63,18.34,18.57,15.8534,16.0719,16.3765,1.8336,1.83371,18.11316293853608,16.3765,0.01816992260995808
2020-02-07,300.94,3327.71,356.43088194340476,1.73088,1.5784,1.58,1.5357,1.4044,15.47,16.29,16.94,17.73,14.9766,15.5317,15.9466,1.8057,1.84001,17.794139561895495,15.9466,0.01789590870228339
2020-02-14,305.96,3380.16,362.04879929736023,1.69175,1.5549,1.58,1.5689,1.4159,13.68,15.5,16.46,17.37,14.5731,15.1783,15.6492,1.782,1.81651,17.57177035195868,15.6492,0.01766308520550968
2020-02-21,302.18,3337.75,357.5062659326081,1.67925,1.5602,1.58,1.5459,1.3224,17.08,17.61,17.92,18.33,15.4604,15.8147,16.1172,1.806,1.8218100000000002,17.921077284511764,16.1172,0.017898855487757902
2020-02-28,267.05,2954.22,316.426383325123,1.46275,1.4043,1.58,1.267,0.9356,40.11,29.85,25.91,23.14,20.7155,19.3122,18.6798,2.0445,1.6659100000000002,19.77747205236222,18.6798,0.020238806665930132
2020-03-06,268.23,2972.37,318.37042908249754,0.896,0.6773,1.09,0.4504,0.6093,41.94,35.46,31.4,27.73,24.208,22.4076,21.5198,2.0348,0.93891,21.738499663754194,21.5198,0.020143745579310326
2020-03-13,243.97,2711.02,290.37724127589513,0.84313,0.2103,1.1,0.2441,0.7168,57.83,48.31,41.23,34.04,29.1491,26.2655,24.756,2.2368,0.47191,23.871058882691443,24.756,0.022121505246774035
2020-03-20,208.02,2304.92,246.87988689188435,1.20413,0.1136,0.15,-0.033,0.4585,66.04,65.59,53.12,40.15,35.7884,31.6128,29.6293,2.6216,0.37521000000000004,26.9154951537885,29.6293,0.025878250906812224
2020-03-27,229.43,2541.47,272.21674771320363,1.45013,0.0582,0.1,-0.0381,0.3942,65.54,55.75,47.71,35.21,30.3582,27.1209,25.173,2.3762,0.31981000000000004,24.13890866473069,25.173,0.023484077728166183
2020-04-03,225.68,2488.65,266.55919967438695,1.38738,0.0588,0.05,0.0585,0.3844,46.8,44.84,40.84,33.82,30.4512,27.9845,26.1084,2.4298,0.32041000000000003,24.73444382230907,26.1084,0.02400749990548263
2020-04-10,252.68,2789.82,298.8175060517141,1.21888,0.0691,0.05,0.1933,0.4045,41.67,40.61,37.42,32.43,27.7001,25.0007,23.4894,2.1713,0.33071,23.04813347115642,23.4894,0.021480630425846196
2020-04-17,260.88,2874.56,307.8940039844918,1.109,0.0738,0.05,0.0864,0.3596,38.15,37.28,35.66,32.43,27.3362,25.0562,23.6519,2.1052,0.33541,23.15452101847205,23.6519,0.02083346834594965
2020-04-24,257.2,2836.74,303.8431053319351,0.88713,0.0556,0.05,0.0991,0.3734,35.93,37.81,37.1,33.52,28.8295,26.3719,24.7916,2.1332,0.31721,23.89398384829554,24.7916,0.021107657726354312
2020-05-01,256.49,2830.71,303.1972322786586,0.54088,0.03128,0.05,0.0991,0.3497,37.19,37.97,36.85,33.29,28.3725,26.1063,24.7469,2.1362,0.29289,23.86519709327265,24.7469,0.021137030701456953
2020-05-08,266.2,2929.8,313.81075812429174,0.43463,0.0524,0.05,0.0941,0.3338,27.98,31.64,32.73,30.67,25.5647,23.9603,23.0809,2.0658,0.31401,22.779605992010797,23.0809,0.020447517349098193
2020-05-15,258.74,2863.7,306.73078982883953,0.3805,0.0612,0.05,0.0991,0.3082,31.89,34.51,35.57,32.83,26.728,24.8328,23.792,2.1148,0.32281,23.246048786504623,23.792,0.020927484602996666
2020-05-22,268.42,2955.45,316.55812857479617,0.36925,0.0562,0.05,0.1144,0.3334,28.16,31.54,33.16,30.68,24.977,23.5981,22.8247,2.0495,0.31781000000000004,22.61038774845132,22.8247,0.020287803696719866
2020-05-29,276.51,3044.31,326.07591953900015,0.344,0.0741,0.05,0.1246,0.3036,27.51,30.27,31.96,29.29,23.4275,22.2135,21.6615,1.9907,0.33571,21.83401183094551,21.6615,0.01971144666876441
2020-06-05,289.67,3193.93,342.1017116171476,0.31288,0.0785,0.07,0.1471,0.463,24.52,27.42,29.68,27.47,21.5075,20.9528,20.7712,1.8982,0.34011,21.230396044408966,20.7712,0.018804089707730783
2020-06-12,275.86,3041.31,325.7545896617481,0.32088,0.0767,0.08,0.15,0.3279,36.09,38.05,37.79,32.34,25.9678,24.732,23.7037,1.9939,0.33831,23.188383038554228,23.7037,0.019742821586285268
2020-06-19,279.12,3097.74,331.79880465285794,0.30513,0.0829,0.09,0.1471,0.3266,35.12,36.68,37.74,32.92,26.2229,24.7538,23.833,1.9594,0.34451,23.272800339245336,23.833,0.019404508841857408
2020-06-26,274.33,3009.05,322.2992223816983,0.30788,0.0707,0.08,0.1369,0.302,34.73,35.8,36.23,32.34,26.5717,25.1464,24.2889,2.0108,0.33231,23.569243175947946,24.2889,0.019908504043980212
2020-07-03,285.46,3130.01,335.25524303249847,0.30375,0.0677,0.09,0.1369,0.2958,27.68,30.87,31.82,29.29,23.4936,22.6863,22.2164,1.9341,0.32931,22.206061439190048,22.2164,0.01915634006619906
2020-07-10,289.97,3185.04,341.1495040808907,0.26813,0.0793,0.09,0.1246,0.3055,27.29,31.02,31.72,29.23,23.3108,22.5905,22.1131,1.8969,0.34091,22.137036654266897,22.1131,0.018791331795494248
2020-07-17,293.21,3224.73,345.4006983569344,0.27138,0.0788,0.09,0.1039,0.2834,25.68,30.37,31.73,31.0,23.0325,22.3419,21.9817,1.8753,0.34041,22.04908061864114,21.9817,0.018579330353875614
2020-07-24,292.3,3215.63,344.4259977292701,0.24675,0.0807,0.09,0.1039,0.2756,25.84,30.56,31.65,30.52,22.9901,22.312,21.9742,1.8808,0.34231,22.04405503877458,21.9742,0.018633316467678695
2020-07-31,297.73,3271.12,350.369529358841,0.24875,0.0715,0.1,0.0837,0.2044,24.46,29.71,31.21,30.53,22.8219,22.2809,22.0016,1.8506,0.33311,22.06241239884847,22.0016,0.018336847683571786
2020-08-07,305.14,3351.28,358.9554636790141,0.2525,0.0735,0.1,0.089,0.231,22.21,28.28,30.22,30.27,21.7999,21.4956,21.2857,1.8017,0.33511,21.580246928599824,21.2857,0.017856617399506433
2020-08-14,306.67,3372.85,361.2658254964558,0.27038,0.0801,0.1,0.0887,0.2945,22.05,28.37,30.45,30.95,22.2983,21.9485,21.7427,1.7898,0.34171,21.888650770392744,21.7427,0.017739716644675784
2020-08-21,309.5,3397.16,363.8696686017878,0.25,0.0715,0.09,0.0887,0.2643,22.54,28.17,29.51,31.79,21.9025,21.7351,21.536,1.7728,0.33311,21.74942974017608,21.536,0.01757269185682653
2020-08-28,319.71,3508.01,375.7428075662487,0.24088,0.0738,0.09,0.0963,0.2689,22.96,29.62,30.49,32.52,22.0161,21.6844,21.4295,1.7181,0.33541,21.677524472615616,21.4295,0.01703507566546367
2020-09-04,311.78,3426.96,367.0615453824908,0.248,0.0764,0.09,0.0991,0.2991,30.75,34.75,33.94,34.33,24.3097,23.5135,23.1239,1.7551,0.33801000000000003,22.807945924205793,23.1239,0.01739875992862777
2020-09-11,304.14,3340.97,357.85116000085793,0.25038,0.0813,0.09,0.109,0.2516,26.87,31.13,31.66,33.07,23.4517,22.8391,22.5242,1.8019,0.34291,22.41110384356727,22.5242,0.017858582001311116
2020-09-18,303.5,3319.47,355.548295880552,0.22538,0.0751,0.09,0.0811,0.2819,25.83,30.46,31.69,33.66,23.9135,23.2147,22.8341,1.8132,0.33671,22.616607488081844,22.8341,0.017969575734208144
2020-09-25,300.84,3298.46,353.2979156401972,0.21788,0.0721,0.09,0.0913,0.2673,26.38,32.03,32.62,32.28,24.4178,23.5127,23.0009,1.8244,0.33371,22.726833845480016,23.0009,0.018079575066465972
2020-10-02,305.6,3348.44,358.65127139521525,0.2335,0.0718,0.09,0.0864,0.2863,27.63,32.39,33.1,31.63,24.5532,23.6616,23.1749,1.7878,0.33341,22.841535730137604,23.1749,0.01772006811752875
2020-10-09,317.86,3477.13,372.4352520297348,0.22413,0.076,0.09,0.0938,0.3374,25.0,28.28,29.59,29.49,22.3754,21.9716,21.7165,1.7246,0.33761,21.871028379611683,21.7165,0.017098975721864924
2020-10-16,316.86,3483.81,373.1507465564158,0.21838,0.0804,0.09,0.0913,0.3217,27.41,29.21,29.25,30.22,22.5848,22.1458,21.8534,1.7232,0.34201000000000004,21.963031058750172,21.8534,0.017085212977809478
2020-10-23,315.9,3465.39,371.17778111008863,0.2165,0.0831,0.09,0.0862,0.3765,27.55,28.99,29.14,29.89,22.3773,21.9721,21.7053,1.7327,0.34471,21.863492990401717,21.7053,0.01717859930877264
2020-10-30,298.78,3269.96,350.2452818063033,0.21575,0.0829,0.09,0.0864,0.3844,38.02,36.27,34.3,32.7,24.9286,23.7776,23.133,1.8379,0.34451,22.8139412007754,23.133,0.018212147467148596
2020-11-06,320.38,3509.44,375.8959748077387,0.20588,0.08727,0.09,0.0862,0.361,24.86,27.37,27.91,28.77,21.5039,21.3353,21.2372,1.7096,0.34888,21.547388580830024,21.2372,0.01695150789170477
2020-11-13,327.82,3585.15,384.00526980998814,0.222,0.08717,0.09,0.0837,0.4062,23.1,25.69,26.82,27.84,20.5521,20.7473,20.8503,1.6733,0.34878,21.284368220210748,20.8503,0.016594545724428648
2020-11-20,325.28,3557.54,381.04796383967897,0.20488,0.0772,0.08,0.0634,0.3715,23.7,26.06,27.07,27.76,21.1184,21.1602,21.1732,1.6891,0.33881,21.503990955493386,21.1732,0.016749933348018765
2020-11-27,332.81,3638.35,389.70351963325675,0.22538,0.0719,0.08,0.0737,0.364,20.84,24.43,26.05,27.03,20.2546,20.5292,20.6931,1.653,0.33351000000000003,21.177039205330605,20.6931,0.016394866685686984
2020-12-04,338.43,3699.12,396.2125918467912,0.22588,0.07091,0.09,0.0735,0.4162,20.79,24.29,26.08,27.07,20.0645,20.4448,20.6135,1.639,0.33252000000000004,21.12258874327021,20.6135,0.01625713376926989
2020-12-11,335.07,3663.46,392.39305070585584,0.2165,0.06195,0.09,0.0634,0.3655,23.31,26.05,27.68,28.03,20.9429,21.0327,21.0239,1.6537,0.32356,21.402582738405016,21.0239,0.016401752833561132
2020-12-18,339.91,3709.41,397.3147533257654,0.23575,0.06913,0.09,0.0811,0.3814,21.57,25.17,27.22,27.88,20.6455,20.8054,20.8124,1.6313,0.33074000000000003,21.258516472729465,20.8124,0.016181372578346443
2020-12-25,338.88,3703.06,396.6346050855821,0.24013,0.06673,0.09,0.0811,0.3622,21.53,25.37,27.35,27.81,20.4401,20.7081,20.7143,1.6035,0.32834,21.191529353196522,20.7143,0.015907797381840852
2021-01-01,343.81,3756.07,402.3125040166248,0.23838,0.06521,0.09,0.0583,0.3608,22.75,25.28,27.29,27.62,20.5129,20.7736,20.8036,1.5719,0.32682,21.252511721003156,20.8036,0.015596736099276143
2021-01-08,350.11,3824.68,409.6613183093776,0.22438,0.06973,0.09,0.071,0.4833,21.56,24.9,27.08,27.27,20.1665,20.6227,20.7357,1.5406,0.33134,21.206151207894674,20.7357,0.01528853251507759
2021-01-15,345.04,3768.25,403.61710331826777,0.22338,0.0692,0.09,0.0761,0.4501,24.34,27.26,28.1,28.6,21.4386,21.638,21.5685,1.5653,0.33081,21.771349135005888,21.5685,0.015531755386710228
2021-01-22,351.65,3841.47,411.4596945223979,0.21525,0.05777,0.08,0.071,0.4311,21.91,25.99,27.52,27.98,21.0512,21.4219,21.4568,1.5358,0.31938,21.69596781367303,21.4568,0.015241259666032661
2021-01-29,339.82,3714.24,397.8320944281411,0.20188,0.04702,0.07,0.0482,0.4193,33.09,33.88,33.96,31.92,24.2211,23.8749,23.4799,1.5891,0.30863,23.041906344348277,23.4799,0.015766059936440698
2021-02-05,355.87,3886.83,416.318202266448,0.19088,0.03648,0.08,0.0203,0.4624,20.87,26.52,28.59,28.41,21.7389,22.0447,22.0837,1.4881,0.29809,22.11737209630922,22.0837,0.01477136424113257
2021-02-12,360.52,3934.83,421.45948030247973,0.19375,0.03658,0.08,0.0355,0.4916,19.97,26.5,29.34,28.84,21.6933,21.9765,22.0691,1.4693,0.29819,22.10760347392605,22.0691,0.014586103688388297
2021-02-19,357.95,3906.71,418.44754825303784,0.17525,0.03447,0.07,0.0279,0.5758,22.05,27.09,29.36,29.27,22.1628,22.3703,22.3723,1.4795,0.29608,22.310032011794263,22.3723,0.014686621651624229
2021-02-26,349.35,3811.15,408.2121205629712,0.18838,0.04962,0.07,0.033,0.7313,27.95,29.6,31.3,29.37,22.8098,22.6772,22.5279,1.5173,0.31123,22.4135629360408,22.5279,0.015059041319686915
2021-03-05,352.08,3841.94,411.5100362031674,0.18538,0.04409,0.07,0.0253,0.7983,24.66,27.89,29.87,28.1,21.6618,21.7197,21.6454,1.504,0.3057,21.823170175651036,21.6454,0.01492802058423673
2021-03-12,361.55,3943.34,422.3709860542846,0.1895,0.0411,0.07,0.0203,0.8401,20.69,25.74,28.11,27.17,21.0022,21.2713,21.3312,1.4705,0.30271000000000003,21.611050210144338,21.3312,0.01459792985555722
2021-03-19,358.52,3913.1,419.13198089158453,0.19688,0.02706,0.07,-0.0025,0.8806,20.95,24.99,27.32,26.88,20.8692,21.2442,21.2935,1.4835,0.28867,21.585529042550938,21.2935,0.014726037702830782
2021-03-26,364.49,3974.54,425.71281677770526,0.199,0.01924,0.07,0.0152,0.8652,18.86,22.32,24.79,25.16,18.9533,19.6516,19.8909,1.4574,0.28085,20.625052955713322,19.8909,0.014468819959695711
2021-04-02,368.65,4019.87,430.5681112229829,0.19975,0.0191,0.07,0.0127,0.9009,17.33,20.97,23.49,24.19,18.2938,19.1358,19.4813,1.4318,0.28071,20.34036607789332,19.4813,0.014216465471276843
2021-04-09,378.72,4128.8,442.23559906600264,0.1875,0.02722,0.07,0.0076,0.8627,16.69,20.74,23.19,23.81,18.194,18.9387,19.2651,1.3971,0.28883000000000003,20.189298611878957,19.2651,0.013874305154492223
2021-04-16,383.94,4185.47,448.30552044729274,0.18825,0.03507,0.07,0.0101,0.8307,16.25,20.53,23.16,23.84,18.1309,18.8097,19.102,1.3801,0.29668,20.074961487784627,19.102,0.013706633443473155
2021-04-23,383.5,4180.17,447.7378376641475,0.18138,0.03106,0.07,0.0152,0.8164,17.33,21.57,23.88,24.21,18.398,18.8636,19.1145,1.3828,0.29267,20.0837357343105,19.1145,0.013733265534453898
2021-04-30,383.78,4181.17,447.84494762323146,0.17638,0.03138,0.05,0.0025,0.8461,18.61,22.07,24.19,24.49,18.5832,18.9783,19.1726,1.3835,0.29299000000000003,20.124493455752315,19.1726,0.013740170034856605
2021-05-07,388.44,4232.6,453.3536128189214,0.15988,0.0303,0.06,0.0051,0.7741,16.69,20.79,23.13,23.77,17.9168,18.4349,18.7011,1.3581,0.29191,19.792533513064946,18.7011,0.013489604782013671
2021-05-14,383.27,4173.85,447.0609027227366,0.15513,0.02834,0.06,-0.0025,0.8129,18.81,22.26,24.23,24.69,18.3172,18.6644,18.8585,1.3784,0.28995,19.903656808500315,18.8585,0.01368986472600839
2021-05-21,381.69,4155.86,445.1339945588154,0.147,0.02834,0.06,-0.0025,0.8212,20.15,23.49,25.54,25.51,19.0074,19.175,19.3152,1.387,0.28995,20.2243553484197,19.3152,0.01377469182180636
2021-05-28,386.35,4204.11,450.3020500846182,0.13138,0.02631,0.05,0.0025,0.7995,16.76,20.48,23.11,23.82,17.6351,18.1463,18.4841,1.3732,0.28792,19.63882243813782,18.4841,0.013638570432881822
2021-06-04,388.72,4229.89,453.0633448298038,0.12825,0.02857,0.06,0.0127,0.7788,16.42,20.62,23.3,24.2,17.9501,18.4813,18.7161,1.3667,0.29018,19.803136757941267,18.7161,0.013574448866261468
2021-06-11,390.33,4247.44,454.94312461172785,0.11888,0.02668,0.06,0.0203,0.7387,15.65,19.64,22.3,23.24,17.3685,17.9828,18.2785,1.3637,0.28829,19.492632829360016,18.2785,0.013544852910250735
2021-06-18,382.68,4166.45,446.26828902551506,0.13488,0.04831,0.1,0.0279,0.8746,20.7,22.93,24.48,24.67,18.7165,18.9515,19.0479,1.3931,0.30992000000000003,20.036964545968416,19.0479,0.013834855516388224
2021-06-25,393.53,4280.7,458.5056018508616,0.146,0.04561,0.1,0.0431,0.9215,15.62,19.0,21.83,23.18,17.0799,17.7468,18.1546,1.3594,0.30722,19.40427149776397,18.1546,0.013502430512402195
2021-07-02,400.12,4352.34,466.1789593196391,0.13788,0.04702,0.1,0.038,0.8573,15.07,19.3,21.94,23.35,17.3161,17.9581,18.3969,1.3378,0.30863,19.57688611541179,18.3969,0.013289304725940806
2021-07-09,401.71,4369.55,468.02232171547473,0.12863,0.04792,0.1,0.0431,0.785,16.18,20.44,22.64,23.99,17.922,18.1441,18.5214,1.3336,0.30953,19.665286206953706,18.5214,0.013247858325505409
2021-07-16,397.88,4327.16,463.4819305499042,0.13425,0.04788,0.1,0.0431,0.7734,18.45,22.07,23.94,25.04,18.5477,18.8823,19.1364,1.3503,0.30949,20.099103623127384,19.1364,0.01341264694500396
2021-07-23,405.67,4411.79,472.5466463871828,0.12888,0.04833,0.1,0.0431,0.7118,17.2,21.65,23.62,24.8,18.0208,18.4027,18.68,1.3236,0.30994,19.77761350103827,18.68,0.013149169505092257
2021-07-30,404.42,4395.26,470.7761187635244,0.11775,0.04822,0.07,0.0406,0.6904,18.24,22.18,24.37,25.3,18.3134,18.6048,18.7332,1.3308,0.30983,19.815221016194062,18.7332,0.01322022643751543
2021-08-06,408.11,4436.52,475.1954756753301,0.12838,0.04848,0.1,0.0431,0.7677,16.15,20.87,23.68,24.97,17.729,18.196,18.5004,1.3221,0.31009000000000003,19.65038921316036,18.5004,0.013134365341963924
2021-08-13,411.15,4468.0,478.5672971872941,0.12425,0.0493,0.1,0.0456,0.7731,15.45,20.26,22.92,24.53,17.9241,18.3845,18.7301,1.3145,0.31091,19.813030574580505,18.7301,0.013059354213633075
2021-08-20,408.8,4441.67,475.7470919646124,0.12838,0.05043,0.09,0.0431,0.7817,18.56,22.41,24.64,25.64,18.7526,18.9804,19.1783,1.3254,0.31204,20.128489851388114,19.1783,0.01316693421155562
2021-08-27,415.11,4509.37,482.998436194599,0.11988,0.05329,0.08,0.0456,0.7995,16.39,20.61,23.54,25.32,18.1192,18.5668,18.8376,1.3072,0.3149,19.888919334514686,18.8376,0.01298729875261228
2021-09-03,417.78,4535.43,485.789721728328,0.1155,0.05234,0.08,0.033,0.7836,16.41,20.32,23.47,25.49,18.272,18.804,19.1039,1.3046,0.31395,20.076295296085625,19.1039,0.012961633909793229
2021-09-10,410.76,4458.58,477.5583213727229,0.11575,0.05234,0.08,0.038,0.816,20.95,23.31,25.29,27.08,19.5655,19.9331,20.2395,1.3298,0.31395,20.865812517074925,20.2395,0.013210357721050482
2021-09-17,408.24,4432.99,474.81737751976345,0.12388,0.05982,0.08,0.0304,0.86,20.81,23.22,25.23,26.88,19.8683,20.1267,20.4061,1.3396,0.32143,20.980387536000382,20.4061,0.013307066943139637
2021-09-24,410.46,4455.48,477.2262804995626,0.13225,0.05788,0.08,0.0253,0.9469,17.75,20.82,23.66,25.38,19.2544,19.662,20.0427,1.3289,0.31949,20.730063963203012,20.0427,0.013201475792961475
2021-10-01,401.04,4357.04,466.6823761273341,0.13313,0.05541,0.08,0.0304,0.928,21.15,23.05,25.3,26.82,22.6697,20.4119,20.5945,1.3609,0.31702,21.10958146036809,20.5945,0.013517229227676661
2021-10-08,404.6,4391.34,470.35624772391515,0.12113,0.05505,0.08,0.0456,1.0595,18.77,21.88,24.46,26.21,19.9163,20.1796,20.4743,1.3539,0.31666,21.027200734531913,20.4743,0.013448166682635232
2021-10-15,412.0,4471.37,478.9282577494073,0.12363,0.05346,0.08,0.0431,1.1255,16.3,20.3,23.43,25.49,19.0427,19.4753,20.0072,1.3323,0.31507,20.70552977728645,20.0072,0.01323502932960607
2021-10-22,418.84,4544.9,486.80405304085355,0.12488,0.04731,0.08,0.0507,1.1957,15.43,20.01,23.22,25.29,18.6392,19.2444,19.7844,1.3118,0.30892000000000003,20.551220364640702,19.7844,0.013032704168696561
2021-10-29,424.42,4605.38,493.28206336625374,0.13225,0.04776,0.07,0.0482,1.1831,16.26,20.37,23.35,24.8,18.6504,19.3302,19.8256,1.2969,0.30937000000000003,20.579798443680026,19.8256,0.012885622626523287
2021-11-05,433.03,4697.53,503.1522460958439,0.14275,0.04439,0.08,0.038,1.0555,16.48,20.49,23.49,25.39,18.7596,19.4412,19.8449,1.2747,0.306,20.593178964967887,19.8449,0.012666440864727704
2021-11-12,431.92,4682.85,501.579871896491,0.155,0.04979,0.08,0.0406,1.2211,16.29,20.69,23.69,25.4,18.7726,19.4025,19.8589,1.2818,0.3114,20.602882339005024,19.8589,0.012736544761693813
2021-11-19,433.42,4697.96,503.1983033782501,0.164,0.05278,0.08,0.0406,1.2214,17.91,21.92,24.87,26.63,19.5425,20.0529,20.3905,1.2818,0.31439,20.969672236132187,20.3905,0.012736544761693813
2021-11-26,424.31,4594.62,492.1295602065099,0.17538,0.05575,0.08,0.038,1.1597,28.62,29.17,29.88,29.66,22.2856,22.2312,21.7846,1.3121,0.31736000000000003,21.91681849793547,21.7846,0.013035665319873695
2021-12-03,418.93,4538.43,486.11105160558014,0.18763,0.05521,0.08,0.0431,1.132,30.67,31.78,31.46,31.14,22.5968,22.3428,22.2598,1.3216,0.31682,22.235029401548665,22.2598,0.013129430572217804
2021-12-10,434.95,4712.02,504.704269402971,0.19825,0.05903,0.08,0.0482,1.25,18.69,23.18,26.05,27.63,19.926,20.3825,20.7286,1.2763,0.32064000000000004,21.201300587418196,20.7286,0.012682239354984807
2021-12-17,426.3,4620.64,494.9165613418754,0.21263,0.06436,0.08,0.0304,1.1749,21.57,25.38,27.9,29.09,21.2542,21.5502,21.6605,1.309,0.32597,21.83333851414946,21.6605,0.013005066334869251
2021-12-24,436.08,4725.79,506.1791735395575,0.21975,0.07521,0.08,0.0558,1.2417,17.96,23.24,26.48,28.31,20.1501,20.6316,20.8436,1.2787,0.33682,21.27979925834465,20.8436,0.012705936622394769
2021-12-31,440.03,4766.18,510.50534478696005,0.20913,0.09125,0.07,0.0304,1.263,17.22,21.88,25.1,27.62,19.2983,20.2487,20.5066,1.2706,0.35286,21.04935372472313,20.5066,0.012625956094154801
2022-01-07,431.64,4677.03,500.95649193462185,0.23614,0.11477,0.08,0.0913,1.4987,18.76,22.87,25.41,27.55,20.1997,20.805,21.1951,1.2904,0.37638,21.518845975729345,21.1951,0.012821452759979528
2022-01-14,430.44,4662.85,499.4376727148109,0.24129,0.13671,0.08,0.1116,1.5577,19.19,22.82,25.18,27.12,20.0403,20.674,20.9241,1.2963,0.39832,21.334662786577024,20.9241,0.012879699426731768
2022-01-21,405.96,4397.94,471.0631734538695,0.25771,0.17114,0.08,0.1597,1.5571,28.85,29.95,30.37,29.67,22.6371,22.475,22.2869,1.3758,0.43274999999999997,22.253108181308694,22.2869,0.013664217908333168
2022-01-28,409.03,4431.85,474.695272166408,0.31657,0.20424,0.08,0.175,1.6127,27.66,28.82,29.07,29.05,21.8414,21.8797,21.8581,1.3686,0.46585,21.966186257491987,21.8581,0.013593192518699455
2022-02-04,415.44,4500.53,482.0515841562968,0.339,0.22962,0.08,0.2232,1.7682,23.22,26.25,27.58,28.05,21.301,21.4359,21.4731,1.3505,0.49123,21.706976057285814,21.4731,0.01341462029686049
2022-02-11,407.76,4418.64,473.2803496069083,0.50643,0.37486,0.08,0.3399,1.8542,27.36,28.83,29.0,28.85,21.8851,21.7545,21.7057,1.3772,0.6364700000000001,21.863762133670793,21.7057,0.013678027814968555
2022-02-18,401.66,4348.87,465.80728776161783,0.47957,0.37065,0.08,0.3196,1.8205,27.75,29.22,29.39,29.15,22.373,22.1175,21.8886,1.408,0.63226,21.98665601277116,21.8886,0.013981797520418872
2022-02-25,405.03,4384.65,469.6396820976433,0.523,0.37661,0.08,0.2917,1.8651,27.59,28.04,28.67,28.45,21.8701,21.7415,21.5593,1.4006,0.63822,21.76514537356421,21.5593,0.013908822311248415
2022-03-04,400.15,4328.87,463.665088579938,0.61014,0.40935,0.08,0.3095,1.6372,31.98,32.34,32.08,30.68,23.4506,23.0127,22.7239,1.4193,0.67096,22.54363741060873,22.7239,0.014093222363245173
2022-03-11,388.53,4204.31,450.3234720764355,0.826,0.47802,0.08,0.3552,1.9463,30.75,32.34,32.98,31.71,24.5043,23.7461,23.2688,1.4662,0.73963,22.903316375743618,23.2688,0.014555552109189573
2022-03-18,412.71,4463.12,478.0446005869645,0.934,0.51604,0.33,0.3653,2.1428,23.87,26.55,28.31,28.43,21.5084,21.6926,21.6155,1.3849,0.7776500000000001,21.8030285669044,21.6155,0.01375397889264729
2022-03-25,420.4,4543.06,486.6069707161393,0.98286,0.62403,0.33,0.5203,2.5456,20.81,24.72,27.02,28.06,20.8487,21.199,21.3429,1.3614,0.88564,21.618967526827547,21.3429,0.013522162084101445
2022-04-01,420.66,4545.86,486.9068786015744,0.962,0.67343,0.33,0.5101,2.5587,19.63,24.21,26.75,28.14,21.1204,21.4896,21.6247,1.363,0.93504,21.80922696963906,21.6247,0.013537947061144497
2022-04-08,415.49,4488.28,480.739487157518,1.01071,0.78387,0.33,0.6804,2.7538,21.16,25.17,27.52,28.63,21.9289,22.0599,22.1161,1.3831,1.04548,22.13904275360346,22.1161,0.013736224611892462
2022-04-15,406.6,4392.59,470.4901351727704,1.06271,0.85121,0.33,0.7491,2.7872,22.7,26.03,28.26,29.27,22.4707,22.5161,22.4228,1.4108,1.1128200000000001,22.343659113637216,22.4228,0.014009408373063479
2022-04-22,395.45,4271.78,457.5501810158328,1.21371,0.98439,0.33,0.7669,2.9314,28.21,29.87,30.77,30.8,23.8241,23.4682,23.1106,1.4519,1.246,22.799182187659653,23.1106,0.014414608546011398
2022-04-29,382.5,4131.93,442.5708532379359,1.33486,1.11156,0.33,0.8229,2.9549,33.4,33.18,33.02,31.72,24.5193,23.7965,23.3598,1.5043,1.37317,22.96311006245876,23.3598,0.014930976128418915
2022-05-06,381.76,4123.34,441.65077868940426,1.40186,1.18769,0.83,0.8127,3.0773,30.19,32.31,32.58,31.96,24.4407,23.7844,23.384,1.5105,1.4493,22.978998214934595,23.384,0.014992055419208825
2022-05-13,372.52,4023.89,430.99869325850074,1.44371,1.23907,0.83,0.9425,2.8656,28.87,30.7,31.58,31.45,24.4128,23.7193,23.1401,1.553,1.50068,22.81861829037142,23.1401,0.015410643699432075
2022-05-20,361.37,3901.36,417.8745099719388,1.50643,1.33048,0.83,1.0087,2.7992,29.43,31.14,32.21,31.99,24.5615,23.8147,23.2397,1.6079,1.5920900000000002,22.884179163100267,23.2397,0.015951102038968233
2022-05-27,385.12,4158.24,445.3889162614356,1.59786,1.3995,0.83,1.0316,2.7175,25.72,28.02,29.86,30.21,23.2322,22.7765,22.3858,1.5152,1.6611099999999999,22.31902390083274,22.3858,0.015038354976366757
2022-06-03,380.6,4108.54,440.06555129496104,1.626,1.47229,0.83,1.131,2.9337,24.79,27.33,29.15,29.82,23.3632,22.9645,22.5248,1.5428,1.7339000000000002,22.411502624429986,22.5248,0.015310198490731789
2022-06-10,361.33,3900.86,417.8209549923968,1.74471,1.55469,0.83,1.3018,3.2585,27.75,29.72,30.94,31.06,24.6302,24.1242,23.5739,1.6319,1.8163,23.103485384341393,23.5739,0.016187276253974908
2022-06-17,340.51,3674.84,393.61196204023184,2.09586,1.93428,1.58,1.5646,3.3418,31.13,32.36,32.81,32.47,25.2331,24.4886,23.8057,1.7389,2.19589,23.25498942142421,23.8057,0.017239541474676073
2022-06-24,362.79,3911.74,418.9863113472304,2.23443,2.00923,1.58,1.6311,3.1857,27.23,28.95,30.16,30.56,23.9699,23.6489,23.1109,1.6333,2.27084,22.799379884383626,23.1109,0.016201051361568554
2022-07-01,354.54,3825.33,409.7309397827823,2.29286,2.10954,1.58,1.6387,2.8775,26.7,28.52,29.93,30.41,24.3575,23.7677,23.2052,1.6754,2.37115,22.861480404483842,23.2052,0.016615199901220287
2022-07-08,361.4,3899.38,417.6624322529521,2.423,2.24202,1.58,1.8841,3.1234,24.64,27.3,28.89,29.54,23.9708,23.6098,22.9776,1.6407,2.5036300000000002,22.71145250475798,22.9776,0.01627385949249793
2022-07-15,358.04,3863.16,413.7829095349298,2.73757,2.5532,1.58,2.2886,3.0341,24.23,27.08,28.96,30.53,24.37,24.0037,23.4719,1.6565,2.81481,23.036661799257736,23.4719,0.016429296950877206
2022-07-22,367.3,3961.63,424.3300272059308,2.76629,2.55878,1.58,2.3783,2.843,23.03,25.97,28.03,29.9,23.8311,23.7476,23.3559,1.6168,2.82039,22.960549063882144,23.3559,0.016038689817478326
2022-07-29,382.91,4130.29,442.3951929050376,2.78829,2.54334,2.32,2.3168,2.676,21.33,23.79,26.22,28.54,22.6398,22.7874,22.6299,1.5563,2.8049500000000003,22.481301435901333,22.6299,0.015443138518726815
2022-08-05,384.14,4145.19,443.9911312953891,2.86671,2.63604,2.33,2.4706,2.9555,21.15,24.18,26.52,28.45,23.0301,23.1876,23.1224,1.5526,2.89765,22.80695761660942,23.1224,0.015406704861704309
2022-08-12,396.57,4280.15,458.4466913733652,2.92157,2.70747,2.33,2.5168,2.9562,19.53,23.31,25.74,27.7,22.5732,22.9524,22.8292,1.5094,2.96908,22.61336538947194,22.8292,0.014981219043070223
2022-08-19,391.99,4228.48,452.9123197874951,2.95771,2.78144,2.33,2.6451,3.0933,20.6,24.32,26.67,28.36,23.2391,23.4706,23.4164,1.5374,3.04305,23.000261411946944,23.4164,0.015257017530684747
2022-08-26,376.06,4057.66,434.6157965767669,3.06957,2.90628,2.33,2.8173,3.2051,25.56,26.56,28.28,29.47,24.1187,23.4436,23.3477,1.6037,3.1678900000000003,22.955163937066683,23.3477,0.01590976581603019
2022-09-02,363.55,3924.26,420.3273280349619,3.15814,3.04686,2.33,2.8657,3.2928,25.47,26.48,28.11,29.15,24.1862,24.1238,23.9458,1.6679,3.3084700000000002,23.346321016360044,23.9458,0.01654143302516977
2022-09-09,376.77,4067.36,435.65476317988174,3.24543,3.15875,2.33,3.0073,3.4352,22.79,25.14,27.07,28.29,23.1522,23.2728,23.2728,1.614,3.42036,22.905946299086633,23.2728,0.016011134938983755
2022-09-16,358.74,3873.33,414.872217818814,3.56529,3.44668,2.33,3.0922,3.6309,26.3,27.63,28.85,29.52,24.6463,24.4534,23.8358,1.7,3.7082900000000003,23.274626716954664,23.8358,0.0168571170664229
2022-09-23,342.05,3693.23,395.5817141877864,3.62843,3.51903,3.08,3.1822,3.9789,29.92,30.32,30.92,30.83,25.3701,24.609,24.0716,1.7834,3.78064,23.428179333753018,24.0716,0.017676839998809746
2022-09-30,332.14,3585.62,384.0556114907575,3.75471,3.59329,3.08,3.2466,4.09,31.62,31.86,32.48,32.08,26.2514,25.6124,24.9153,1.8446,3.8549,23.973556849431144,24.9153,0.018277936133356213
2022-10-07,336.91,3639.66,389.8438336796567,3.90871,3.73895,3.08,3.3312,4.1423,31.36,32.1,32.77,32.58,26.3262,25.5304,25.3034,1.8128,4.00056,24.222364861180967,25.3034,0.017965646962833166
2022-10-14,331.77,3583.07,383.7824810950935,4.19371,3.92854,3.08,3.6975,4.2677,32.02,32.45,33.09,32.81,26.9273,26.5039,26.5039,1.8432,4.19015,24.984106308763206,26.5039,0.01826418960558163
2022-10-21,347.12,3752.75,401.9568989524659,4.35843,4.06,3.08,3.9272,4.3411,29.69,30.47,31.49,31.71,25.9369,26.1237,26.1237,1.7613,4.32161,24.74412531201641,26.1237,0.017459688679351725
2022-10-28,360.7,3901.06,417.8423769842134,4.43957,4.08839,3.08,4.046,4.1844,25.75,26.9,28.53,29.57,24.9637,24.8775,25.0154,1.6938,4.3500000000000005,24.0378526052927,25.0154,0.016796151589580238
2022-11-04,348.55,3770.55,403.86345622416104,4.55029,4.20653,3.83,4.1003,4.3308,24.55,26.39,27.99,29.16,25.0791,24.9069,24.7299,1.7551,4.46814,23.854244580026904,24.7299,0.01739875992862777
2022-11-11,368.91,3992.93,427.68256892526006,4.60614,4.26531,3.83,4.1572,3.9375,22.52,25.74,27.74,29.07,24.1957,24.2544,24.0579,1.6607,4.5269200000000005,23.419271619141607,24.0579,0.016470611704381556
2022-11-18,366.49,3965.34,424.7274051541326,4.66486,4.30071,3.83,4.2322,4.0085,23.12,25.33,27.61,28.88,24.0772,24.0155,23.9771,1.6819,4.56232,23.366701306070983,23.9771,0.016679126792482252
2022-11-25,371.89,4026.12,431.237548467258,4.73386,4.41062,3.83,4.2606,3.8577,20.5,23.59,26.32,27.92,26.6446,27.0858,25.7901,1.6585,4.67223,24.532601390318725,25.7901,0.016448970855902065
2022-12-02,375.85,4071.7,436.1196204023065,4.73257,4.43224,3.83,4.2477,3.652,19.06,22.96,25.72,27.35,22.4863,22.6306,22.9723,1.6464,4.69385,22.707953022054042,22.9723,0.01632993781720711
2022-12-09,363.01,3934.38,421.4112808208923,4.73314,4.49566,3.83,4.2632,3.7686,22.83,25.21,27.08,28.0,24.0344,23.9089,24.0121,1.7062,4.75727,23.389480309470134,24.0121,0.016918078826702775
2022-12-16,354.85,3852.36,412.62612197682296,4.74586,4.50553,4.33,4.2503,3.6242,22.62,25.15,27.28,28.55,24.5977,24.5732,24.2547,1.7458,4.76714,23.547069557676124,24.2547,0.017307359841390084
2022-12-23,354.0,3844.82,411.81851288532977,4.72643,4.54966,4.33,4.2834,3.8569,20.87,24.13,26.16,27.34,23.7254,23.5913,23.7918,1.7512,4.81127,23.24591825363035,23.7918,0.01736043187686252
2022-12-30,353.2,3839.5,411.2486879030029,4.76729,4.58745,4.33,4.3429,4.0039,21.67,24.29,26.2,27.3,23.5105,23.3448,23.6199,1.7574,4.84906,23.13359009258453,23.6199,0.017421362962840393
2023-01-06,358.18,3895.08,417.2018594288915,4.80986,4.65554,4.33,4.579,3.698,21.13,23.18,24.77,26.16,22.2521,22.3003,22.2912,1.7318,4.91715,22.255976098895246,22.2912,0.01716975255663646
2023-01-13,367.58,3999.09,428.3423662732181,4.79243,4.6319,4.33,4.5732,3.6107,18.35,21.14,23.02,24.41,20.5742,20.986,21.196,1.6839,4.89351,21.519456346967832,21.196,0.016698795783040784
2023-01-20,364.86,3972.61,425.5060945566739,4.81557,4.65863,4.33,4.6282,3.5614,19.85,21.72,23.39,24.71,20.545,20.9576,21.333,1.6962,4.92024,21.612268352690343,21.333,0.016819751569914682
2023-01-27,373.62,4070.56,435.9975150489512,4.82529,4.67599,4.33,4.6645,3.6102,18.51,20.47,22.14,23.29,18.9659,19.3378,19.7264,1.6562,4.9376,20.510955577433137,19.7264,0.016426345831739048
2023-02-03,379.43,4136.48,443.0582035517683,4.83414,4.69218,4.58,4.636,3.659,18.33,20.78,22.37,23.38,19.3529,19.8917,20.2571,1.6314,4.95379,20.877931233465834,20.2571,0.016182356526704897
2023-02-10,375.04,4090.46,438.1290032347228,4.86943,4.75583,4.58,4.7345,3.9226,20.53,22.55,23.82,24.59,20.1622,20.3608,20.4355,1.6609,5.01744,21.000574365516805,20.4355,0.016472579031020732
2023-02-17,373.92,4079.09,436.9111629999378,4.91529,4.81094,4.58,4.7857,4.0291,20.02,21.77,23.19,24.04,20.3286,20.4913,20.4175,1.6732,5.072550000000001,20.988216227587618,20.4175,0.016593562181559704
2023-02-24,363.7,3970.04,425.230821961828,4.95343,4.89047,4.58,4.7811,4.2152,21.67,22.43,23.98,24.54,20.5889,20.6769,20.7977,1.72,5.15208,21.248485335670708,20.7977,0.017053754565827518
2023-03-03,370.47,4045.64,433.3283348685781,4.984,4.93983,4.57,4.8408,4.2457,18.49,19.98,21.82,23.0,19.4804,19.9905,20.4573,1.6922,5.20144,21.0155366058029,20.4573,0.016780417959929888
2023-03-10,353.36,3861.59,413.6147468991687,5.13814,5.11987,4.57,4.8693,3.9647,24.8,25.39,25.97,25.6,21.3501,21.2249,21.1847,1.7761,5.38148,21.51179217261184,21.1847,0.017605116497787884
2023-03-17,357.85,3916.64,419.51115014674264,4.99843,4.85378,4.58,4.3356,3.5002,25.51,27.42,28.23,27.63,22.0926,22.0366,22.0934,1.7525,5.1153900000000005,22.123861022942993,22.0934,0.017373208057344915
2023-03-24,362.76,3970.99,425.3325764229578,5.10143,4.87636,4.83,4.6127,3.4075,21.74,23.96,25.54,25.78,20.953,21.1367,21.2251,1.7289,5.13797,21.539187049516197,21.2251,0.017141245822901677
2023-03-31,375.14,4109.31,440.1480259634561,5.19271,4.90855,4.83,4.693,3.5733,18.7,21.23,23.25,24.12,19.9833,20.4621,20.7578,1.6731,5.17016,21.22124608993505,20.7578,0.0165925786377234
2023-04-07,374.62,4105.02,439.68852423898574,5.19786,4.89486,4.83,4.7941,3.3755,18.4,21.0,23.33,24.34,20.2189,20.6468,20.9033,1.6763,5.1564700000000006,21.320493593139464,20.9033,0.0166240515606852
2023-04-14,377.5,4137.64,443.1824511043056,5.26171,4.98188,4.83,4.9861,3.6056,17.07,20.03,22.48,23.59,19.4613,19.7778,20.1205,1.6648,5.24349,20.78378144672785,20.1205,0.016510941126913956
2023-04-21,376.86,4133.52,442.7411580728796,5.25514,5.06775,4.83,5.0172,3.663,16.77,20.39,23.09,24.12,19.7018,19.962,20.2476,1.6672,5.32936,20.87139031526821,20.2476,0.016534547839090214
2023-04-28,379.74,4169.48,446.59283220154,5.30243,5.08132,4.83,5.0302,3.4828,15.78,19.54,22.78,24.15,19.015,19.706,19.9511,1.6546,5.34293,20.666729363421503,19.9511,0.016410606382580097
2023-05-05,376.27,4136.25,443.0335682611789,5.33686,5.03873,5.08,5.2016,3.4104,17.19,20.78,23.55,24.45,19.7036,19.7945,20.1193,1.6653,5.30034,20.782953423633973,20.1193,0.01651585923790688
2023-05-12,375.16,4124.08,441.7300400591266,5.31829,5.0668,5.08,5.1522,3.4462,17.03,20.66,23.37,24.87,19.2719,19.9236,20.3174,1.6728,5.32841,20.919425131189097,20.3174,0.016589628000410327
2023-05-19,381.21,4191.98,449.0028062809298,5.39271,5.16347,5.08,5.2172,3.7319,16.81,20.04,22.89,24.37,18.7471,19.2631,19.474,1.6499,5.42508,20.33527438952479,19.474,0.01636437031794958
2023-05-26,381.99,4205.45,450.4455774297912,5.47571,5.26374,5.08,5.2294,3.9271,17.95,20.44,22.82,23.58,18.6399,19.4678,19.915,1.6455,5.52535,20.641742384551655,19.915,0.01632108355395308
2023-06-02,388.76,4282.37,458.6844754825322,5.49629,5.23034,5.08,5.3513,3.8437,14.6,17.92,20.6,22.37,17.7694,18.4586,18.7463,1.6165,5.49195,19.824476070036884,18.7463,0.016035737545385117
2023-06-09,390.28,4298.86,460.4507187078271,5.54443,5.24154,5.08,5.2354,3.9128,13.83,16.96,19.55,21.34,17.3839,18.5805,19.0966,1.6083,5.50315,20.071170423679085,19.0966,0.015955038732991648
2023-06-16,399.7,4409.59,472.3110044771979,5.51,5.20684,5.08,5.2151,3.9828,13.54,16.75,19.3,21.19,16.9295,18.312,18.7471,1.5671,5.46845,19.82504119458349,18.7471,0.015549477817991965
2023-06-23,393.89,4348.33,465.74944838371226,5.54414,5.2387,5.07,5.2888,3.991,13.44,16.87,19.49,21.41,17.0055,18.3558,18.519,1.5877,5.50031,19.66358397730682,18.519,0.015752278835448635
2023-06-30,402.8,4450.38,476.680019708234,5.54543,5.26836,5.08,5.2836,4.1556,13.59,16.02,18.33,20.53,15.6768,17.1914,17.3333,1.5518,5.5299700000000005,18.813390948132138,17.3333,0.015398827139705138
2023-07-07,397.93,4398.95,471.171354512544,5.56008,5.29847,5.08,5.3367,4.3597,14.83,17.24,19.31,21.23,16.8491,17.9371,18.6068,1.5715,5.56008,19.725809641976454,18.6068,0.015592797994469384
2023-07-14,407.15,4505.42,482.5753518562171,5.5715,5.30989,5.08,5.3539,4.047,13.34,16.04,18.21,20.26,15.9429,17.2623,18.0511,1.5355,5.5715,19.330305183890186,18.0511,0.015238305038766276
2023-07-21,409.67,4536.34,485.8871917910941,5.61282,5.35121,5.08,5.4009,4.093,13.6,16.4,18.52,20.7,15.9866,17.2315,17.789,1.5258,5.61282,19.142362466348406,17.789,0.015142767385777961
2023-07-28,413.41,4582.23,490.8024678134585,5.63352,5.37191,5.33,5.4087,4.1774,13.33,15.92,18.27,20.47,16.123,17.0064,17.7486,1.5124,5.63352,19.113311516456154,17.7486,0.015010772519595584
2023-08-04,403.68,4478.03,479.6416100769062,5.63219,5.37058,5.33,5.3965,4.1336,17.1,18.61,20.18,21.78,17.3818,18.0035,18.6617,1.5423,5.6321900000000005,19.764668864459978,18.6617,0.01530527444657492
2023-08-11,402.13,4464.05,478.144212848912,5.62618,5.36457,5.33,5.4191,4.3012,14.84,17.56,19.58,21.46,16.8741,18.0533,18.7515,1.549,5.62618,19.82814923648481,18.7515,0.015371254623987056
2023-08-18,393.33,4369.71,468.03945930892786,5.64478,5.38317,5.33,5.4296,4.3854,17.3,19.24,21.05,22.44,17.8302,18.92,19.5517,1.5832,5.64478,20.38943702096279,19.5517,0.015707981153046915
2023-08-25,396.16,4405.71,471.8954178359517,5.6655,5.40389,5.33,5.4565,4.4383,15.68,17.72,19.76,21.5,17.5757,18.734,19.3928,1.5693,5.6655,20.278595273282246,19.3928,0.015571138140810384
2023-09-01,405.78,4515.77,483.6839399327365,5.66391,5.4023,5.33,5.4087,4.2958,13.09,15.74,18.15,20.25,16.3083,17.818,18.5214,1.5343,5.6639100000000004,19.665286206953706,18.5214,0.015226486442401734
2023-09-08,400.42,4457.49,477.44157151732105,5.67208,5.41047,5.33,5.4426,4.403,13.84,16.14,18.27,20.32,16.7667,18.0014,18.6407,1.5523,5.67208,19.749809169288728,18.6407,0.015403750723227095
2023-09-15,399.25,4450.32,476.6735931106889,5.66329,5.40168,5.33,5.453,4.4633,13.79,16.02,18.15,20.44,16.8714,18.1582,18.7474,1.5523,5.66329,19.825253114224253,18.7474,0.015403750723227095
2023-09-22,387.09,4320.06,462.7214498404076,5.66142,5.39981,5.33,5.4661,4.5584,17.2,18.09,19.6,21.24,17.3457,18.4009,19.3398,1.5977,5.661420000000001,20.241557782903243,19.3398,0.015850711104775803
2023-09-29,383.94,4288.05,459.2928600501288,5.65711,5.3955,5.33,5.4459,4.609,17.52,18.51,20.18,21.85,17.7934,18.5126,18.8762,1.6093,5.65711,19.916133586786327,18.8762,0.015964880400248894
2023-10-06,385.36,4308.5,461.4832587133965,5.66835,5.40674,5.33,5.507,4.7566,17.45,18.73,20.49,22.25,18.1424,19.177,19.8583,1.6038,5.66835,20.602466526709083,19.8583,0.01591075003167184
2023-10-13,386.75,4327.78,463.54833872453594,5.66444,5.40283,5.33,5.4843,4.6388,19.32,20.57,21.81,23.25,18.0734,19.0377,19.7139,1.5983,5.66444,20.50227267597993,19.7139,0.015856616732839366
2023-10-20,377.1,4224.16,452.4496047642523,5.66008,5.39847,5.33,5.4478,4.8581,21.71,22.44,23.6,24.61,19.0152,19.7317,20.3667,1.6365,5.66008,20.95331928967432,20.3667,0.016232536609256745
2023-10-27,367.27,4117.37,441.0113322336723,5.64482,5.38321,5.33,5.4485,4.7614,21.27,22.27,23.65,24.48,19.3176,19.8818,20.3577,1.6792,5.64482,20.94713374933951,20.3577,0.01665257304154209
2023-11-03,388.42,4358.34,466.82161907414286,5.64178,5.38017,5.33,5.3931,4.5036,14.91,17.22,19.36,21.58,16.9958,17.8653,18.0962,1.5881,5.64178,19.36255317923321,18.0962,0.01575621631225444
2023-11-10,393.25,4415.24,472.91617574602213,5.63925,5.37764,5.33,5.4035,4.6839,14.17,16.52,18.69,21.0,16.2972,17.303,18.1506,1.5698,5.6392500000000005,19.40141550146195,18.1506,0.015576060876019914
2023-11-17,401.86,4514.02,483.4964975043393,5.62854,5.36693,5.33,5.3852,4.4408,13.8,15.85,18.31,20.73,16.0968,17.116,18.0235,1.5451,5.62854,19.310557074722173,18.0235,0.015332848781567416
2023-11-24,405.48,4559.34,488.350720850026,5.64819,5.38658,5.33,5.3939,4.485,12.46,15.12,17.81,20.36,15.9046,16.9423,17.3647,1.5313,5.6481900000000005,18.836150099441085,17.3647,0.015196939340379351
2023-12-01,408.37,4594.63,492.13063130610016,5.63684,5.37523,5.33,5.3513,4.1231,12.63,15.36,17.83,20.39,15.8236,16.6531,17.2279,1.5224,5.63684,18.73689526972379,17.2279,0.015109277800543343
2023-12-08,408.97,4604.37,493.1738823075784,5.62765,5.36604,5.33,5.3722,4.2392,12.35,15.16,17.61,20.22,16.2553,17.3373,18.1674,1.5227,5.62765,19.413409282342045,18.1674,0.015112232809061156
2023-12-15,418.42,4719.19,505.4722478096027,5.6256,5.36399,5.33,5.3774,3.9088,12.28,15.13,17.32,19.89,15.3629,16.6431,17.6027,1.4883,5.6256,19.008213953622786,17.6027,0.014773334913585132
2023-12-22,421.69,4754.63,509.2682247595396,5.61272,5.35111,5.33,5.3532,3.8721,13.03,15.99,18.19,20.72,16.4784,17.4794,17.6909,1.4727,5.61272,19.071782331518516,17.6909,0.014619610798797358
2023-12-29,422.98,4769.83,510.8962961376165,5.59301,5.3314,5.33,5.3323,3.8471,12.45,15.26,17.53,20.07,15.8313,17.0457,17.4471,1.4849,5.5930100000000005,18.895809880036715,17.4471,0.014739832953717346
2024-01-05,415.5,4697.24,503.1211842077092,5.59087,5.32926,5.33,5.367,4.0066,13.35,15.51,17.56,20.05,15.8827,16.7266,17.2238,1.509,5.59087,18.733916496725513,17.2238,0.014977278513541858
2024-01-12,422.68,4783.83,512.3958355647925,5.57814,5.31653,5.33,5.3532,3.83,12.7,14.94,16.85,19.47,15.517,16.2507,16.7301,1.4829,5.57814,18.37348555390766,16.7301,0.01472012539419249
2024-01-19,427.33,4839.81,518.3918510743146,5.57741,5.3158,5.33,5.3357,4.0507,13.3,15.26,16.94,19.18,15.1708,16.0766,16.9592,1.4679,5.57741,18.541175412752676,16.9592,0.0145723063165903
2024-01-26,431.43,4890.97,523.8715965810519,5.57904,5.31743,5.33,5.3513,4.0366,13.26,15.03,16.86,19.05,15.0657,15.8251,16.348,1.4536,5.57904,18.092100205893225,16.348,0.014431365114956449
2024-02-02,437.05,4958.61,531.1165142134934,5.55207,5.29046,5.33,5.3618,3.9825,13.85,15.61,17.27,19.53,15.4104,16.4342,16.785,1.4352,5.5520700000000005,18.41373873117199,16.785,0.014249984969276206
2024-02-09,442.64,5026.61,538.3999914312051,5.57066,5.30905,5.33,5.3748,4.1367,12.93,15.08,16.94,19.07,15.3909,16.1253,16.9377,1.4149,5.57066,18.525470594813434,16.9377,0.014049837174744513
2024-02-16,440.51,5005.57,536.146397892078,5.57563,5.31402,5.33,5.3688,4.2738,14.24,15.86,17.62,19.89,15.6891,16.7287,17.3811,1.4173,5.57563,18.84803161238125,17.3811,0.014073502056357117
2024-02-23,447.69,5088.8,545.0611597866391,5.59218,5.33057,5.33,5.3983,4.2799,13.75,15.25,17.09,19.38,15.1817,15.8963,16.3828,1.3979,5.59218,18.117817268068304,16.3828,0.013882194895363586
2024-03-01,451.59,5137.08,550.2324286112143,5.59273,5.33112,5.33,5.3722,4.1571,13.11,14.93,16.86,19.4,15.3309,16.1897,16.9304,1.3867,5.59273,18.52013675639269,16.9304,0.013771732858193227
2024-03-08,450.1,5123.69,548.7982262590797,5.58245,5.32084,5.33,5.38,4.0466,14.74,16.3,17.96,20.27,16.1409,16.7863,17.4281,1.3924,5.58245,18.8820616905458,17.4281,0.01382795166971277
2024-03-15,449.26,5117.09,548.0913005291253,5.59129,5.32968,5.33,5.3748,4.3257,14.41,16.41,18.17,20.65,16.0256,17.1543,17.7156,1.3938,5.59129,19.08956548615483,17.7156,0.013841759315400909
2024-03-22,458.83,5234.18,560.6328056382705,5.57409,5.31248,5.33,5.3618,4.1822,13.06,15.3,17.34,20.14,15.8867,16.6344,17.1789,1.3601,5.57409,18.701279877049796,17.1789,0.013509336606783868
2024-03-29,460.16,5254.35,562.7932135129947,5.55984,5.29823,5.33,5.3618,4.2125,13.01,15.19,17.19,20.03,15.8971,16.9456,17.4187,1.3557,5.55984,18.87525811485534,17.4187,0.01346592607834266
2024-04-05,455.35,5204.34,557.436644459204,5.555,5.29339,5.33,5.3626,4.3947,16.03,17.18,18.68,20.83,16.6507,17.5157,18.1279,1.3701,5.555,19.385203762611056,18.1279,0.013607989890883725
2024-04-12,447.93,5123.41,548.7682354705362,5.58927,5.32766,5.33,5.3774,4.5584,17.31,18.2,19.38,21.29,17.2046,17.6952,18.1539,1.3936,5.58927,19.403771713493704,18.1539,0.013839786806260794
2024-04-19,433.74,4967.23,532.0398020607977,5.58801,5.3264,5.33,5.3722,4.6701,18.71,19.25,20.17,21.59,17.3373,18.0569,18.3907,1.4383,5.58801,19.57247867893448,18.3907,0.014280545885317396
2024-04-26,444.81,5099.96,546.2565069300167,5.59111,5.3295,5.33,5.3931,4.687,15.03,16.27,17.83,19.6,15.8139,16.5109,16.9793,1.4013,5.5911100000000005,18.555851613851193,16.9793,0.013915725599629862
2024-05-03,446.83,5127.79,549.2373770913243,5.58916,5.32755,5.33,5.3852,4.4993,13.49,15.27,17.13,18.98,15.7897,16.468,17.2211,1.3947,5.58916,18.731954737163175,17.2211,0.013850635558383189
2024-05-10,454.76,5222.68,559.4010411088049,5.58359,5.32198,5.33,5.3957,4.5128,12.55,14.66,16.67,18.68,14.8484,16.2039,17.1048,1.3706,5.58359,18.6473565410159,17.1048,0.013612922299620609
2024-05-17,461.78,5303.27,568.0330327113841,5.58741,5.3258,5.33,5.3904,4.445,11.99,13.99,16.29,18.31,15.1186,16.3582,17.1814,1.3549,5.58741,18.70309780472536,17.1814,0.013458033052521573
2024-05-24,461.28,5304.72,568.188342152056,5.60449,5.34288,5.33,5.3975,4.5277,11.93,14.17,16.36,18.44,14.9502,16.2284,17.0307,1.3544,5.60449,18.59335559103552,17.0307,0.01345309987974656
2024-05-31,459.03,5277.51,565.2738801653805,5.60445,5.34284,5.33,5.4009,4.507,12.92,14.66,16.61,18.4,15.0715,15.9242,16.3597,1.3631,5.60445,18.10074848583552,16.3597,0.013538933613936663
2024-06-07,464.25,5346.99,572.7158801225365,5.5956,5.33399,5.33,5.3852,4.4626,12.22,14.41,16.54,18.25,14.763,15.7035,16.5777,1.3482,5.5956,18.26151392594672,16.5777,0.013391926515399645
2024-06-14,471.32,5431.6,581.7784537606335,5.60564,5.34403,5.33,5.3783,4.2383,12.66,14.84,17.03,18.59,15.1804,15.8893,16.7246,1.3356,5.60564,18.369450489100128,16.7246,0.01326759492090387
2024-06-21,474.06,5464.62,585.315224609587,5.60616,5.34455,5.33,5.3575,4.2742,13.2,15.17,17.46,19.13,15.1463,16.3375,16.5135,1.3285,5.60616,18.214242551859595,16.5135,0.013197528244043936
2024-06-28,472.97,5460.48,584.8717893789791,5.58621,5.3246,5.33,5.3549,4.3765,12.44,14.52,16.95,18.73,15.0244,16.2373,16.4633,1.327,5.58621,18.17723705737914,16.4633,0.013182724796814253
2024-07-05,481.53,5567.19,596.3014931128322,5.5685,5.30689,5.33,5.3748,4.2252,12.48,14.35,16.71,18.44,14.8176,15.8555,16.359,1.3033,5.5685,18.100231125143495,16.359,0.012948801241372916
2024-07-12,485.24,5615.35,601.4599087423173,5.54772,5.28611,5.33,5.3315,4.102,12.46,14.37,16.8,18.61,14.7867,15.7167,16.3939,1.2962,5.54772,18.12601630787716,16.3939,0.01287871222335553
2024-07-19,475.73,5505.0,589.6403247573982,5.5446,5.28299,5.33,5.3289,4.1665,16.52,17.16,18.64,19.83,16.1726,16.8633,17.5467,1.3232,5.5446,18.967798191036543,17.5467,0.01314522174968728
2024-07-26,471.04,5459.1,584.7239776354428,5.51698,5.25537,5.33,5.2899,4.0749,16.39,17.24,18.75,19.63,15.9232,16.5767,17.0779,1.3352,5.51698,18.627761954452097,17.0779,0.01326364763298671
2024-08-02,460.5,5346.56,572.6698228401299,5.48934,5.22773,5.33,5.1742,3.6166,23.39,23.34,22.98,22.43,17.5757,17.5641,17.7617,1.3642,5.48934,19.122733905667413,17.7617,0.01354978563041408
2024-08-09,460.01,5344.16,572.4127589383282,5.3743,5.11269,5.33,5.2068,3.7961,20.37,21.18,21.43,21.86,16.8504,16.5669,17.0399,1.366,5.3743,18.600064397619132,17.0399,0.013567543221538117
2024-08-16,477.83,5554.25,594.9154902422849,5.39002,5.12841,5.33,5.2094,3.7571,14.8,17.81,18.78,20.08,15.8144,16.3847,16.9085,1.3187,5.39002,18.504130657674217,16.9085,0.013100808427459846
2024-08-23,484.19,5634.61,603.5228465542748,5.34225,5.08064,5.33,5.1289,3.6486,15.86,18.19,19.35,21.24,15.7556,16.4793,16.8468,1.301,5.34225,18.458998790779983,16.8468,0.012926096886133675
2024-08-30,484.92,5648.4,604.999892890043,5.27823,5.01662,5.33,5.1117,3.7027,15.0,17.43,18.88,20.29,15.2826,15.9833,16.4054,1.299,5.27823,18.134508864879272,16.4054,0.012906353549509145
2024-09-06,464.23,5408.42,579.2956449090658,5.20025,4.93864,5.33,5.051,3.4852,22.38,22.74,22.79,23.38,17.632,17.8624,18.1913,1.3577,5.2002500000000005,19.430465520057126,18.1913,0.01348565837033781
2024-09-13,482.24,5626.02,602.6027720057435,5.20279,4.94118,5.33,4.8797,3.4312,16.56,19.28,20.28,21.65,15.8892,16.4043,17.1101,1.3096,5.20279,18.65121597763372,17.1101,0.013010988792136274
2024-09-20,488.26,5702.55,610.7998971744418,4.95286,4.69125,4.83,4.6541,3.4978,16.15,18.94,20.12,21.47,16.0854,16.8019,17.4086,1.2977,4.95286,18.867946531237656,17.4086,0.01289352017167014
2024-09-27,490.73,5738.17,614.6151539170136,4.85496,4.59335,4.83,4.6019,3.5052,16.96,19.54,20.92,22.23,16.38,17.2076,17.4275,1.2837,4.85496,18.88162745616396,17.4275,0.012755304125949383
2024-10-04,491.48,5751.07,615.9968723891972,4.85372,4.58398,4.83,4.6127,3.8038,19.21,20.65,21.6,22.32,16.2009,16.6546,16.9823,1.2919,4.8455900000000005,18.558041596793895,16.9823,0.012836261556207306
2024-10-11,496.54,5815.03,622.8476253722097,4.85372,4.6473,4.83,4.625,3.9018,20.46,20.77,21.76,22.47,16.39,16.9567,17.6008,1.2785,4.9089100000000006,19.006843404793802,17.6008,0.012703961871558953
2024-10-18,500.46,5864.67,628.1645637411392,4.85372,4.63163,4.83,4.6282,3.8781,18.03,19.19,20.23,21.29,15.7798,16.4225,17.1731,1.2686,4.8932400000000005,18.697061946533346,17.1731,0.012606206830801681
2024-10-25,495.37,5808.12,622.1074955549392,4.85372,4.60464,4.83,4.6331,4.0631,20.33,20.94,21.51,21.98,16.6358,17.1568,17.6993,1.2815,4.86625,19.07783096848545,17.6993,0.012733582724641689
2024-11-01,487.94,5728.8,613.6115336003967,4.85372,4.55429,4.83,4.5013,4.2248,21.88,21.91,22.18,22.41,17.1424,17.4906,17.5174,1.2995,4.8159,18.946635024288696,17.5174,0.012911289420209087
2024-11-08,510.56,5995.54,642.1820440864618,4.85372,4.51617,4.58,4.524,4.1915,14.94,16.83,18.56,20.24,15.1316,15.8254,16.2322,1.2431,4.77778,18.006393262033736,16.2322,0.012354369528218456
2024-11-15,499.65,5870.62,628.8018679976891,4.85372,4.49113,4.58,4.4909,4.3068,16.14,17.81,19.25,20.72,15.743,16.3176,17.1434,1.2697,4.75274,18.675455816524774,17.1434,0.012617068973912498
2024-11-22,507.32,5969.34,639.3757631584612,4.85372,4.52094,4.58,4.537,4.2948,15.24,17.3,18.78,20.26,15.3948,16.0213,16.8732,1.2511,4.7825500000000005,18.47831637617369,16.8732,0.012433384137073053
2024-11-29,512.79,6032.38,646.1279749791163,4.85372,4.4662,4.58,4.4858,4.0482,13.51,16.26,18.15,19.74,15.3117,16.067,16.325,1.2387,4.72781,18.07509332075191,16.325,0.012310908831991013
2024-12-06,516.81,6090.27,652.3285705104889,4.85372,4.42672,4.58,4.3874,4.0356,12.77,16.32,18.21,20.18,15.2662,16.0726,16.4165,1.2293,4.6883300000000006,18.142704154211536,16.4165,0.012218054652498415
2024-12-13,513.13,6051.09,648.1320023135779,4.85372,4.34872,4.58,4.3201,4.2499,13.81,17.15,19.23,20.87,15.4722,16.079,16.5241,1.2429,4.61033,18.222051682511868,16.5241,0.012352394083002488
2024-12-20,502.74,5930.85,635.2531008333182,4.85372,4.32742,4.33,4.3175,4.375,18.36,20.1,21.5,21.94,16.5718,16.9895,17.1906,1.2708,4.58903,18.709787022461523,17.1906,0.012627930999038443
2024-12-27,504.85,5970.84,639.5364280970871,4.85372,4.32878,4.33,4.2735,4.4613,15.95,18.07,19.88,20.89,15.5617,16.1962,17.1089,1.2493,4.59039,18.650342177691847,17.1089,0.012415606394411334
2025-01-03,501.71,5942.47,636.4977185578741,4.85372,4.29369,4.33,4.2917,4.4119,16.13,18.14,19.82,20.87,15.7554,16.4324,16.8303,1.256,4.5553,18.44692019613544,16.8303,0.012481777502055872
2025-01-10,491.39,5827.04,624.1340159808085,4.85372,4.28701,4.33,4.3175,4.5737,19.54,20.97,21.71,22.02,17.1758,17.7291,17.8904,1.288,4.5486200000000006,19.215181171722847,17.8904,0.012797758229860698
2025-01-17,505.4,5996.66,642.3020072406359,4.85372,4.29009,4.33,4.2963,4.4313,15.97,18.19,19.8,20.68,15.6414,16.3616,16.7766,1.2525,4.5517,18.40758261071743,16.7766,0.012447211051755282
2025-01-24,513.75,6101.24,653.5035667616404,4.85372,4.29984,4.33,4.3046,4.426,14.85,17.55,19.24,20.18,15.8393,16.8537,17.6487,1.2309,4.56145,19.04138068998945,17.6487,0.012233860228113113
2025-01-31,508.23,6040.53,647.0009211456509,4.85372,4.30225,4.33,4.2839,4.3272,16.43,18.43,19.77,20.39,15.7545,16.5127,17.0905,1.2438,4.56386,18.636941362736952,17.0905,0.012361283555743225
2025-02-07,506.74,6025.99,645.4435423405695,4.85372,4.30394,4.33,4.3279,4.3485,16.54,18.63,19.76,20.42,16.1152,16.8694,17.3085,1.2482,4.56555,18.795405891178376,17.3085,0.012404742062752811
2025-02-14,513.65,6114.63,654.9377691137748,4.85372,4.32299,4.33,4.3118,4.3274,14.77,17.81,19.19,20.14,15.5737,16.542,17.3668,1.2326,4.5846,18.83767172060402,17.3668,0.01225065337848382
2025-02-21,505.02,6013.13,644.0661082667492,4.85372,4.32153,4.33,4.2994,4.2725,18.21,19.48,20.6,21.26,16.0991,16.9237,17.6693,1.2569,4.58314,19.05622431333854,17.6693,0.012490665824725744
2025-02-28,499.51,5954.5,637.7862513656545,4.85372,4.31678,4.33,4.2942,4.0191,19.63,20.18,21.17,21.3,16.4235,16.9228,17.4163,1.2704,4.57839,18.87352083637113,17.4163,0.012623981185370899
2025-03-07,483.83,5770.2,618.0458859064739,4.85372,4.29236,4.33,4.2994,4.0856,23.37,22.59,22.84,22.49,17.8943,18.1238,18.4314,1.3125,4.5539700000000005,19.601402366385933,18.4314,0.013039613507803496
2025-03-14,472.44,5638.94,603.9866326771086,4.85372,4.29505,4.33,4.2917,4.0893,21.77,22.17,22.37,22.7,18.2499,18.4535,18.4937,1.3503,4.55666,19.645635181611127,18.4937,0.01341264694500396
2025-03-21,474.6,5667.56,607.0521197060926,4.85372,4.29783,4.33,4.287,4.003,19.28,20.35,20.98,21.82,17.264,17.4996,17.863,1.3454,4.55944,19.19551786386485,17.863,0.013364298608053993
2025-03-28,466.69,5580.94,597.7742550502369,4.85372,4.29761,4.33,4.2917,3.9791,21.65,22.01,22.58,23.02,18.2778,18.4267,18.432,1.3636,4.55922,19.601828601111016,18.432,0.013543866363298252
2025-04-04,424.13,5074.08,543.4845011889226,4.85372,4.25898,4.33,4.2425,3.7088,45.31,36.71,32.55,29.22,22.893,21.5565,21.0952,1.5018,4.52059,21.45104116807694,21.0952,0.014906346326653094
2025-04-11,447.46,5363.36,574.469270152741,4.85372,4.2561,4.33,4.3098,4.1597,37.56,33.91,31.6,28.46,22.6124,21.7253,21.3739,1.4221,4.51771,21.639938068975976,21.3739,0.01412083013956872
2025-04-18,440.94,5282.7,565.829780853026,4.85372,4.27238,4.33,4.3098,3.9381,29.65,29.35,28.88,27.15,21.3063,20.7108,20.3112,1.4447,4.53399,20.915160647940734,20.3112,0.01434363643506403
2025-04-25,460.61,5525.21,591.8050170304859,4.85372,4.28037,4.33,4.2917,3.8594,24.84,25.37,25.89,25.15,19.8108,19.4144,19.452,1.382,4.54198,20.319925741144147,19.452,0.013725374618476328
2025-05-02,473.83,5686.67,609.0989910241879,4.85372,4.26047,4.33,4.3123,3.9184,22.68,24.0,24.7,24.53,19.5915,19.4876,19.4013,1.3444,4.52208,20.28453211931099,19.4013,0.013354431313301047
2025-05-09,471.25,5659.91,606.2327285191001,4.85372,4.30816,4.33,4.3201,4.0007,21.9,23.38,24.33,24.5,19.7906,19.7303,19.8989,1.3511,4.56977,20.630593759092523,19.8989,0.013420540329065481
2025-05-16,495.95,5958.38,638.2018380069003,4.85372,4.32199,4.33,4.3356,4.0928,17.24,20.08,21.63,22.2,17.8518,18.2791,18.7287,1.2868,4.583600000000001,19.812041303430725,18.7287,0.01278591075426142
2025-05-23,482.79,5802.82,621.5398127717938,4.85372,4.32994,4.33,4.3325,4.0811,22.29,23.8,24.39,24.35,18.9245,18.9233,18.8728,1.3212,4.59155,19.913737219017378,18.8728,0.013125482738887426
2025-05-30,491.01,5911.69,633.2008740172686,4.85372,4.32375,4.33,4.333,3.9617,18.57,21.38,22.72,23.0,18.4435,18.7729,19.0894,1.2977,4.5853600000000005,20.066115117841846,19.0894,0.01289352017167014
2025-06-06,498.54,6000.36,642.6983140892464,4.85372,4.30749,4.33,4.3356,4.1207,16.77,20.02,21.75,22.39,17.5207,17.923,18.1727,1.2809,4.5691,19.41719227046206,18.1727,0.01272765862421632
2025-06-13,496.21,5976.97,640.1930121462716,4.85372,4.30998,4.33,4.3486,3.9996,20.82,22.62,23.4,23.43,18.378,18.6607,18.6929,1.2871,4.5715900000000005,19.786735878850063,18.6929,0.012788872636320265
2025-06-20,495.1,5967.84,639.2150982198347,4.85372,4.32086,4.33,4.2994,3.9608,20.62,22.48,23.44,23.64,17.6987,17.948,18.0796,1.291,4.58247,19.35068673546549,18.0796,0.012827376304786718
2025-06-27,512.02,6173.07,661.1972751226433,4.85372,4.29058,4.33,4.2942,3.83,16.32,19.45,21.31,22.72,16.8549,17.3735,17.7063,1.2486,4.55219,19.082870771275402,17.7063,0.01240869274246726
2025-07-04,520.29,6279.35,672.5809215740904,4.85372,4.27862,4.33,4.3512,3.9358,16.38,19.21,21.02,22.31,16.9398,17.6061,18.0408,1.2283,4.54023,19.322936591814063,18.0408,0.012208176040877925
2025-07-11,518.3,6259.75,670.4815663760442,4.85372,4.31755,4.33,4.3305,3.9727,16.4,19.37,21.09,22.23,16.9583,17.6189,18.0622,1.2319,4.57916,19.338244531191116,18.0622,0.012243738586014002
2025-07-18,521.15,6296.79,674.4489192605153,4.85372,4.33199,4.33,4.3279,3.9465,16.41,19.58,21.33,22.49,16.6305,17.1886,17.4626,1.2254,4.5936,18.907021827028018,17.4626,0.012179527515311851
2025-07-25,528.58,6388.64,684.2869690023804,4.85372,4.31428,4.33,4.346,3.9573,14.93,18.32,20.33,21.64,16.3539,17.0942,17.4544,1.21,4.57589,18.90109075720097,17.4544,0.012027380212718455
2025-08-01,515.37,6238.01,668.152995865558,4.85372,4.32123,4.33,4.2658,3.7571,20.38,21.24,22.33,22.74,17.3396,17.8232,18.0314,1.24,4.58284,19.316210638207316,18.0314,0.012323749688831936
2025-08-08,527.63,6389.45,684.3737280692383,4.85372,4.22643,4.33,4.2373,3.8312,15.15,18.7,20.48,21.69,16.1836,16.8609,17.1836,1.2117,4.48804,18.704697508434087,17.1836,0.01204417683086799
2025-08-15,532.4,6449.8,690.8378140999575,4.85372,4.19457,4.33,4.2115,3.8362,15.09,18.64,20.66,21.86,16.1991,16.8229,17.1133,1.2027,4.45618,18.653546011346613,17.1133,0.011955250351270385
2025-08-22,533.37,6466.91,692.6704654998846,4.85372,4.22274,4.33,4.183,3.759,14.22,17.76,20.15,21.49,16.1386,16.8215,17.3426,1.202,4.48435,18.82013314154078,17.3426,0.011948333515841139
2025-08-29,532.51,6460.26,691.958184271976,4.85372,4.17106,4.33,4.1391,3.6958,15.36,18.35,20.83,21.92,16.4893,17.1562,17.6556,1.2035,4.43267,19.04635322361907,17.6556,0.011963155247464316
2025-09-05,533.91,6481.5,694.2331998029201,4.85372,4.12319,4.33,4.0021,3.5817,15.18,18.42,20.64,21.87,16.5794,17.2881,17.5417,1.2105,4.3848,18.96418755988239,17.5417,0.012032320423813685
2025-09-12,542.01,6584.29,705.243032497164,4.85372,4.02064,4.33,4.0202,3.6334,14.76,18.06,20.4,21.87,16.562,17.2641,17.4679,1.1925,4.28225,18.910854831411527,17.4679,0.011854457447005504
2025-09-19,548.33,6664.36,713.8193269210195,4.85372,4.01248,4.08,3.9608,3.6769,15.45,18.48,20.74,22.08,16.6102,17.1667,17.6906,1.1791,4.27409,19.071566291136396,17.6906,0.011722027797592412
2025-09-26,546.21,6643.7,711.6064351663442,4.85372,4.0015,4.09,3.9483,3.765,15.29,18.41,20.67,22.13,16.9273,17.1741,17.4389,1.1755,4.26311,18.889877060912568,17.4389,0.011686446693922123
2025-10-03,551.72,6715.79,719.3279921167097,4.85372,3.93549,4.09,3.9509,3.7149,16.65,19.08,21.22,22.74,17.2517,17.8368,18.4244,1.1635,4.1971,19.59642928748781,18.4244,0.011567833870748449
2025-10-10,537.95,6552.51,701.8390779974748,4.85372,3.90454,4.1,3.9423,3.6247,21.66,22.81,23.78,24.05,18.6608,19.0342,19.3976,1.1871,4.16615,20.28194795131648,19.3976,0.011801092384506306
2025-10-17,546.7,6664.01,713.7818384353403,4.85372,3.86996,4.11,3.9143,3.5916,20.78,22.09,23.38,23.86,17.8431,18.213,18.778,1.168,4.13157,19.846863007478923,18.778,0.011612315328166022
2025-10-24,556.85,6791.69,727.457638011185,4.85372,3.85939,4.11,3.8446,3.6053,16.37,19.2,21.54,22.79,17.0552,17.6296,17.9258,1.1466,4.1209999999999996,19.24057079444209,17.9258,0.011400763615340438
2025-10-31,560.69,6840.2,732.6535421263497,4.85372,3.88927,3.86,3.8007,3.6871,17.44,20.49,22.54,23.58,18.0782,18.5055,18.6845,1.1393,4.15088,19.780795963333766,18.6845,0.011328588540328597
2025-11-07,550.88,6728.8,720.7214926843927,4.85372,3.84347,3.87,3.8446,3.6838,19.08,21.19,22.99,24.01,18.4508,18.9048,19.0459,1.1592,4.10508,20.035559166842255,19.0459,0.011525327518266522
2025-11-14,551.0,6734.11,721.2902465671285,4.85372,3.87477,3.88,3.8756,3.731,19.83,21.58,23.35,24.36,18.7501,19.1463,19.2659,1.1605,4.13638,20.189858637714625,19.2659,0.011538178466543116
2025-11-21,539.99,6602.99,707.245988732035,4.85372,3.87861,3.88,3.8214,3.6211,23.43,23.96,25.16,25.58,19.4299,19.6187,20.1279,1.1837,4.14022,20.788887226890623,20.1279,0.01176749069888447
2025-11-28,559.51,6849.09,733.6057496626064,4.85372,3.78743,3.89,3.7956,3.5964,16.35,19.64,22.1,23.66,17.6534,18.1641,18.4977,1.1403,4.04904,19.648473478175134,18.4977,0.01133847584483195
2025-12-05,561.03,6870.4,735.8882628906861,4.85372,3.73844,3.89,3.6949,3.7113,15.41,19.27,21.71,23.36,17.5645,18.085,18.9574,1.1392,4.00005,19.973321986659084,18.9574,0.011327599804501506
2025-12-12,557.16,6827.41,731.283605749665,4.85372,3.70627,3.64,3.6072,3.7417,15.74,19.25,21.62,23.29,17.9181,18.5895,18.8343,1.1477,3.96788,19.886591868803716,18.8343,0.011411638859971757
2025-12-19,556.9,6834.5,732.0430153595704,4.85372,3.68503,3.64,3.6021,3.6933,14.91,18.25,20.79,22.57,17.3111,18.0534,18.4164,1.1498,3.94664,19.590745000551273,18.4164,0.011432400362215487
2025-12-26,564.34,6929.94,742.265589854547,4.85372,3.68558,3.64,3.6227,3.6958,13.6,17.77,20.64,22.42,17.2221,17.9757,18.317,1.1301,3.94719,19.52004920530773,18.317,0.01123762075176202
2026-01-02,557.97,6858.47,734.6104410788139,4.85372,3.64977,3.64,3.6124,3.7427,14.51,18.02,20.87,22.42,17.0767,18.1541,18.9194,1.1527,3.9113800000000003,19.946569087670294,18.9194,0.011461070299563753
2026-01-09,566.42,6966.28,746.1579657676596,4.85372,3.6518,3.64,3.5918,3.7499,14.49,17.88,20.57,22.29,16.9259,17.8653,18.6606,1.1368,3.9134100000000003,19.763890637307217,18.6606,0.01130386985136705
2026-01-16,564.13,6940.01,743.344187142523,4.85372,3.66969,3.64,3.6301,3.8152,15.86,18.99,21.32,22.62,17.3019,17.9758,18.4051,1.1375,3.9313000000000002,19.582714548236126,18.4051,0.011310791145866675
2026-01-23,561.63,6915.61,740.7307041408733,4.85372,3.67008,3.64,3.664,3.8245,16.09,19.15,21.53,22.82,17.5511,18.3424,19.0979,1.1421,3.93169,20.072083119784512,19.0979,0.011356272746589565
2026-01-30,563.24,6939.03,743.2392193826205,4.85372,3.66017,3.64,3.6537,3.7881,17.44,20.07,22.23,23.39,17.8475,18.4557,18.8765,1.1389,3.92178,19.916345024120726,18.8765,0.011324633591154631
2026-02-06,562.19,6932.3,742.5183693579852,4.85372,3.63988,3.64,3.6691,3.7585,17.76,20.37,22.23,23.53,18.1685,18.7615,19.0936,1.1415,3.90149,20.069064123164218,19.0936,0.011350340481195815
2026-02-13,553.93,6836.17,732.2218889912407,4.85372,3.65534,3.64,3.6713,3.6038,20.6,22.17,23.56,24.39,18.7433,19.1639,19.4645,1.159,3.91695,20.328647270690443,19.4645,0.011523350434642804
2026-02-20,559.81,6909.51,740.0773333904609,4.85372,3.66477,3.64,3.6743,3.6467,19.09,21.09,23.07,24.18,18.2652,18.9381,19.5695,1.149,3.92638,20.401834865999252,19.5695,0.011424491269329082
2026-02-27,557.04,6878.88,736.7965553437183,4.85372,3.66573,3.64,3.6562,3.5017,19.86,21.56,23.59,24.4,18.8291,19.2192,19.3533,1.1548,3.92734,20.250995055843724,19.3533,0.011481830775572556
2026-03-06,545.29,6740.02,721.9232664253148,4.85372,3.66899,3.64,3.6571,3.7271,29.49,27.56,27.99,26.22,20.4591,20.3648,20.4638,1.1812,3.9306,21.019996799581243,20.4638,0.01174278285676237
2026-03-13,536.58,6632.19,710.3735995372874,4.85372,3.68328,3.64,3.6835,3.8578,27.19,27.28,27.43,26.75,21.3589,21.086,21.1148,1.2058,3.94489,21.46435260516321,21.1148,0.011985881475953806
2026-03-20,526.41,6506.48,696.9088065808382,4.85372,3.70623,3.64,3.6996,4.0081,26.78,27.43,28.35,26.84,21.3992,21.2851,21.3723,1.2305,3.9678400000000003,21.638855965665584,21.3723,0.012229908857629647
2026-03-27,514.63,6368.85,682.167262912108,4.85372,3.69961,3.64,3.6792,4.0684,31.05,29.27,29.78,28.09,22.2693,22.0109,21.6083,1.2521,3.96122,21.7981770320342,21.6083,0.012443260524211705
2026-04-03,531.49,6582.69,705.0716565626294,4.85372,3.67387,3.64,3.6894,3.9463,23.87,24.72,26.03,25.73,20.7256,20.5713,20.5978,1.2122,3.93548,21.11184090583644,20.5978,0.012049116958985282
2026-04-10,550.19,6816.89,730.1568089801013,4.85372,3.66895,3.64,3.6701,3.9429,19.23,21.86,23.51,24.25,18.8531,19.6059,20.0628,1.1718,3.9305600000000003,20.743948752848336,20.0628,0.011649875906959189
2026-04-17,574.76,7126.06,763.2719950301,4.85372,3.67214,3.64,3.6786,3.8466,17.48,20.51,22.57,23.66,18.5055,18.9995,19.3628,1.1215,3.9337500000000003,20.257634789625072,19.3628,0.011152578161194792
2026-04-24,577.43,7165.08,767.4514256335573,4.85372,3.67013,3.64,3.6734,3.9149,18.71,21.3,23.27,24.03,18.4367,19.2219,19.7846,1.1157,3.93174,20.551359140876883,19.7846,0.01109521977211909
2026-05-01,582.51,7230.12,774.4178573723804,4.85372,3.65811,3.64,3.6528,4.0144,16.99,20.37,22.69,23.78,18.5966,18.9342,19.3747,1.1064,3.9197200000000003,20.26595040409986,19.3747,0.011003241694485081
2026-05-08,595.43,7398.93,792.4990895653497,4.85372,3.64329,3.63,3.6759,4.0024,17.19,20.5,22.59,23.93,17.9501,18.5082,18.7961,1.0816,3.9049,19.85963982670917,18.7961,0.010757925452924037
2026-05-15,596.49,7408.5,793.5241318737834,4.85372,3.64106,3.63,3.6641,4.258,18.43,21.36,23.25,24.04,18.336,18.8636,19.1678,1.0822,3.90267,20.12112776398688,19.1678,0.010763861233711713
2026-05-22,601.21,7473.47,800.4830659154705,4.85372,3.65621,3.62,3.6623,4.2576,16.7,20.03,22.35,23.44,17.8586,18.7814,19.3243,1.0753,3.9178200000000003,20.230719697840044,19.3243,0.010695597627338667
2026-05-29,609.62,7580.06,811.8999164542339,4.85372,3.65736,3.62,3.67,4.1407,15.32,18.66,21.6,23.06,17.9979,18.6065,19.0041,1.0602,3.9189700000000003,20.006175519248718,19.0041,0.010546192896075845
2026-06-05,593.95,7383.74,790.8720892868637,4.85372,3.6487,3.62,3.7056,4.2672,21.51,21.82,23.49,24.33,18.8883,19.7552,20.199,1.0999,3.91031,20.837912400444004,20.199,0.010938950918161704
2026-06-12,596.69,7431.46,795.9833765343521,4.85372,3.67045,3.62,3.6977,4.2057,17.68,20.51,22.59,23.75,18.7286,19.1791,19.6055,1.0937,3.9320600000000003,20.426897722507597,19.6055,0.010877623556643403
2026-06-19,602.52,7500.58,803.386816906238,4.85372,3.69599,3.63,3.7401,4.2324,16.4,19.57,21.99,23.85,18.5101,19.4357,19.8802,1.0853,3.9576000000000002,20.617640974474924,19.8802,0.010794528873171496
2026-06-26,589.07,7354.02,787.6887813028875,4.85372,3.73222,3.63,3.7429,4.1285,18.41,20.13,22.26,23.45,18.5215,19.0562,19.7415,1.1012,3.99383,20.52144208659286,19.7415,0.010951809404094943
2026-07-03,599.14,7483.24,801.5295302157213,4.85372,3.75202,3.63,3.7508,4.2302,16.15,19.04,21.5,23.16,17.8799,18.9882,19.1974,1.0833,4.01363,20.141878408745033,19.1974,0.01077474340698075
2026-07-10,606.46,7575.39,811.3997129453116,4.85372,3.74055,3.62,3.7798,4.3047,15.03,18.57,21.09,22.97,18.2365,18.9286,19.743,1.0715,4.00216,20.522483647365497,19.743,0.010658001187519212
2026-07-17,596.71,7457.69,798.7928707611253,4.85372,3.73373,3.63,3.7926,4.2785,18.77,20.54,22.28,23.82,18.1973,18.8969,19.2134,1.0888,3.99534,20.153090550379524,19.2134,0.01082915249707139
2026-07-24,592.71,7411.98,793.8968745313957,4.85372,3.83757,3.63,3.8978,4.4256,18.58,20.51,22.43,23.76,18.6577,19.6113,20.1163,1.0964,4.09918,20.780883294159615,20.1163,0.010904331095738152
2026-07-31,598.42,7489.72,802.2236027505858,4.85372,3.75092,3.63,3.7529,4.4489,15.99,19.02,21.34,22.94,17.733,18.5631,19.1609,1.0858,4.01253,20.116289091783162,19.1609,0.010799475178553435
2026-08-07,619.15,7757.64,830.9205029883699,4.85372,3.76123,3.63,3.7948,4.3518,14.9,18.72,21.02,22.66,17.9648,19.0032,19.6331,1.0503,4.0228399999999995,20.44610223284988,19.6331,0.010448226684444901
2026-08-14,621.16,7785.76,833.9324350378118,4.85372,3.72774,3.63,3.78,4.3639,14.25,18.46,20.8,22.75,18.0038,18.7991,19.3791,1.0468,3.98935,20.2690246556427,19.3791,0.010413589868772138
2026-08-21,612.11,7674.37,822.0014566954454,4.85372,3.74284,3.63,3.7936,4.4242,15.13,18.5,20.9,22.64,18.0342,18.8325,19.4446,1.0643,4.00445,20.314761718817817,19.4446,0.010586761951292429
2026-08-28,614.55,7711.76,826.0062980655961,4.85372,3.7573,3.63,3.8043,4.4789,14.43,17.48,20.3,22.16,17.4414,18.5667,19.2243,1.0593,4.01891,20.160727046643864,19.2243,0.010537287273411963
2026-09-04,614.55,7718.6,826.7389301857307,4.85372,3.81336,3.63,3.8445,4.5448,14.53,17.61,19.89,21.49,16.8607,17.9323,18.6494,1.0531,4.0749699999999995,19.755966002694773,18.6494,0.01047593527321856
2026-09-11,609.58,7656.98,820.1388145069748,4.85372,3.89455,3.63,4.0002,4.7821,15.84,18.6,20.39,21.75,17.2588,18.2251,18.9123,1.0713,4.15616,19.941568542441775,18.9123,0.010656022388373262
2026-09-18,606.86,7619.98,816.1757460208669,4.85372,3.94858,3.63,4.0288,4.8221,17.1,19.28,20.71,21.97,16.9628,17.8461,18.4729,1.0766,4.21019,19.63087275248588,18.4729,0.010708459242787426
