date,spxfp,spx_px_last,spx_rebased
1997-09-09,100.0,933.62,100.0
1997-09-10,97.99,919.03,98.4372656969645
1997-09-11,97.28,912.59,97.74747756046358
1997-09-12,98.93,923.91,98.95996229729441
1997-09-15,98.68,919.77,98.51652706668666
1997-09-16,101.28,945.64,101.28746170818964
1997-09-17,101.27,943.0,101.00469141620789
1997-09-18,101.48,947.29,101.46419314067823
1997-09-19,101.77,950.51,101.8090872089287
1997-09-22,102.36,955.43,102.33606820762196
1997-09-23,101.92,951.93,101.96118335082798
1997-09-24,101.11,944.48,101.16321415565221
1997-09-25,100.27,937.91,100.45950172447036
1997-09-26,100.98,945.22,101.24247552537437
1997-09-29,101.89,953.34,102.11220839313641
1997-09-30,101.12,947.28,101.46312204108739
1997-10-01,102.06,955.41,102.33392600844027
1997-10-02,102.67,960.46,102.87483130181447
1997-10-03,103.34,965.03,103.36432381482832
1997-10-06,103.98,972.69,104.18478610141175
1997-10-07,104.84,983.12,105.3019429746578
1997-10-08,104.07,973.84,104.30796255435833
1997-10-09,103.62,970.62,103.96306848610786
1997-10-10,103.47,966.98,103.57318823504211
1997-10-13,103.44,968.1,103.6931513892162
1997-10-14,103.56,970.28,103.9266511000193
1997-10-15,103.13,965.72,103.43822968659629
1997-10-16,101.68,955.23,102.31464621580517
1997-10-17,100.5,944.16,101.12893896874533
1997-10-20,101.94,955.61,102.35534800025708
1997-10-21,103.76,972.28,104.1408710181873
1997-10-22,103.22,968.49,103.73492427325895
1997-10-23,101.23,950.69,101.82836700156385
1997-10-24,100.01,941.64,100.85902187185368
1997-10-27,92.59,876.99,93.93436301707337
1997-10-28,97.94,921.85,98.73931578158141
1997-10-29,97.92,919.16,98.45118999164546
1997-10-30,95.68,903.68,96.79312782502521
1997-10-31,97.89,914.62,97.96491077740413
1997-11-03,100.19,938.99,100.57518048028112
1997-11-04,99.8,940.76,100.76476510785979
1997-11-05,100.33,942.76,100.97898502602779
1997-11-06,99.82,938.03,100.47235491956049
1997-11-07,98.66,927.51,99.34555814999685
1997-11-10,98.12,921.13,98.66219661104095
1997-11-11,98.17,923.78,98.94603800261355
1997-11-12,96.23,905.96,97.03733853173675
1997-11-13,97.38,916.66,98.1834150939355
1997-11-14,98.8,928.35,99.43553051562742
1997-11-17,100.63,946.2,101.34744328527675
1997-11-18,99.86,938.23,100.4937769113773
1997-11-19,100.41,944.59,101.1749962511515
1997-11-20,102.02,958.98,102.7163085623702
1997-11-21,102.72,963.09,103.15653049420543
1997-11-24,100.62,946.67,101.3977849660462
1997-11-25,100.82,950.82,101.8422912962448
1997-11-26,101.17,951.64,101.93012146269366
1997-11-28,101.16,955.4,102.33285490884948
1997-12-01,103.78,974.78,104.40864591589732
1997-12-02,103.3,971.68,104.07660504273693
1997-12-03,103.56,976.77,104.62179473447446
1997-12-04,103.49,973.1,104.22870118463621
1997-12-05,104.52,983.79,105.3737066472441
1997-12-08,104.31,982.37,105.22161050534484
1997-12-09,103.71,975.78,104.51575587498131
1997-12-10,102.78,969.79,103.87416722006817
1997-12-11,101.11,954.94,102.28358432767084
1997-12-12,101.23,953.39,102.11756389109064
1997-12-15,102.04,963.39,103.1886634819306
1997-12-16,102.69,968.04,103.68672479167118
1997-12-17,102.17,965.54,103.4189498939612
1997-12-18,101.07,955.3,102.32214391294109
1997-12-19,100.29,946.78,101.40956706154545
1997-12-22,100.85,953.7,102.1507679784067
1997-12-23,98.98,939.13,100.59017587455288
1997-12-24,98.69,932.7,99.9014588376428
1997-12-26,99.08,936.46,100.30419228379863
1997-12-29,101.16,953.35,102.11327949272732
1997-12-30,102.58,970.84,103.9866326771064
1997-12-31,102.56,970.43,103.94271759388195
1998-01-02,103.14,975.04,104.43649450525918
1998-01-05,103.37,977.07,104.6539277221997
1998-01-06,101.71,966.58,103.53034425140858
1998-01-07,102.02,964.0,103.25400055697186
1998-01-08,100.68,956.05,102.40247638225408
1998-01-09,97.36,927.69,99.36483794263197
1998-01-12,99.04,939.21,100.59874467127959
1998-01-13,100.5,952.12,101.98153424305397
1998-01-14,100.9,957.94,102.60491420492284
1998-01-15,100.04,950.73,101.83265139992723
1998-01-16,101.44,961.51,102.9872967588527
1998-01-20,103.19,978.6,104.81780595959819
1998-01-21,102.17,970.81,103.98341937833386
1998-01-22,101.22,963.04,103.15117499625121
1998-01-23,101.02,957.59,102.56742571924345
1998-01-26,100.93,956.95,102.4988753454297
1998-01-27,101.99,969.02,103.79169255157352
1998-01-28,102.87,977.46,104.69570060624245
1998-01-29,103.39,985.49,105.55579357768694
1998-01-30,103.47,980.28,104.99775069085932
1998-02-02,105.16,1001.27,107.24598873203239
1998-02-03,105.87,1006.0,107.7526188384997
1998-02-04,105.76,1006.9,107.84901780167529
1998-02-05,105.74,1003.54,107.48912833915307
1998-02-06,106.69,1012.46,108.44454917418231
1998-02-09,106.32,1010.74,108.26032004455784
1998-02-10,107.28,1019.01,109.14611940618249
1998-02-11,107.23,1020.01,109.25322936526648
1998-02-12,107.54,1024.14,109.69559349628341
1998-02-13,107.08,1020.09,109.26179816199321
1998-02-17,107.63,1022.76,109.54778175274748
1998-02-18,108.43,1032.08,110.54604657141032
1998-02-19,107.96,1028.28,110.13902872689113
1998-02-20,108.67,1034.21,110.77419078425922
1998-02-23,109.07,1038.14,111.19513292345934
1998-02-24,108.27,1030.56,110.38323943360264
1998-02-25,109.52,1042.9,111.70497632869916
1998-02-26,110.2,1048.67,112.32300079261383
1998-02-27,110.03,1049.34,112.3947644652001
1998-03-02,109.99,1047.7,112.21910413230236
1998-03-03,110.57,1052.02,112.68181915554521
1998-03-04,109.76,1047.33,112.17947344744127
1998-03-05,108.8,1035.05,110.86416314988979
1998-03-06,110.74,1055.69,113.07491270538348
1998-03-09,110.4,1052.31,112.71288104367956
1998-03-10,111.55,1064.25,113.99177395514246
1998-03-11,111.93,1068.47,114.44377798247693
1998-03-12,112.34,1069.92,114.59908742314873
1998-03-13,112.02,1068.61,114.45877337674868
1998-03-16,113.14,1079.27,115.60056554058409
1998-03-17,113.4,1080.45,115.72695529230322
1998-03-18,113.76,1085.52,116.27000278485907
1998-03-19,114.17,1089.74,116.72200681219354
1998-03-20,116.35,1099.16,117.7309826267648
1998-03-23,116.07,1095.55,117.34431567447156
1998-03-24,117.11,1105.65,118.42612626121995
1998-03-25,116.07,1101.93,118.02767721342748
1998-03-26,116.33,1100.8,117.90664295966256
1998-03-27,115.99,1095.44,117.33253357897236
1998-03-30,115.81,1093.55,117.1300957563036
1998-03-31,116.33,1101.75,118.00839742079238
1998-04-01,117.13,1108.15,118.69390115892996
1998-04-02,118.45,1120.01,119.96422527366613
1998-04-03,118.61,1122.7,120.25235106360208
1998-04-06,118.04,1121.38,120.11096591761121
1998-04-07,117.18,1109.54,118.84278400205669
1998-04-08,116.43,1101.65,117.99768642488398
1998-04-09,117.24,1110.67,118.96381825582162
1998-04-13,117.0,1109.69,118.8588504959193
1998-04-14,117.83,1115.75,119.50793684796832
1998-04-15,118.17,1119.32,119.89031940189818
1998-04-16,116.85,1108.17,118.69604335811165
1998-04-17,117.78,1122.72,120.25449326278378
1998-04-20,118.25,1123.65,120.35410552473189
1998-04-21,118.92,1126.67,120.67757760116555
1998-04-22,119.05,1130.54,121.0920931428206
1998-04-23,118.01,1119.58,119.91816799126
1998-04-24,116.38,1107.9,118.66712366915895
1998-04-27,114.26,1086.54,116.37925494312479
1998-04-28,114.1,1085.11,116.22608770163467
1998-04-29,114.9,1094.63,117.24577451211434
1998-04-30,117.24,1111.75,119.07949701163233
1998-05-01,118.25,1121.0,120.07026413315928
1998-05-04,118.17,1122.07,120.18487178937914
1998-05-05,117.31,1115.5,119.48115935819729
1998-05-06,116.28,1104.92,118.34793599108862
1998-05-07,115.06,1095.14,117.30040059124714
1998-05-08,116.28,1108.14,118.69283005933907
1998-05-11,116.54,1106.64,118.53216512071307
1998-05-12,117.55,1115.79,119.51222124633162
1998-05-13,117.75,1118.86,119.84104882071946
1998-05-14,117.26,1117.37,119.68145498168431
1998-05-15,116.54,1108.73,118.75602493519861
1998-05-18,116.12,1105.82,118.44433495426418
1998-05-19,116.85,1109.52,118.84064180287497
1998-05-20,117.78,1119.06,119.86247081253627
1998-05-21,117.16,1114.64,119.38904479338504
1998-05-22,116.72,1110.47,118.94239626400477
1998-05-26,114.62,1094.02,117.18043743707304
1998-05-27,114.96,1092.23,116.9887106103127
1998-05-28,115.29,1097.6,117.56389109059376
1998-05-29,114.28,1090.82,116.83768556800428
1998-06-01,114.72,1090.98,116.85482316145772
1998-06-02,114.77,1093.22,117.09474946980588
1998-06-03,112.96,1082.73,115.97116599901476
1998-06-04,114.98,1094.83,117.26719650393109
1998-06-05,117.05,1113.86,119.30549902529953
1998-06-08,117.03,1115.72,119.50472354919577
1998-06-09,117.29,1118.41,119.79284933913173
1998-06-10,116.61,1112.28,119.13626528994683
1998-06-11,114.36,1094.58,117.2404190141601
1998-06-12,115.25,1098.84,117.69670743985792
1998-06-15,112.46,1077.01,115.3584970330543
1998-06-16,113.93,1087.59,116.49172040016298
1998-06-17,116.28,1107.11,118.58250680148258
1998-06-18,115.86,1106.37,118.50324543176042
1998-06-19,115.18,1100.65,117.89057646579998
1998-06-22,115.72,1103.21,118.16477796105501
1998-06-23,117.1,1119.49,119.90852809494245
1998-06-24,118.7,1132.88,121.34273044707716
1998-06-25,118.49,1129.28,120.95713459437476
1998-06-26,118.91,1133.2,121.37700563398404
1998-06-29,119.32,1138.49,121.94361731753837
1998-06-30,118.44,1133.84,121.44555600779778
1998-07-01,119.84,1148.56,123.02221460551418
1998-07-02,120.0,1146.42,122.79299929307443
1998-07-06,121.19,1157.33,123.9615689466808
1998-07-07,120.96,1154.66,123.67558535592656
1998-07-08,121.76,1166.38,124.930914076391
1998-07-09,120.98,1158.56,124.09331419635414
1998-07-10,121.5,1164.33,124.71133866026878
1998-07-13,121.63,1165.19,124.80345322508101
1998-07-14,122.87,1177.58,126.1305456181317
1998-07-15,122.64,1174.81,125.83385103146904
1998-07-16,123.44,1183.99,126.81712045586012
1998-07-17,123.81,1186.75,127.11274394293196
1998-07-20,123.68,1184.1,126.82890255135936
1998-07-21,121.53,1165.07,124.79060002999093
1998-07-22,121.42,1164.08,124.68456117049777
1998-07-23,118.91,1139.75,122.07857586598416
1998-07-24,118.91,1140.8,122.19104132302236
1998-07-27,119.5,1147.27,122.88404275829582
1998-07-28,117.65,1130.24,121.05996015509537
1998-07-29,117.02,1125.21,120.52119706090288
1998-07-30,118.75,1142.95,122.42132773505296
1998-07-31,116.37,1120.67,120.03491784666154
1998-08-03,115.8,1112.44,119.15340288340025
1998-08-04,111.29,1072.12,114.83472933313352
1998-08-05,112.87,1081.43,115.83192305220552
1998-08-06,113.21,1089.63,116.71022471669428
1998-08-07,113.44,1089.45,116.69094492405915
1998-08-10,112.74,1083.14,116.01508108223915
1998-08-11,111.03,1068.98,114.49840406160976
1998-08-12,113.0,1084.22,116.13075983804985
1998-08-13,111.47,1074.91,115.13356611897785
1998-08-14,110.08,1062.75,113.83110901651645
1998-08-17,112.38,1083.67,116.07184936055364
1998-08-18,114.61,1101.2,117.94948694329608
1998-08-19,114.27,1098.06,117.61316167177232
1998-08-20,113.42,1091.6,116.9212313360897
1998-08-21,112.61,1081.24,115.81157215997952
1998-08-24,113.29,1088.14,116.5506308776591
1998-08-25,113.52,1092.85,117.05511878494471
1998-08-26,112.72,1084.19,116.12754653927732
1998-08-27,107.35,1042.59,111.67177224138308
1998-08-28,107.02,1027.14,110.01692337353538
1998-08-31,98.88,957.28,102.53422163192742
1998-09-01,103.57,994.26,106.49514791885359
1998-09-02,102.67,990.47,106.08920117392525
1998-09-03,102.12,982.26,105.20982840984563
1998-09-04,101.22,973.89,104.31331805231258
1998-09-08,106.47,1023.46,109.62275872410626
1998-09-09,103.94,1006.2,107.7740408303165
1998-09-10,100.46,980.19,104.98811079454177
1998-09-11,105.03,1009.06,108.0803753132967
1998-09-14,106.77,1029.72,110.29326706797207
1998-09-15,107.39,1037.68,111.14586234228068
1998-09-16,108.57,1045.48,111.98132002313585
1998-09-17,105.65,1018.87,109.13112401191073
1998-09-18,105.8,1020.09,109.26179816199321
1998-09-21,105.75,1023.89,109.66881600651239
1998-09-22,106.67,1029.63,110.28362717165454
1998-09-23,110.57,1066.09,114.188856279857
1998-09-24,108.13,1042.72,111.68569653606403
1998-09-25,107.85,1044.75,111.90312975300455
1998-09-28,109.11,1048.69,112.3251429917955
1998-09-29,108.52,1049.02,112.36048927829323
1998-09-30,105.29,1017.01,108.93189948801452
1998-10-01,102.08,986.39,105.65219254086257
1998-10-02,103.93,1002.6,107.38844497761416
1998-10-05,102.05,988.56,105.88462115207486
1998-10-06,102.03,984.59,105.4593946145114
1998-10-07,100.46,970.68,103.969495083653
1998-10-08,99.44,959.44,102.7655791435489
1998-10-09,101.7,984.39,105.43797262269459
1998-10-12,103.16,997.71,106.86467727769342
1998-10-13,102.93,994.8,106.55298729675899
1998-10-14,103.72,1005.53,107.70227715773025
1998-10-15,109.19,1047.49,112.19661104089471
1998-10-16,109.42,1056.42,113.1531029755148
1998-10-19,109.75,1062.39,113.79254943124626
1998-10-20,110.21,1063.93,113.9574987682356
1998-10-21,110.08,1069.92,114.59908742314873
1998-10-22,111.52,1078.48,115.51594867290773
1998-10-23,110.21,1070.67,114.67941989246172
1998-10-26,110.88,1072.32,114.8561513249503
1998-10-27,110.26,1065.34,114.10852381054401
1998-10-28,109.9,1068.09,114.40307619802502
1998-10-29,112.52,1085.93,116.31391786808351
1998-10-30,113.41,1098.67,117.6784987468136
1998-11-02,115.06,1111.6,119.06343051776966
1998-11-03,114.32,1110.84,118.98202694886584
1998-11-04,115.39,1118.67,119.82069792849354
1998-11-05,117.06,1133.85,121.44662710738858
1998-11-06,117.83,1141.01,122.21353441443
1998-11-09,116.63,1130.2,121.05567575673201
1998-11-10,115.86,1128.26,120.84788243610905
1998-11-11,115.57,1120.97,120.06705083438672
1998-11-12,115.32,1117.69,119.71573016859122
1998-11-13,116.37,1125.72,120.57582314003571
1998-11-16,117.22,1135.87,121.66298922473827
1998-11-17,117.34,1139.32,122.03251858357807
1998-11-18,118.01,1144.48,122.5852059724515
1998-11-19,118.91,1152.61,123.45600993980436
1998-11-20,119.78,1163.55,124.62779289218328
1998-11-23,122.53,1188.21,127.26912448319463
1998-11-24,121.78,1182.99,126.71001049677616
1998-11-25,121.71,1186.87,127.12559713802204
1998-11-27,122.55,1192.33,127.71041751462067
1998-11-30,119.29,1163.63,124.63636168891001
1998-12-01,120.5,1175.28,125.88419271223856
1998-12-02,120.29,1171.25,125.45253957713007
1998-12-03,118.32,1150.14,123.19144834086693
1998-12-04,121.12,1176.74,126.0405732525012
1998-12-07,121.86,1187.7,127.21449840406181
1998-12-08,121.24,1181.38,126.53756346265098
1998-12-09,121.55,1183.49,126.76356547631819
1998-12-10,119.7,1165.02,124.78524453203678
1998-12-11,119.4,1166.46,124.93948287311774
1998-12-14,116.68,1141.2,122.233885306656
1998-12-15,119.37,1162.83,124.55067372164282
1998-12-16,119.35,1161.94,124.45534585805808
1998-12-17,121.13,1179.98,126.38760951993335
1998-12-18,121.63,1188.03,127.24984469055951
1998-12-21,123.39,1202.84,128.8361431845935
1998-12-22,123.54,1203.57,128.91433345472484
1998-12-23,126.23,1228.54,131.5888691330522
1998-12-24,125.93,1226.27,131.34572952593155
1998-12-28,125.32,1225.49,131.26218375784603
1998-12-29,127.45,1241.81,133.01021829009684
1998-12-30,126.18,1231.93,131.95197189434697
1998-12-31,126.54,1229.23,131.6627750048202
1999-01-04,126.08,1228.1,131.54174075105527
1999-01-05,127.32,1244.78,133.32833486857635
1999-01-06,130.07,1272.34,136.28028534093127
1999-01-07,129.81,1269.73,136.00072834772206
1999-01-08,130.85,1275.09,136.5748377284123
1999-01-11,129.41,1263.88,135.3741350870807
1999-01-12,127.1,1239.51,132.7638653842037
1999-01-13,125.88,1234.4,132.2165334932845
1999-01-14,123.84,1212.19,129.83762130202894
1999-01-15,126.84,1243.26,133.16552773076867
1999-01-19,127.71,1252.0,134.1016687731628
1999-01-20,128.85,1256.62,134.59651678413084
1999-01-21,125.27,1235.16,132.2979370621883
1999-01-22,125.22,1225.19,131.23005077012087
1999-01-25,126.33,1233.98,132.1715473104692
1999-01-26,128.57,1252.31,134.13487286047885
1999-01-27,126.89,1243.17,133.15588783445114
1999-01-28,128.59,1265.37,135.53372892611583
1999-01-29,130.19,1279.64,137.0621880422445
1999-02-01,129.46,1273.0,136.35097791392676
1999-02-02,128.54,1261.99,135.17169726441196
1999-02-03,129.89,1272.07,136.25136565197863
1999-02-04,127.93,1248.49,133.725712816778
1999-02-05,126.33,1239.4,132.7520832887045
1999-02-08,126.71,1243.77,133.22015380990155
1999-02-09,123.84,1216.14,130.26070564041075
1999-02-10,124.56,1223.55,131.05439043722313
1999-02-11,128.26,1254.04,134.32017308969418
1999-02-12,125.8,1230.13,131.75917396799585
1999-02-16,126.21,1241.87,133.01664488764195
1999-02-17,124.89,1224.03,131.10580321758349
1999-02-18,125.83,1237.28,132.52501017544643
1999-02-19,126.33,1239.22,132.7328034960694
1999-02-22,129.48,1272.14,136.25886334911453
1999-02-23,129.59,1271.18,136.1560377883939
1999-02-24,127.32,1253.41,134.2526938154713
1999-02-25,126.13,1245.02,133.35404125875655
1999-02-26,125.52,1238.33,132.6374756324846
1999-03-01,125.88,1236.16,132.40504702127234
1999-03-02,124.91,1225.5,131.26325485743692
1999-03-03,125.37,1227.7,131.4988967674217
1999-03-04,126.97,1246.64,133.5275593924726
1999-03-05,129.99,1275.47,136.6155395128642
1999-03-08,130.37,1282.73,137.393157815814
1999-03-09,130.02,1279.84,137.08361003406122
1999-03-10,130.96,1286.84,137.8333797476492
1999-03-11,132.53,1297.68,138.99445170411974
1999-03-12,131.2,1294.59,138.66348193055018
1999-03-15,132.76,1307.26,140.0205651121444
1999-03-16,132.73,1306.38,139.92630834815049
1999-03-17,132.0,1297.82,139.00944709839146
1999-03-18,133.97,1316.55,141.0156166320347
1999-03-19,131.78,1299.29,139.16689873824492
1999-03-22,131.95,1297.01,138.92268803153343
1999-03-23,128.03,1262.14,135.18776375827449
1999-03-24,128.76,1268.59,135.87862299436625
1999-03-25,131.22,1289.99,138.17077611876377
1999-03-26,130.52,1282.8,137.40065551294984
1999-03-29,132.41,1310.17,140.3322550930788
1999-03-30,132.41,1300.75,139.32327927850756
1999-03-31,130.14,1286.37,137.78303806687967
1999-04-01,131.1,1293.72,138.57029626614707
1999-04-05,134.19,1321.12,141.50510914504852
1999-04-06,133.89,1317.89,141.15914397720724
1999-04-07,134.69,1326.89,142.1231336089632
1999-04-08,136.41,1343.98,143.95364280970867
1999-04-09,136.68,1348.35,144.42171333090573
1999-04-12,138.07,1358.64,145.52387480988008
1999-04-13,137.08,1349.82,144.57916497075922
1999-04-14,134.77,1328.44,142.2891540455434
1999-04-15,134.04,1322.86,141.69148047385468
1999-04-16,133.21,1319.0,141.27803603179046
1999-04-19,130.92,1289.48,138.1161500396309
1999-04-20,132.33,1306.17,139.90381525674277
1999-04-21,136.03,1336.12,143.11175853130842
1999-04-22,137.76,1358.82,145.54315460251513
1999-04-23,137.36,1356.85,145.33214798311965
1999-04-26,138.02,1360.04,145.67382875259761
1999-04-27,138.52,1362.8,145.96945223966944
1999-04-28,136.76,1350.91,144.69591482616073
1999-04-29,135.6,1342.83,143.83046635676203
1999-04-30,134.62,1335.18,143.01107516976947
1999-05-03,136.78,1354.63,145.0943638739532
1999-05-04,135.15,1332.0,142.67046549988237
1999-05-05,136.05,1347.31,144.31031897345835
1999-05-06,135.07,1332.05,142.67582099783658
1999-05-07,136.08,1345.0,144.06289496797433
1999-05-10,135.55,1340.3,143.55947816027955
1999-05-11,136.68,1355.61,145.19933163385554
1999-05-12,137.76,1364.0,146.09798419057026
1999-05-13,138.37,1367.56,146.47929564490929
1999-05-14,134.87,1337.8,143.29170326256957
1999-05-17,134.95,1339.49,143.47271909342152
1999-05-18,134.97,1333.32,142.81185064587325
1999-05-19,135.78,1344.23,143.98042029947965
1999-05-20,135.1,1338.83,143.40202652042606
1999-05-21,134.32,1330.29,142.48730746984873
1999-05-24,132.08,1306.65,139.9552280371031
1999-05-25,129.26,1284.4,137.5720314474842
1999-05-26,131.27,1304.76,139.75279021443433
1999-05-27,129.41,1281.41,137.25177266982303
1999-05-28,130.49,1301.84,139.44002913390904
1999-06-01,130.37,1294.26,138.62813564405235
1999-06-02,130.44,1294.81,138.68704612154855
1999-06-03,131.32,1299.54,139.19367622801585
1999-06-04,133.79,1327.75,142.21524817377536
1999-06-07,134.07,1334.52,142.94038259677401
1999-06-08,132.96,1317.33,141.09916240012012
1999-06-09,132.68,1318.64,141.23947644652017
1999-06-10,131.58,1302.82,139.54499689381134
1999-06-11,130.43,1293.64,138.56172746942028
1999-06-14,130.48,1294.0,138.6002870546905
1999-06-15,131.38,1301.16,139.36719436173192
1999-06-16,133.82,1330.41,142.50016066493882
1999-06-17,135.06,1339.9,143.51663417664594
1999-06-18,135.19,1342.84,143.83153745635286
1999-06-21,135.51,1349.0,144.49133480431027
1999-06-22,134.44,1335.88,143.08605214112828
1999-06-23,133.74,1333.06,142.7840020565114
1999-06-24,132.8,1315.78,140.93314196353998
1999-06-25,132.42,1315.31,140.8828002827705
1999-06-28,133.92,1331.35,142.60084402647777
1999-06-29,135.19,1351.45,144.7537542040661
1999-06-30,137.68,1372.71,147.03091193419186
1999-07-01,137.68,1380.96,147.91456909663484
1999-07-02,140.09,1391.22,149.01351727683664
1999-07-06,139.82,1388.12,148.68147640367624
1999-07-07,139.95,1395.86,149.51050748698637
1999-07-08,139.99,1394.42,149.35626914590543
1999-07-09,140.89,1403.28,150.30526338338962
1999-07-12,140.39,1399.1,149.85754375441851
1999-07-13,139.87,1393.56,149.26415458109318
1999-07-14,140.42,1398.17,149.7579314924704
1999-07-15,141.44,1409.62,150.98434052398213
1999-07-16,142.24,1418.78,151.96546774919153
1999-07-19,141.29,1407.65,150.77333390458668
1999-07-20,138.25,1377.1,147.5011246545706
1999-07-21,138.05,1379.29,147.73569546496455
1999-07-22,136.28,1360.97,145.77344101454577
1999-07-23,135.79,1356.94,145.34178787943725
1999-07-26,134.99,1347.76,144.35851845504615
1999-07-27,135.88,1362.84,145.97373663803282
1999-07-28,136.28,1365.4,146.24793813328787
1999-07-29,134.49,1341.03,143.63766843041088
1999-07-30,132.7,1328.72,142.3191448340869
1999-08-02,133.14,1328.05,142.2473811615006
1999-08-03,132.4,1322.18,141.61864570167756
1999-08-04,130.43,1305.33,139.81384289111222
1999-08-05,131.65,1313.71,140.7114243482361
1999-08-06,130.13,1300.29,139.27400869732887
1999-08-09,129.88,1297.8,139.00730489920971
1999-08-10,128.59,1281.43,137.25391486900472
1999-08-11,129.93,1301.93,139.44966903022663
1999-08-12,130.01,1298.16,139.04586448447998
1999-08-13,132.82,1327.68,142.20775047663952
1999-08-16,133.47,1330.77,142.53872025020905
1999-08-17,134.22,1344.16,143.97292260234377
1999-08-18,132.97,1332.84,142.76043786551293
1999-08-19,132.22,1323.59,141.76967074398596
1999-08-20,133.59,1336.61,143.16424241125958
1999-08-23,136.18,1360.22,145.69310854523272
1999-08-24,136.56,1363.5,146.04442921102822
1999-08-25,137.8,1381.79,148.0034703626745
1999-08-26,136.28,1362.01,145.88483537199306
1999-08-27,134.66,1348.27,144.41314453417897
1999-08-30,132.12,1324.02,141.81572802639207
1999-08-31,131.5,1320.41,141.42906107409885
1999-09-01,132.92,1331.07,142.57085323793424
1999-09-02,131.55,1319.11,141.28981812728964
1999-09-03,135.76,1357.24,145.3739208671624
1999-09-07,134.76,1350.45,144.64664424498207
1999-09-08,134.12,1344.15,143.9718515027529
1999-09-09,134.02,1347.66,144.34780745913773
1999-09-10,134.98,1351.66,144.7762472954737
1999-09-13,134.21,1344.13,143.96970930357122
1999-09-14,133.28,1336.29,143.1299672243527
1999-09-15,131.23,1317.97,141.1677127739339
1999-09-16,131.38,1318.48,141.22233885306676
1999-09-17,133.15,1335.42,143.03678155994965
1999-09-20,132.88,1335.53,143.04856365544887
1999-09-21,130.25,1307.58,140.0548402990512
1999-09-22,130.22,1310.51,140.36867247916732
1999-09-23,127.19,1280.41,137.14466271073906
1999-09-24,127.02,1277.36,136.81797733553285
1999-09-27,127.71,1283.31,137.45528159208263
1999-09-28,127.51,1282.2,137.3363895374994
1999-09-29,126.11,1268.37,135.8550588033677
1999-09-30,127.91,1282.71,137.39101561663222
1999-10-01,127.49,1282.81,137.4017266125406
1999-10-04,129.93,1304.6,139.7356526209809
1999-10-05,129.63,1301.35,139.3875452539579
1999-10-06,131.5,1325.4,141.96353976992805
1999-10-07,130.94,1317.64,141.13236648743623
1999-10-08,132.69,1336.02,143.10104753540006
1999-10-11,132.71,1335.21,143.01428846854202
1999-10-12,130.64,1313.04,140.63966067564982
1999-10-13,127.05,1285.55,137.69520790043077
1999-10-14,127.1,1283.42,137.46706368758188
1999-10-15,123.79,1247.41,133.6100340609672
1999-10-18,124.71,1254.13,134.32981298601163
1999-10-19,125.57,1261.32,135.09993359182553
1999-10-20,127.34,1289.43,138.11079454167665
1999-10-21,127.69,1283.61,137.4874145798078
1999-10-22,128.79,1301.65,139.4196782416831
1999-10-25,128.18,1293.63,138.56065636982947
1999-10-26,126.65,1281.91,137.30532764936504
1999-10-27,128.62,1296.71,138.89055504380818
1999-10-28,133.06,1342.44,143.7886934727193
1999-10-29,135.59,1362.93,145.98337653435038
1999-11-01,134.24,1354.12,145.03973779482038
1999-11-02,133.25,1347.74,144.35637625586452
1999-11-03,134.04,1354.93,145.12649686167845
1999-11-04,134.83,1362.64,145.95231464621605
1999-11-05,136.36,1370.23,146.76527923566357
1999-11-08,136.28,1377.01,147.49148475825305
1999-11-09,135.17,1365.28,146.2350849381978
1999-11-10,135.96,1373.46,147.11124440350488
1999-11-11,136.75,1381.46,147.96812407617685
1999-11-12,138.2,1396.06,149.53192947880316
1999-11-15,138.23,1394.39,149.3530558471329
1999-11-16,140.99,1420.07,152.10363959640992
1999-11-17,139.71,1410.71,151.10109037938375
1999-11-18,140.74,1424.94,152.625265097149
1999-11-19,140.69,1422.0,152.31036181744204
1999-11-22,140.62,1420.94,152.19682526081303
1999-11-23,139.12,1404.64,150.4509329277439
1999-11-24,140.05,1417.08,151.7833808187488
1999-11-26,139.36,1416.62,151.73411023757018
1999-11-29,138.97,1407.83,150.79261369722187
1999-11-30,137.1,1388.91,148.7660932713527
1999-12-01,138.18,1397.72,149.70973201088268
1999-12-02,139.14,1409.04,150.92221674771352
1999-12-03,141.65,1433.3,153.52070435509125
1999-12-06,140.45,1423.33,152.4528180630238
1999-12-07,139.48,1409.17,150.93614104239444
1999-12-08,138.47,1403.88,150.3695293588401
1999-12-09,138.97,1408.11,150.8226044857654
1999-12-10,139.62,1417.04,151.77909642038549
1999-12-13,139.67,1415.22,151.58415629485262
1999-12-14,138.58,1403.17,150.29348128789047
1999-12-15,138.92,1413.32,151.380647372593
1999-12-16,139.75,1418.78,151.96546774919162
1999-12-17,140.43,1421.03,152.2064651571306
1999-12-20,139.53,1418.09,151.89156187742364
1999-12-21,141.42,1433.43,153.53462864977217
1999-12-22,141.71,1436.13,153.82382553929895
1999-12-23,143.95,1458.34,156.20273773055447
1999-12-27,143.68,1457.1,156.06992138129033
1999-12-28,143.78,1457.66,156.1299029583774
1999-12-29,144.12,1463.46,156.75114072106456
1999-12-30,143.97,1464.47,156.8593217797394
1999-12-31,144.31,1469.25,157.37130738416087
2000-01-03,142.61,1455.22,155.86855465821242
2000-01-04,137.27,1399.42,149.89181894132545
2000-01-05,137.44,1402.11,150.1799447312614
2000-01-06,136.51,1403.45,150.32347207643397
2000-01-07,141.93,1441.47,154.3957927208075
2000-01-10,143.42,1457.6,156.12347636083234
2000-01-11,141.4,1438.56,154.08410273987306
2000-01-12,140.21,1432.25,153.40823889805304
2000-01-13,141.86,1449.68,155.2751654848871
2000-01-14,143.71,1465.15,156.93215655191653
2000-01-18,142.88,1455.14,155.85998586148574
2000-01-19,143.17,1455.9,155.9413894303896
2000-01-20,141.59,1445.57,154.8349435530519
2000-01-21,141.4,1441.36,154.38401062530826
2000-01-24,137.27,1401.53,150.1178209549927
2000-01-25,137.92,1410.03,151.02825560720666
2000-01-26,137.63,1404.09,150.39202245024774
2000-01-27,137.07,1398.56,149.79970437651323
2000-01-28,132.87,1360.16,145.68668194768782
2000-01-31,136.22,1394.46,149.36055354426887
2000-02-01,137.75,1409.28,150.94792313789367
2000-02-02,137.63,1409.12,150.93078554444023
2000-02-03,139.67,1424.97,152.62847839592158
2000-02-04,139.19,1424.37,152.56421242047116
2000-02-07,138.77,1424.24,152.55028812579025
2000-02-08,140.62,1441.72,154.4225702105785
2000-02-09,137.9,1411.7,151.20712923887695
2000-02-10,137.99,1416.83,151.75660332897783
2000-02-11,135.81,1387.12,148.5743664445923
2000-02-14,136.0,1389.94,148.87641652920917
2000-02-15,137.1,1402.05,150.17351813371633
2000-02-16,135.42,1387.67,148.63327692208847
2000-02-17,134.71,1388.26,148.69647179794802
2000-02-18,131.58,1346.09,144.1796448233759
2000-02-22,131.16,1352.17,144.83087337460663
2000-02-23,132.74,1360.69,145.74345022600227
2000-02-24,131.77,1353.43,144.96583192305246
2000-02-25,130.09,1333.36,142.81613504423666
2000-02-28,131.04,1348.05,144.38958034318057
2000-02-29,133.4,1366.42,146.3571902915536
2000-03-01,134.66,1379.19,147.72498446905624
2000-03-02,134.66,1381.76,148.0002570639021
2000-03-03,137.17,1409.17,150.93614104239444
2000-03-06,135.64,1391.28,149.01994387438174
2000-03-07,131.43,1355.62,145.20040273344642
2000-03-08,132.84,1366.7,146.38718108009712
2000-03-09,136.54,1401.69,150.13495854844612
2000-03-10,136.08,1395.07,149.42589061931005
2000-03-13,134.52,1383.62,148.1994815877983
2000-03-14,132.46,1359.15,145.57850088901293
2000-03-15,135.65,1392.15,149.1131295387848
2000-03-16,141.86,1458.47,156.2166620252354
2000-03-17,142.92,1464.47,156.85932177973936
2000-03-20,141.86,1456.63,156.01957970052084
2000-03-21,144.7,1493.87,160.0083545768088
2000-03-22,145.65,1500.64,160.73348899980746
2000-03-23,148.2,1527.35,163.59439600694097
2000-03-24,149.3,1527.46,163.60617810244023
2000-03-27,147.67,1523.86,163.22058224973782
2000-03-28,146.88,1507.73,161.492898609713
2000-03-29,146.9,1508.52,161.57751547738934
2000-03-30,144.38,1487.92,159.37105032025903
2000-03-31,145.44,1498.58,160.51284248409442
2000-04-03,146.69,1505.97,161.30438508172517
2000-04-04,145.85,1494.73,160.10046914162106
2000-04-05,144.5,1487.37,159.31213984276283
2000-04-06,145.56,1501.34,160.80846597116627
2000-04-07,146.76,1516.35,162.41618645701703
2000-04-10,146.04,1504.46,161.14264904350833
2000-04-11,145.8,1500.59,160.72813350185325
2000-04-12,141.74,1467.17,157.1485186692661
2000-04-13,139.75,1440.51,154.2929671600868
2000-04-14,131.26,1356.56,145.30108609498535
2000-04-17,135.6,1401.44,150.1081810586751
2000-04-18,139.44,1441.61,154.41078811507919
2000-04-19,138.24,1427.47,152.8962532936315
2000-04-20,138.91,1434.54,153.65352070435534
2000-04-24,137.93,1429.86,153.15224609584223
2000-04-25,142.94,1477.44,158.24853794905874
2000-04-26,141.62,1460.99,156.486579122127
2000-04-27,140.83,1464.92,156.9075212613271
2000-04-28,140.14,1452.43,155.569717872368
2000-05-01,141.77,1468.25,157.26419742507682
2000-05-02,139.22,1446.29,154.91206272359227
2000-05-03,136.54,1415.1,151.57130309976245
2000-05-04,136.61,1409.57,150.97898502602794
2000-05-05,138.12,1432.63,153.4489406825049
2000-05-08,137.26,1424.17,152.5427904286543
2000-05-09,136.27,1412.14,151.25425762087383
2000-05-10,133.2,1383.05,148.13842891112037
2000-05-11,135.82,1407.81,150.7904714980401
2000-05-12,137.33,1420.96,152.19896745999463
2000-05-15,139.92,1452.36,155.5622201752321
2000-05-16,141.26,1466.04,157.0274844155012
2000-05-17,139.82,1447.8,155.07379876180912
2000-05-18,138.41,1437.21,153.9395042951096
2000-05-19,135.82,1406.95,150.6983569332279
2000-05-22,134.74,1400.72,150.0310618881346
2000-05-23,132.7,1373.86,147.15408838713844
2000-05-24,134.54,1399.05,149.8521882564643
2000-05-25,133.32,1381.52,147.97455067372186
2000-05-26,132.58,1378.02,147.59966581692788
2000-05-30,136.99,1422.45,152.35856129902982
2000-05-31,136.51,1420.6,152.1604078747244
2000-06-01,139.32,1448.81,155.18197982048395
2000-06-02,141.67,1477.26,158.22925815642364
2000-06-05,141.14,1467.63,157.19778925044477
2000-06-06,140.42,1457.84,156.14918275101243
2000-06-07,141.29,1471.36,157.59730939782804
2000-06-08,140.76,1461.67,156.55941389430413
2000-06-09,140.33,1456.95,156.05385488742766
2000-06-12,138.87,1446.0,154.8810008354579
2000-06-13,141.28,1469.44,157.39165827638678
2000-06-14,141.61,1470.54,157.50947923137917
2000-06-15,141.56,1478.73,158.38670979627713
2000-06-16,140.67,1464.46,156.8582506801485
2000-06-19,142.23,1486.0,159.16539919881777
2000-06-20,141.71,1475.95,158.08894411002362
2000-06-21,141.66,1479.13,158.42955377991072
2000-06-22,139.56,1452.18,155.54294038259704
2000-06-23,138.35,1441.48,154.39686382039827
2000-06-26,139.81,1455.31,155.87819455452993
2000-06-27,139.06,1450.55,155.3683511492901
2000-06-28,139.08,1454.82,155.82571067457877
2000-06-29,137.83,1442.39,154.49433388316473
2000-06-30,138.77,1454.6,155.8021464835803
2000-07-03,140.9,1469.54,157.4023692722952
2000-07-05,138.33,1446.23,154.90563612604728
2000-07-06,139.32,1456.67,156.02386409888422
2000-07-07,141.3,1478.9,158.40491848932143
2000-07-10,141.0,1475.62,158.0535978235259
2000-07-11,141.3,1480.88,158.61699620830774
2000-07-12,142.34,1492.92,159.90660011567905
2000-07-13,142.7,1495.84,160.2193611962043
2000-07-14,144.07,1509.98,161.733896017652
2000-07-17,143.88,1510.49,161.78852209678482
2000-07-18,142.89,1493.74,159.9944302821279
2000-07-19,141.82,1481.96,158.73267496411842
2000-07-20,143.34,1495.57,160.1904415072516
2000-07-21,140.81,1480.19,158.54309033653976
2000-07-24,140.05,1464.29,156.8400419871042
2000-07-25,140.33,1474.47,157.93042137057927
2000-07-26,138.87,1452.42,155.56864677277719
2000-07-27,138.37,1449.62,155.26873888734198
2000-07-28,135.37,1419.89,152.0843598037748
2000-07-31,136.03,1430.83,153.25614275615368
2000-08-01,136.84,1438.1,154.03483215869431
2000-08-02,137.31,1438.7,154.09909813414473
2000-08-03,138.16,1452.56,155.5836421670489
2000-08-04,139.13,1462.93,156.69437244274994
2000-08-07,140.5,1479.32,158.44990467213663
2000-08-08,141.02,1482.8,158.82264732974892
2000-08-09,140.0,1472.87,157.75904543604483
2000-08-10,139.37,1460.25,156.40731775240482
2000-08-11,139.77,1471.84,157.6487221781883
2000-08-14,141.61,1491.56,159.7609305713247
2000-08-15,141.3,1484.43,158.99723656305582
2000-08-16,141.0,1479.85,158.5066729504511
2000-08-17,142.13,1496.07,160.24399648679352
2000-08-18,141.87,1491.72,159.77806816477815
2000-08-21,142.44,1499.48,160.60924144726997
2000-08-22,142.51,1498.13,160.4646430025066
2000-08-23,142.77,1505.97,161.30438508172512
2000-08-24,143.24,1508.31,161.55502238598166
2000-08-25,143.08,1506.45,161.35579786208544
2000-08-28,143.57,1514.09,162.17411794948714
2000-08-29,143.52,1509.84,161.71890062338016
2000-08-30,142.13,1502.59,160.9423534200212
2000-08-31,143.81,1517.68,162.5586427025987
2000-09-01,144.0,1520.77,162.88961247616825
2000-09-05,142.96,1507.08,161.42327713630834
2000-09-06,141.23,1492.25,159.8348364430927
2000-09-07,142.41,1502.51,160.9337846232945
2000-09-08,141.48,1494.5,160.07583385103172
2000-09-11,141.02,1489.26,159.51457766543157
2000-09-12,140.09,1481.99,158.73588826289094
2000-09-13,140.41,1484.91,159.0486493434162
2000-09-14,139.97,1480.87,158.61592510871682
2000-09-15,138.18,1465.81,157.00284912491185
2000-09-18,136.66,1444.51,154.72140699642273
2000-09-19,137.71,1459.9,156.36982926672545
2000-09-20,136.83,1451.34,155.45296801696642
2000-09-21,136.87,1449.05,155.2076862106641
2000-09-22,136.78,1448.72,155.17233992416638
2000-09-25,136.08,1439.03,154.13444442064247
2000-09-26,134.4,1427.21,152.86840470426964
2000-09-27,134.78,1426.57,152.79985433045587
2000-09-28,137.48,1458.29,156.1973822326002
2000-09-29,135.41,1436.51,153.8645273237508
2000-10-02,135.64,1436.23,153.8345365352073
2000-10-03,134.26,1426.46,152.78807223495667
2000-10-04,135.08,1434.32,153.62995651335686
2000-10-05,135.61,1436.28,153.8398920331615
2000-10-06,132.89,1408.99,150.91686124975925
2000-10-09,131.94,1402.03,150.17137593453464
2000-10-10,129.56,1387.02,148.56365544868387
2000-10-11,128.42,1364.59,146.16117906642984
2000-10-12,125.23,1329.78,142.43268139071594
2000-10-13,129.05,1374.17,147.18729247445452
2000-10-16,129.61,1374.62,147.2354919560423
2000-10-17,126.65,1349.97,144.5952314646218
2000-10-18,126.0,1342.13,143.75548938540328
2000-10-19,130.49,1388.76,148.75002677748998
2000-10-20,131.42,1396.93,149.62511514320624
2000-10-23,132.01,1395.78,149.50193869025964
2000-10-24,130.68,1398.13,149.75364709410704
2000-10-25,127.98,1364.9,146.19438315374586
2000-10-26,127.72,1364.44,146.14511257256723
2000-10-27,130.49,1379.58,147.7667573530989
2000-10-30,131.44,1398.66,149.81041537242157
2000-10-31,134.15,1429.4,153.10297551466363
2000-11-01,133.38,1421.22,152.22681604935653
2000-11-02,133.66,1428.32,152.9872967588529
2000-11-03,133.78,1426.69,152.812707525546
2000-11-06,134.73,1432.19,153.40181230050797
2000-11-07,134.5,1431.87,153.3675371136011
2000-11-08,131.63,1409.28,150.94792313789364
2000-11-09,130.7,1400.14,149.96893811186592
2000-11-10,127.84,1365.98,146.31006190955662
2000-11-13,126.56,1351.26,144.7334033118402
2000-11-14,129.89,1382.95,148.12771791521203
2000-11-15,130.17,1389.81,148.86249223452822
2000-11-16,128.47,1372.32,146.98913905014913
2000-11-17,127.65,1367.72,146.49643323836275
2000-11-20,125.46,1342.62,143.80797326535443
2000-11-21,126.28,1347.35,144.31460337182176
2000-11-22,123.23,1322.36,141.6379254943127
2000-11-24,125.42,1341.77,143.71692980013307
2000-11-27,126.56,1348.97,144.48812150553783
2000-11-28,124.67,1336.09,143.10854523253596
2000-11-29,124.37,1341.91,143.73192519440482
2000-11-30,123.09,1314.95,140.84424069750028
2000-12-01,122.99,1315.23,140.8742314860438
2000-12-04,123.93,1324.97,141.91748248752194
2000-12-05,128.0,1376.54,147.44114307748362
2000-12-06,126.11,1351.46,144.75482530365701
2000-12-07,124.51,1343.55,143.9075855273026
2000-12-08,124.6,1369.89,146.72886184957505
2000-12-11,128.78,1380.2,147.83316552773107
2000-12-12,128.43,1371.18,146.86703369679344
2000-12-13,126.46,1359.99,145.66847325464352
2000-12-14,124.65,1340.93,143.62695743450257
2000-12-15,121.71,1312.15,140.54433281206516
2000-12-18,123.59,1322.74,141.67862727876468
2000-12-19,120.97,1305.6,139.842762580065
2000-12-20,117.44,1264.74,135.46624965189292
2000-12-21,118.22,1274.86,136.55020243782295
2000-12-22,121.78,1305.97,139.88239326492607
2000-12-26,122.72,1315.19,140.86994708768052
2000-12-27,123.96,1328.92,142.34056682590378
2000-12-28,124.21,1334.22,142.90824960904897
2000-12-29,122.53,1320.28,141.41513677941805
2001-01-02,119.3,1283.27,137.45099719371936
2001-01-03,124.76,1347.56,144.33709646322944
2001-01-04,123.75,1333.34,142.81399284505503
2001-01-05,119.73,1298.35,139.066215376706
2001-01-08,120.19,1295.86,138.79951157858684
2001-01-09,120.19,1300.8,139.3286347764618
2001-01-10,121.8,1313.27,140.66429596623925
2001-01-11,122.49,1326.82,142.1156359118274
2001-01-12,122.1,1318.32,141.20520125961346
2001-01-16,122.58,1326.65,142.09742721878317
2001-01-17,123.15,1329.47,142.39947730340003
2001-01-18,124.46,1347.97,144.38101154645395
2001-01-19,123.77,1342.54,143.79940446862784
2001-01-22,124.69,1342.9,143.83796405389808
2001-01-23,125.38,1360.4,145.712388337868
2001-01-24,125.77,1364.3,146.13011717829556
2001-01-25,125.24,1357.51,145.40284055611522
2001-01-26,125.13,1354.95,145.1286390608602
2001-01-29,125.75,1364.17,146.11619288361464
2001-01-30,126.85,1373.73,147.14016409245764
2001-01-31,126.02,1366.01,146.31327520832917
2001-02-01,126.89,1373.47,147.1123155030958
2001-02-02,124.21,1349.47,144.5416764850799
2001-02-05,125.01,1354.31,145.06008868704643
2001-02-06,124.48,1352.26,144.84051327092425
2001-02-07,123.87,1340.89,143.62267303613922
2001-02-08,122.53,1332.53,142.727233778197
2001-02-09,121.3,1314.76,140.82388980527438
2001-02-12,122.4,1330.31,142.4894496690305
2001-02-13,121.71,1318.8,141.25661403997373
2001-02-14,121.13,1315.92,140.94813735781182
2001-02-15,122.35,1326.61,142.09314282041973
2001-02-16,119.83,1301.53,139.40682504659313
2001-02-20,117.97,1278.94,136.98721107088565
2001-02-21,115.33,1255.27,134.45191833936747
2001-02-22,115.42,1252.82,134.18949893961167
2001-02-23,114.5,1245.86,133.44401362438705
2001-02-26,116.89,1267.65,135.77793963282733
2001-02-27,116.02,1257.94,134.73790193012172
2001-02-28,114.0,1239.94,132.8099226666098
2001-03-01,114.14,1241.23,132.94809451382815
2001-03-02,113.38,1234.18,132.192969302286
2001-03-05,114.16,1241.41,132.9673743064633
2001-03-06,115.37,1253.8,134.294466699514
2001-03-07,116.13,1261.89,135.16098626850354
2001-03-08,116.22,1264.74,135.46624965189292
2001-03-09,112.99,1233.42,132.11156573338218
2001-03-12,108.22,1180.16,126.40688931256855
2001-03-13,109.85,1197.66,128.2813135965385
2001-03-14,107.24,1166.71,124.96626036288882
2001-03-15,107.61,1173.56,125.69996358261419
2001-03-16,105.52,1150.53,123.23322122490977
2001-03-19,107.22,1170.81,125.40541119513321
2001-03-20,104.68,1142.62,122.38598144855537
2001-03-21,102.82,1122.14,120.19236948651515
2001-03-22,101.68,1117.58,119.7039480730921
2001-03-23,104.77,1139.83,122.08714466271103
2001-03-26,105.99,1152.69,123.46457873653122
2001-03-27,108.08,1182.17,126.62218033032741
2001-03-28,105.31,1153.29,123.52884471198159
2001-03-29,105.5,1147.95,122.95687753047307
2001-03-30,106.2,1160.33,124.28289882393291
2001-04-02,104.47,1145.87,122.73408881557833
2001-04-03,100.68,1106.46,118.51288532807807
2001-04-04,101.04,1103.25,118.16906235941843
2001-04-05,104.9,1151.44,123.33069128767619
2001-04-06,103.57,1128.43,120.86609112915345
2001-04-09,104.47,1137.59,121.84721835436282
2001-04-10,106.45,1168.38,125.14513399455909
2001-04-11,106.56,1165.89,124.87843019643994
2001-04-12,108.29,1183.5,126.76463657590908
2001-04-16,107.36,1179.68,126.35547653220823
2001-04-17,108.58,1191.81,127.65472033589708
2001-04-18,113.19,1238.16,132.6192669394403
2001-04-19,114.33,1253.7,134.28375570360558
2001-04-20,113.6,1242.98,133.13553694222514
2001-04-23,111.35,1224.36,131.14114950408114
2001-04-24,110.49,1209.47,129.54628221332047
2001-04-25,111.9,1228.75,131.6113622244599
2001-04-26,112.67,1234.52,132.22938668837457
2001-04-27,114.31,1253.05,134.214134230201
2001-04-30,113.92,1249.46,133.82960947708946
2001-05-01,115.55,1266.44,135.64833658233573
2001-05-02,115.44,1267.43,135.75437544182887
2001-05-03,113.92,1248.58,133.73535271309552
2001-05-04,115.65,1266.61,135.66654527537997
2001-05-07,114.76,1263.51,135.3345044022196
2001-05-08,114.76,1261.2,135.0870803967356
2001-05-09,114.24,1255.54,134.48083802832016
2001-05-10,114.58,1255.18,134.44227844304993
2001-05-11,113.69,1245.67,133.42366273216112
2001-05-14,113.72,1248.92,133.7717700991841
2001-05-15,114.21,1249.44,133.82746727790777
2001-05-16,117.03,1284.99,137.6352263233438
2001-05-17,117.3,1288.49,138.01011118013778
2001-05-18,117.67,1291.96,138.38178273815925
2001-05-21,119.39,1312.83,140.61716758424222
2001-05-22,119.23,1309.38,140.24763822540245
2001-05-23,117.21,1289.05,138.0700927572248
2001-05-24,117.58,1293.17,138.5113857886509
2001-05-25,116.17,1277.89,136.87474561384744
2001-05-29,115.21,1267.93,135.80793042137083
2001-05-30,113.53,1248.08,133.68179773355348
2001-05-31,114.21,1255.82,134.5108288168636
2001-06-01,114.9,1260.67,135.03031211842102
2001-06-04,115.28,1267.11,135.72010025492196
2001-06-05,116.67,1283.57,137.48313018144455
2001-06-06,115.71,1270.03,136.03286133544725
2001-06-07,115.94,1276.96,136.77513335189937
2001-06-08,115.03,1264.96,135.4898138428914
2001-06-11,114.09,1254.39,134.35766157537358
2001-06-12,113.93,1255.85,134.51404211563622
2001-06-13,112.89,1241.6,132.98772519868928
2001-06-14,110.21,1219.87,130.66022578779405
2001-06-15,110.48,1214.36,130.07004991324123
2001-06-18,109.92,1208.43,129.43488785587314
2001-06-19,110.3,1212.58,129.87939418607172
2001-06-20,110.77,1223.14,131.01047535399874
2001-06-21,112.01,1237.04,132.49930378526628
2001-06-22,111.29,1225.35,131.24718836357437
2001-06-25,110.26,1218.6,130.5241961397574
2001-06-26,109.99,1216.76,130.32711381504285
2001-06-27,109.85,1211.07,129.7176581478549
2001-06-28,110.57,1226.2,131.33823182879578
2001-06-29,110.99,1224.42,131.14757610162627
2001-07-02,112.27,1236.71,132.46395749876856
2001-07-03,112.25,1234.45,132.22188899123873
2001-07-05,110.15,1219.24,130.59274651357114
2001-07-06,107.58,1190.59,127.52404618581465
2001-07-09,108.16,1198.78,128.4012767507126
2001-07-10,106.92,1181.52,126.55255885692284
2001-07-11,106.81,1180.18,126.4090315117503
2001-07-12,109.42,1208.14,129.4038259677388
2001-07-13,110.41,1215.68,130.21143505923214
2001-07-16,109.08,1202.45,128.79437030055087
2001-07-17,109.99,1214.44,130.07861870996797
2001-07-18,109.24,1207.71,129.35776868533267
2001-07-19,110.21,1215.02,130.14074248623666
2001-07-20,109.49,1210.85,129.6940939568564
2001-07-23,107.42,1191.03,127.57117456781161
2001-07-24,106.18,1171.65,125.49538356076378
2001-07-25,107.37,1190.49,127.51333518990627
2001-07-26,108.63,1202.93,128.8457830809112
2001-07-27,109.02,1205.82,129.15533086266393
2001-07-30,109.02,1204.52,129.01608791585474
2001-07-31,109.51,1211.23,129.73479574130837
2001-08-01,110.08,1215.93,130.23821254900315
2001-08-02,110.48,1220.75,130.75448255178802
2001-08-03,109.94,1214.35,130.06897881365043
2001-08-06,108.41,1200.48,128.58336368115542
2001-08-07,108.84,1204.4,129.00323472076468
2001-08-08,106.83,1183.53,126.76784987468167
2001-08-09,107.03,1183.43,126.75713887877329
2001-08-10,107.35,1190.16,127.47798890340857
2001-08-13,107.46,1191.29,127.59902315717348
2001-08-14,107.44,1186.73,127.11060174375046
2001-08-15,106.4,1178.02,126.17767400012885
2001-08-16,106.76,1181.66,126.56755425119461
2001-08-17,105.03,1161.97,124.45855915683072
2001-08-20,105.95,1171.41,125.46967717058364
2001-08-21,104.2,1157.26,123.95407124954508
2001-08-22,105.19,1165.31,124.81630642017124
2001-08-23,104.85,1162.09,124.47141235192078
2001-08-24,107.01,1184.93,126.91780381739926
2001-08-27,106.38,1179.21,126.30513485143881
2001-08-28,104.86,1161.51,124.40928857565207
2001-08-29,103.85,1148.6,123.02649900387767
2001-08-30,101.76,1129.03,120.93035710460387
2001-08-31,102.28,1133.58,121.41770741843607
2001-09-04,101.92,1132.94,121.34915704462233
2001-09-05,102.15,1131.74,121.22062509372154
2001-09-06,99.44,1106.4,118.50645873053308
2001-09-07,97.62,1085.78,116.29785137422107
2001-09-10,98.74,1092.54,117.02191469762889
2001-09-13,96.72,1092.54,117.02191469762889
2001-09-14,96.72,1092.54,117.02191469762889
2001-09-17,91.58,1038.77,111.26261219768243
2001-09-18,91.27,1032.74,110.61673914440594
2001-09-19,89.27,1016.1,108.83442942524825
2001-09-20,86.42,984.54,105.45403911655733
2001-09-21,85.43,965.8,103.44679848332325
2001-09-24,88.46,1003.45,107.4794884428357
2001-09-25,89.41,1012.27,108.42419828195654
2001-09-26,89.08,1007.04,107.86401319594724
2001-09-27,89.78,1018.61,109.10327542254907
2001-09-28,91.65,1040.94,111.49504080889471
2001-10-01,91.6,1038.55,111.23904800668396
2001-10-02,92.68,1051.33,112.6079132837774
2001-10-03,94.35,1072.28,114.85186692658712
2001-10-04,94.35,1069.63,114.56802553501454
2001-10-05,94.1,1071.38,114.75546796341153
2001-10-08,93.53,1062.44,113.7979049292006
2001-10-09,93.03,1056.75,113.18844926201267
2001-10-10,95.11,1080.99,115.78479467020873
2001-10-11,96.56,1097.43,117.54568239754964
2001-10-12,96.06,1091.65,116.92658683404414
2001-10-15,95.93,1089.98,116.74771320237386
2001-10-16,96.54,1097.54,117.55746449304887
2001-10-17,94.48,1077.09,115.36706582978114
2001-10-18,94.21,1068.61,114.45877337674885
2001-10-19,94.17,1073.48,114.98039887748791
2001-10-22,96.01,1089.9,116.73914440564712
2001-10-23,95.55,1084.78,116.19074141513705
2001-10-24,95.27,1085.2,116.23572759795235
2001-10-25,96.83,1100.09,117.83059488871304
2001-10-26,96.76,1104.61,118.31473190377268
2001-10-29,94.21,1078.3,115.49666888027275
2001-10-30,93.01,1059.79,113.51406353762798
2001-10-31,93.14,1059.78,113.51299243803713
2001-11-01,95.0,1084.1,116.1179066429599
2001-11-02,95.66,1087.2,116.44994751612029
2001-11-05,96.91,1102.84,118.12514727619396
2001-11-06,98.43,1118.86,119.84104882071956
2001-11-07,98.3,1115.8,119.51329234592255
2001-11-08,98.65,1118.54,119.8067736338127
2001-11-09,98.65,1120.31,119.99635826139135
2001-11-12,98.06,1118.33,119.78428054240503
2001-11-13,100.25,1139.09,122.00788329298878
2001-11-14,100.4,1141.21,122.23495640624688
2001-11-15,100.56,1142.24,122.3452796641034
2001-11-16,100.1,1138.65,121.96075491099187
2001-11-19,101.33,1151.06,123.28998950322425
2001-11-20,100.47,1142.66,122.3902658469187
2001-11-21,99.83,1137.03,121.78723677727578
2001-11-23,101.22,1150.34,123.21287033268375
2001-11-26,101.44,1157.42,123.97120884299844
2001-11-27,101.02,1149.5,123.12289796705318
2001-11-28,99.15,1128.52,120.87573102547094
2001-11-29,100.49,1140.2,122.12677534757202
2001-11-30,100.1,1139.45,122.04644287825903
2001-12-03,99.17,1129.9,121.02354276900688
2001-12-04,100.78,1144.8,122.61948115935841
2001-12-05,102.62,1170.35,125.35614061395451
2001-12-06,102.6,1167.1,125.00803324693153
2001-12-07,101.9,1158.31,124.06653670658322
2001-12-10,100.03,1139.93,122.09785565861938
2001-12-11,99.79,1136.76,121.7583170883231
2001-12-12,99.92,1137.07,121.79152117563912
2001-12-13,97.97,1119.38,119.89674599944325
2001-12-14,98.8,1123.09,120.29412394764485
2001-12-17,99.81,1134.36,121.50125318652147
2001-12-18,100.49,1142.92,122.41811443628049
2001-12-19,101.15,1149.56,123.12932456459822
2001-12-20,100.18,1139.93,122.09785565861935
2001-12-21,100.73,1144.89,122.62912105567597
2001-12-24,100.62,1144.65,122.6034146654958
2001-12-26,101.13,1149.37,123.10897367237224
2001-12-27,101.7,1157.13,123.94014695486406
2001-12-28,101.67,1161.02,124.35680469570077
2001-12-31,100.79,1148.08,122.97080182515387
2002-01-02,101.21,1154.67,123.67665645551742
2002-01-03,102.31,1165.27,124.81202202180776
2002-01-04,103.08,1172.51,125.58749812557589
2002-01-07,102.33,1164.89,124.77132023735585
2002-01-08,102.02,1160.71,124.32360060838474
2002-01-09,101.26,1155.14,123.72699813628688
2002-01-10,101.65,1156.55,123.87802317859529
2002-01-11,100.67,1145.6,122.70516912662552
2002-01-14,100.01,1138.41,121.9350485208116
2002-01-15,100.77,1146.19,122.76836400248509
2002-01-16,98.76,1127.57,120.77397656434107
2002-01-17,99.48,1138.88,121.98539020158107
2002-01-18,99.02,1127.58,120.7750476639319
2002-01-22,98.35,1119.31,119.88924830230727
2002-01-23,99.02,1128.19,120.84038473897317
2002-01-24,99.39,1132.16,121.26561127653665
2002-01-25,99.39,1133.28,121.38557443071072
2002-01-28,99.59,1133.06,121.36201023971225
2002-01-29,96.52,1100.64,117.88950536620912
2002-01-30,97.84,1113.57,119.27443713716517
2002-01-31,99.15,1130.21,121.05674685632285
2002-02-01,98.54,1122.2,120.19879608406005
2002-02-04,96.06,1094.44,117.22542361988832
2002-02-05,95.51,1090.02,116.75199760073704
2002-02-06,95.01,1083.51,116.05471176710023
2002-02-07,94.46,1080.17,115.6969645037597
2002-02-08,96.17,1096.22,117.41607934705783
2002-02-11,97.38,1111.94,119.09984790385825
2002-02-12,97.14,1107.5,118.6242796855253
2002-02-13,98.12,1118.51,119.8035603350401
2002-02-14,97.95,1116.48,119.5861271180996
2002-02-15,96.89,1104.18,118.26867462136646
2002-02-19,95.05,1083.34,116.03650307405597
2002-02-20,96.56,1097.98,117.60459287504567
2002-02-21,94.64,1080.95,115.78051027184523
2002-02-22,95.75,1089.84,116.73271780810194
2002-02-25,97.31,1109.44,118.83207300614828
2002-02-26,97.18,1109.38,118.82564640860323
2002-02-27,97.49,1109.89,118.88027248773606
2002-02-28,97.09,1106.73,118.54180501703063
2002-03-01,99.33,1131.78,121.2249094920847
2002-03-04,101.02,1153.84,123.58775518947765
2002-03-05,100.77,1146.14,122.7630085045309
2002-03-06,101.96,1162.77,124.54424712409775
2002-03-07,101.67,1157.54,123.98406203808845
2002-03-08,102.07,1164.31,124.70919646108709
2002-03-11,102.29,1168.26,125.13228079946886
2002-03-12,102.33,1165.58,124.84522610912374
2002-03-13,101.26,1154.09,123.61453267924863
2002-03-14,101.11,1153.04,123.50206722221044
2002-03-15,102.09,1166.16,124.90734988539249
2002-03-18,102.13,1165.55,124.84201281035124
2002-03-19,102.75,1170.29,125.34971401640938
2002-03-20,100.82,1151.85,123.3746063709005
2002-03-21,100.87,1153.59,123.56097769970664
2002-03-22,100.58,1148.7,123.03720999978592
2002-03-25,99.38,1131.87,121.23454938840224
2002-03-26,99.92,1138.49,121.94361731753831
2002-03-27,100.19,1144.58,122.59591696835983
2002-03-28,100.56,1147.39,122.89689595338588
2002-04-01,100.14,1146.55,122.8069235877553
2002-04-02,99.57,1136.77,121.75938818791384
2002-04-03,98.9,1125.4,120.54154795312881
2002-04-04,98.5,1126.34,120.64223131466775
2002-04-05,98.48,1122.73,120.25556436237454
2002-04-08,98.66,1125.29,120.52976585762957
2002-04-09,98.04,1117.8,119.72751226409045
2002-04-10,99.05,1130.46,121.08352434609384
2002-04-11,96.6,1103.69,118.21619074141528
2002-04-12,97.3,1111.01,119.00023564191012
2002-04-15,96.62,1102.55,118.09408538805951
2002-04-16,98.85,1128.37,120.85966453160827
2002-04-17,98.7,1126.07,120.6133116257151
2002-04-18,98.26,1124.47,120.44193569118072
2002-04-19,98.59,1125.17,120.51691266253953
2002-04-22,96.97,1107.83,118.65962597202302
2002-04-23,96.53,1100.96,117.92378055311599
2002-04-24,95.53,1093.14,117.08618067307914
2002-04-25,95.59,1091.48,116.9083781409997
2002-04-26,93.8,1076.32,115.28459116128633
2002-04-29,93.19,1065.46,114.12137700563414
2002-04-30,94.26,1076.92,115.34885713673674
2002-05-01,95.24,1086.46,116.37068614639804
2002-05-02,94.89,1084.56,116.16717722413844
2002-05-03,93.89,1073.43,114.97504337953357
2002-05-06,92.03,1052.67,112.75144062894982
2002-05-07,91.66,1049.49,112.41083095906271
2002-05-08,95.07,1088.85,116.62667894860876
2002-05-09,93.97,1073.01,114.93005719671827
2002-05-10,92.22,1054.99,112.99993573402466
2002-05-13,94.11,1074.56,115.09607763329845
2002-05-14,96.12,1097.28,117.52961590368683
2002-05-15,95.77,1091.07,116.86446305777521
2002-05-16,96.16,1098.23,117.63137036481662
2002-05-17,96.71,1106.59,118.52680962275882
2002-05-20,95.68,1091.88,116.95122212463326
2002-05-21,94.76,1079.88,115.66590261562531
2002-05-22,94.94,1086.02,116.32355776440102
2002-05-23,95.99,1097.08,117.50819391187001
2002-05-24,94.72,1083.82,116.08791585441622
2002-05-28,94.19,1074.55,115.09500653370759
2002-05-29,93.43,1067.66,114.35701891561887
2002-05-30,93.25,1064.66,114.03568903836687
2002-05-31,93.41,1067.14,114.30132173689518
2002-06-03,90.89,1040.68,111.46719221953263
2002-06-04,91.13,1040.69,111.46826331912348
2002-06-05,91.92,1049.9,112.45474604228708
2002-06-06,90.08,1029.15,110.23221439129418
2002-06-07,89.97,1027.53,110.05869625757809
2002-06-10,90.3,1030.74,110.40251922623773
2002-06-11,88.75,1013.6,108.56665452753805
2002-06-12,89.27,1020.26,109.28000685503746
2002-06-13,88.44,1009.56,108.1339302928387
2002-06-14,88.29,1007.28,107.88971958612719
2002-06-17,90.6,1036.17,110.98412630406384
2002-06-18,91.37,1037.14,111.08802296437531
2002-06-19,89.18,1019.99,109.25108716608477
2002-06-20,88.09,1006.29,107.78368072663402
2002-06-21,86.71,989.14,105.94674492834349
2002-06-24,87.15,992.72,106.3301985818642
2002-06-25,85.18,976.14,104.55431546025154
2002-06-26,85.21,973.53,104.27475846704232
2002-06-27,86.71,990.64,106.10740986696949
2002-06-28,86.54,989.81,106.01850860092978
2002-07-01,84.75,968.65,103.75206186671244
2002-07-02,82.82,948.09,101.5498811079455
2002-07-03,83.33,953.99,102.18182986654108
2002-07-05,86.63,989.03,105.93496283284428
2002-07-08,85.51,976.98,104.64428782588213
2002-07-09,83.39,952.83,102.05758231400364
2002-07-10,80.33,920.47,98.59150403804553
2002-07-11,81.03,927.37,99.3305627557251
2002-07-12,80.18,921.39,98.6900452004028
2002-07-15,80.46,917.93,98.31944474197218
2002-07-16,78.96,901.05,96.51142863263433
2002-07-17,79.11,906.04,97.04590732846347
2002-07-18,76.53,881.56,94.42385553008727
2002-07-19,73.78,847.76,90.80353891304821
2002-07-22,71.66,819.85,87.8140999550139
2002-07-23,69.65,797.7,85.44161436130341
2002-07-24,73.78,843.42,90.33868169062369
2002-07-25,73.14,838.68,89.83098048456554
2002-07-26,74.63,852.84,91.34765750519493
2002-07-29,78.13,898.96,96.28756881814881
2002-07-30,79.15,902.78,96.69672886184968
2002-07-31,79.68,911.62,97.6435809001522
2002-08-01,77.27,884.66,94.75589640324766
2002-08-02,75.61,864.24,92.56871103875247
2002-08-05,72.9,834.6,89.39397185150284
2002-08-06,75.26,859.57,92.06850752983023
2002-08-07,76.57,876.77,93.91079882607495
2002-08-08,79.17,905.46,96.98378355219481
2002-08-09,79.35,908.64,97.32439322208191
2002-08-12,78.89,903.8,96.80598102011537
2002-08-13,77.38,884.21,94.70769692165989
2002-08-14,80.25,919.62,98.50046057282417
2002-08-15,81.34,930.25,99.63903943788704
2002-08-16,81.12,928.77,99.48051669844273
2002-08-19,82.96,950.72,101.83158030033646
2002-08-20,82.15,937.43,100.40808894411015
2002-08-21,83.24,949.36,101.68591075598223
2002-08-22,84.0,962.7,103.11475761016275
2002-08-23,82.26,940.86,100.77547610376828
2002-08-26,82.82,947.95,101.53488571367382
2002-08-27,81.86,934.82,100.12853195090096
2002-08-28,80.11,917.87,98.31301814442722
2002-08-29,80.07,917.8,98.30552044729133
2002-08-30,80.07,916.07,98.12022021807603
2002-09-03,76.73,878.02,94.04468627492999
2002-09-04,77.78,893.41,95.69310854523268
2002-09-05,77.21,879.15,94.16572052869489
2002-09-06,78.19,893.92,95.7477346243655
2002-09-09,78.72,902.96,96.71600865448482
2002-09-10,79.63,909.58,97.42507658362088
2002-09-11,79.2,909.45,97.41115228893996
2002-09-12,77.73,886.91,94.99689381118668
2002-09-13,77.89,889.81,95.30751269253028
2002-09-16,78.04,891.1,95.44568453974864
2002-09-17,76.25,873.52,93.56269145905199
2002-09-18,75.48,869.46,93.12782502517098
2002-09-19,73.56,843.32,90.32797069471533
2002-09-20,73.6,845.39,90.54968831001919
2002-09-23,72.93,833.7,89.29757288832728
2002-09-24,71.72,819.29,87.75411837792689
2002-09-25,73.52,839.66,89.93594824446787
2002-09-26,74.67,854.95,91.57365951886217
2002-09-27,72.12,827.37,88.61956684732556
2002-09-30,71.22,815.28,87.32460744200004
2002-10-01,74.63,847.91,90.81960540691082
2002-10-02,72.58,827.91,88.67740622523091
2002-10-03,71.7,818.95,87.71770099183831
2002-10-04,70.41,800.58,85.7500910434653
2002-10-07,68.91,785.28,84.11130866948017
2002-10-08,70.0,798.55,85.5326578265248
2002-10-09,67.97,776.76,83.19873181808453
2002-10-10,70.13,803.92,86.10783830680585
2002-10-11,73.28,835.32,89.47109102204332
2002-10-14,73.54,841.44,90.1266039716374
2002-10-15,77.14,881.27,94.39279364195295
2002-10-16,75.35,860.02,92.11670701141804
2002-10-17,76.81,879.2,94.17107602664909
2002-10-18,77.19,884.39,94.72697671429502
2002-10-21,78.54,899.72,96.36897238705268
2002-10-22,77.91,890.16,95.34500117820967
2002-10-23,78.5,896.14,95.98551873353198
2002-10-24,76.95,882.5,94.52453889162626
2002-10-25,78.54,897.65,96.1472547717488
2002-10-28,77.93,890.23,95.35249887534556
2002-10-29,77.03,882.15,94.48705040594686
2002-10-30,77.75,890.71,95.40391165570587
2002-10-31,77.38,885.76,94.87371735824009
2002-11-01,78.52,900.96,96.50178873631683
2002-11-04,79.31,908.35,97.29333133394756
2002-11-05,79.87,915.39,98.0473854458989
2002-11-06,80.9,923.76,98.94389580343194
2002-11-07,78.87,902.65,96.68280456716879
2002-11-08,77.91,894.74,95.83556479081439
2002-11-11,76.71,876.19,93.84867504980627
2002-11-12,77.32,882.95,94.57273837321408
2002-11-13,77.4,882.53,94.5277521903988
2002-11-14,78.87,904.27,96.85632270088487
2002-11-15,79.44,909.83,97.4518540733919
2002-11-18,78.65,900.36,96.43752276086646
2002-11-19,78.47,896.74,96.0497847089824
2002-11-20,80.29,914.15,97.91456909663476
2002-11-21,81.75,933.76,100.01499539427192
2002-11-22,81.16,930.55,99.67117242561228
2002-11-25,81.25,932.88,99.920738630278
2002-11-26,79.65,913.31,97.82459673100419
2002-11-27,81.97,938.87,100.56232728519115
2002-11-29,81.8,936.31,100.28812578993612
2002-12-02,81.73,934.53,100.09747006276662
2002-12-03,80.73,920.75,98.62149482658916
2002-12-04,80.31,917.57,98.28088515670206
2002-12-05,79.39,906.55,97.10053340759642
2002-12-06,79.85,912.23,97.70891797519351
2002-12-09,77.73,892.0,95.54208350292429
2002-12-10,78.82,904.45,96.87560249352003
2002-12-11,78.85,904.96,96.93022857265287
2002-12-12,78.82,901.59,96.5692680105398
2002-12-13,77.56,889.48,95.27216640603261
2002-12-16,79.57,910.4,97.51290675006979
2002-12-17,78.91,902.99,96.71922195325737
2002-12-18,77.99,891.12,95.44782673893035
2002-12-19,77.4,884.25,94.7119813200233
2002-12-20,78.45,895.75,95.94374584948925
2002-12-23,78.48,897.38,96.11833508279616
2002-12-24,77.99,892.47,95.59242518369375
2002-12-26,77.93,889.66,95.29144619866771
2002-12-27,76.27,875.4,93.76405818212993
2002-12-30,76.77,879.39,94.19142691887507
2002-12-31,76.9,879.82,94.2374842012812
2003-01-02,79.39,909.03,97.36616610612471
2003-01-03,79.61,908.59,97.31903772412775
2003-01-06,81.06,929.01,99.50622308862295
2003-01-07,80.82,922.93,98.85499453739224
2003-01-08,79.61,909.93,97.4625650693003
2003-01-09,80.9,927.58,99.35305584713282
2003-01-10,81.06,927.57,99.35198474754198
2003-01-13,81.06,926.26,99.21167070114194
2003-01-14,81.3,931.66,99.79006448019551
2003-01-15,80.58,918.22,98.35050663010661
2003-01-16,80.18,914.6,97.96276857822255
2003-01-17,79.0,901.78,96.58961890276572
2003-01-21,77.73,887.62,95.07294188213635
2003-01-22,76.77,878.36,94.08110366101856
2003-01-23,77.25,887.34,95.04295109359283
2003-01-24,75.26,861.4,92.26451875495397
2003-01-27,74.12,847.48,90.77354812450476
2003-01-28,74.76,858.54,91.95818427197375
2003-01-29,75.3,864.36,92.58156423384261
2003-01-30,73.49,844.61,90.4661425419337
2003-01-31,74.78,855.7,91.65399198817522
2003-02-03,75.11,860.32,92.14883999914328
2003-02-04,74.3,848.2,90.85066729504524
2003-02-05,73.88,843.59,90.35689038366802
2003-02-06,73.53,838.15,89.77421220625108
2003-02-07,72.66,829.69,88.86806195240048
2003-02-10,73.14,835.97,89.54071249544796
2003-02-11,72.59,829.2,88.81557807244931
2003-02-12,71.46,818.68,87.68878130288566
2003-02-13,71.65,817.37,87.54846725648562
2003-02-14,73.23,834.89,89.42503373963721
2003-02-18,74.5,851.17,91.16878387352467
2003-02-19,74.08,845.13,90.52183972065735
2003-02-20,73.38,837.1,89.66174674921287
2003-02-21,74.12,848.17,90.8474539962727
2003-02-24,72.83,832.58,89.17760973415322
2003-02-25,73.47,838.57,89.81919838906636
2003-02-26,72.42,827.55,88.63884663996072
2003-02-27,73.33,837.28,89.681026541848
2003-02-28,73.58,841.15,90.09554208350308
2003-03-03,73.1,834.81,89.41646494291054
2003-03-04,71.94,821.99,88.04331526745372
2003-03-05,72.57,829.85,88.88519954585392
2003-03-06,71.89,822.1,88.05509736295295
2003-03-07,72.48,828.89,88.78237398513328
2003-03-10,70.67,807.48,86.48914976114493
2003-03-11,70.01,800.73,85.76615753732796
2003-03-12,70.49,804.19,86.13675799575859
2003-03-13,72.9,831.9,89.1047749619761
2003-03-14,72.99,833.27,89.25151560592117
2003-03-17,75.44,862.79,92.41340159808072
2003-03-18,75.9,866.45,92.80542404832816
2003-03-19,76.47,874.02,93.61624643859399
2003-03-20,76.64,875.67,93.79297787108257
2003-03-21,78.27,895.79,95.94803024785257
2003-03-24,75.66,864.23,92.56763993916167
2003-03-25,76.43,874.74,93.69336560913446
2003-03-26,76.05,869.95,93.18030890512212
2003-03-27,76.01,868.52,93.027141663632
2003-03-28,75.61,863.5,92.48944966903034
2003-03-31,74.21,848.18,90.84852509586352
2003-04-01,75.07,858.48,91.95175767442868
2003-04-02,76.86,880.9,94.35316295709187
2003-04-03,76.51,876.45,93.8765236391681
2003-04-04,76.97,878.85,94.13358754096969
2003-04-07,76.84,879.93,94.2492662967804
2003-04-08,76.95,878.29,94.07360596388266
2003-04-09,75.94,865.99,92.75615346714952
2003-04-10,76.38,871.58,93.35489813842905
2003-04-11,76.07,868.3,93.00357747263354
2003-04-14,77.63,885.23,94.81694907992559
2003-04-15,78.31,890.81,95.41462265161427
2003-04-16,76.99,879.91,94.24712409759871
2003-04-17,78.09,893.58,95.71131723827695
2003-04-21,78.24,892.01,95.54315460251506
2003-04-22,79.69,911.37,97.61680341038122
2003-04-23,80.39,919.02,98.4361945973738
2003-04-24,79.71,911.43,97.62323000792627
2003-04-25,78.73,898.81,96.27150232428625
2003-04-28,80.04,914.84,97.98847496840271
2003-04-29,80.26,917.84,98.30980484565471
2003-04-30,80.26,916.92,98.21126368329743
2003-05-01,80.17,916.3,98.14485550866536
2003-05-02,81.27,930.08,99.62083074484283
2003-05-05,81.16,926.55,99.24273258927632
2003-05-06,81.9,934.39,100.08247466849484
2003-05-07,81.44,929.62,99.57156016366417
2003-05-08,80.65,920.27,98.5700820462288
2003-05-09,81.68,933.41,99.97750690859252
2003-05-12,82.73,945.11,101.23069342987527
2003-05-13,82.6,942.3,100.92971444484924
2003-05-14,82.38,939.28,100.60624236841556
2003-05-15,82.91,946.67,101.39778496604629
2003-05-16,82.73,944.3,101.14393436301721
2003-05-19,80.83,920.77,98.62363702577079
2003-05-20,80.54,919.73,98.51224266832344
2003-05-21,80.78,923.42,98.90747841734337
2003-05-22,81.55,931.87,99.81255757160314
2003-05-23,81.68,933.22,99.95715601636653
2003-05-27,83.19,951.48,101.91298386924029
2003-05-28,83.41,953.22,102.09935519804645
2003-05-29,83.17,949.64,101.71590154452574
2003-05-30,84.4,963.59,103.21008547374748
2003-06-02,84.84,967.0,103.57533043422391
2003-06-03,85.19,971.56,104.06375184764693
2003-06-04,86.41,986.24,105.63612604699999
2003-06-05,86.81,990.14,106.05385488742758
2003-06-06,86.55,987.76,105.79893318480767
2003-06-09,85.6,975.93,104.53182236884399
2003-06-10,86.46,984.84,105.48617210428239
2003-06-11,87.38,997.48,106.84004198710409
2003-06-12,87.66,998.51,106.9503652449606
2003-06-13,86.72,988.61,105.88997665002904
2003-06-16,88.54,1010.74,108.26032004455787
2003-06-17,88.56,1011.66,108.35886120691514
2003-06-18,88.45,1010.09,108.19069857115328
2003-06-19,87.18,994.7,106.54227630085059
2003-06-20,86.98,995.69,106.64831516034374
2003-06-23,86.06,981.64,105.14342023521358
2003-06-24,86.11,983.45,105.33728926115563
2003-06-25,85.27,975.32,104.46648529380275
2003-06-26,86.28,985.82,105.5911398641847
2003-06-27,85.38,976.22,104.56288425697834
2003-06-30,85.38,974.5,104.37865512735387
2003-07-01,86.08,982.32,105.21625500739071
2003-07-02,87.12,993.75,106.44052183972079
2003-07-03,86.19,985.7,105.57828666909462
2003-07-07,87.95,1004.42,107.58338510314702
2003-07-08,88.39,1007.84,107.9497011632143
2003-07-09,87.82,1002.21,107.3466720935714
2003-07-10,86.74,988.7,105.89961654634662
2003-07-11,87.49,998.14,106.91073456009953
2003-07-14,87.95,1003.86,107.52340352605998
2003-07-15,87.82,1000.42,107.15494526681103
2003-07-16,87.29,994.0,106.46729932949178
2003-07-17,86.04,981.73,105.15306013153116
2003-07-18,86.9,993.32,106.39446455731468
2003-07-21,85.8,978.8,104.83922795141505
2003-07-22,86.57,988.11,105.83642167048706
2003-07-23,86.63,988.61,105.88997665002906
2003-07-24,86.0,981.6,105.13913583685024
2003-07-25,87.44,998.68,106.96857393800488
2003-07-28,87.2,996.52,106.73721642638345
2003-07-29,86.76,989.28,105.96174032261533
2003-07-30,86.54,987.49,105.77001349585497
2003-07-31,86.79,990.31,106.07206358047183
2003-08-01,85.93,980.15,104.98382639617844
2003-08-04,86.0,982.82,105.26980998693271
2003-08-05,84.18,965.46,103.41038109723455
2003-08-06,84.66,967.08,103.58389923095062
2003-08-07,85.49,974.12,104.33795334290194
2003-08-08,85.8,977.59,104.7096249009234
2003-08-11,86.08,980.59,105.0309547781754
2003-08-12,86.85,990.35,106.0763479788352
2003-08-13,86.39,984.03,105.39941303742435
2003-08-14,86.65,990.51,106.09348557228866
2003-08-15,86.9,990.67,106.1106231657421
2003-08-18,87.62,999.74,107.08211049463394
2003-08-19,87.99,1002.35,107.36166748784316
2003-08-20,87.64,1000.3,107.14209207172097
2003-08-21,87.9,1003.28,107.46127974979126
2003-08-22,87.07,993.06,106.36661596795282
2003-08-25,87.18,993.71,106.43623744135743
2003-08-26,87.33,996.73,106.7597095177911
2003-08-27,87.36,996.79,106.76613611533614
2003-08-28,87.84,1002.84,107.41415136779433
2003-08-29,88.41,1008.01,107.96790985625859
2003-09-02,89.66,1021.99,109.46530708425284
2003-09-03,90.1,1026.27,109.92373770913234
2003-09-04,90.21,1027.97,110.10582463957513
2003-09-05,89.68,1021.39,109.40104110880243
2003-09-08,90.41,1031.64,110.49891818941339
2003-09-09,89.83,1023.17,109.59169683597193
2003-09-10,88.91,1010.92,108.27959983719299
2003-09-11,89.2,1016.42,108.86870461215497
2003-09-12,89.31,1018.63,109.1054176217306
2003-09-15,88.96,1014.81,108.69625757802973
2003-09-16,90.3,1029.32,110.25042308433852
2003-09-17,90.1,1025.97,109.89160472140715
2003-09-18,91.13,1039.58,111.34937126454031
2003-09-19,90.76,1036.3,110.9980505987448
2003-09-22,89.73,1022.82,109.55420835029254
2003-09-23,90.1,1029.03,110.21936119620413
2003-09-24,88.5,1009.38,108.11465050020362
2003-09-25,87.66,1003.27,107.46020865020041
2003-09-26,87.38,996.85,106.77256271288117
2003-09-29,88.23,1006.58,107.81474261476845
2003-09-30,87.33,995.97,106.67830594888726
2003-10-01,89.31,1018.22,109.06150253850618
2003-10-02,89.57,1020.24,109.27786465585584
2003-10-03,90.36,1029.85,110.30719136265303
2003-10-06,90.8,1034.35,110.78918617853101
2003-10-07,91.13,1039.25,111.3140249780426
2003-10-08,90.93,1033.78,110.72813350185314
2003-10-09,91.24,1038.73,111.25832779931892
2003-10-10,91.42,1038.06,111.18656412673263
2003-10-13,91.77,1045.35,111.96739572845496
2003-10-14,92.03,1049.48,112.40975985947186
2003-10-15,91.77,1046.76,112.1184207707634
2003-10-16,92.19,1050.07,112.47295473533141
2003-10-17,91.18,1039.32,111.32152267517846
2003-10-20,91.83,1044.68,111.89563205586869
2003-10-21,91.68,1046.03,112.04023050063208
2003-10-22,90.54,1030.36,110.36181744178586
2003-10-23,90.36,1033.77,110.72706240226228
2003-10-24,90.49,1028.91,110.20650800111407
2003-10-27,90.56,1031.13,110.44429211028056
2003-10-28,91.79,1046.79,112.1216340695359
2003-10-29,91.92,1048.11,112.26301921552675
2003-10-30,92.12,1046.94,112.1377005633985
2003-10-31,92.21,1050.71,112.54150510914515
2003-11-03,92.63,1059.02,113.43158886913315
2003-11-04,92.45,1053.25,112.8135644052185
2003-11-05,92.56,1051.81,112.65932606413755
2003-11-06,93.0,1058.05,113.32769220882169
2003-11-07,92.3,1053.21,112.80928000685515
2003-11-10,91.92,1047.11,112.15590925644275
2003-11-11,91.88,1046.57,112.0980698785374
2003-11-12,92.87,1058.56,113.3823182879545
2003-11-13,92.95,1058.41,113.36625179409192
2003-11-14,92.16,1050.35,112.5029455238749
2003-11-17,91.68,1043.63,111.78316659883046
2003-11-18,90.74,1034.15,110.76776418671419
2003-11-19,91.46,1042.44,111.6557057475205
2003-11-20,90.67,1033.65,110.71420920717217
2003-11-21,91.04,1035.28,110.88879844047906
2003-11-24,92.21,1052.08,112.68824575309019
2003-11-25,92.54,1053.89,112.88211477903224
2003-11-26,92.84,1058.45,113.37053619245525
2003-11-28,92.93,1058.2,113.34375870268424
2003-12-01,93.92,1070.12,114.62050941496545
2003-12-02,93.75,1066.62,114.24562455817147
2003-12-03,93.57,1064.73,114.04318673550274
2003-12-04,93.96,1069.72,114.57766543133188
2003-12-05,93.33,1061.5,113.69722156766144
2003-12-08,93.92,1069.3,114.53267924851662
2003-12-09,93.17,1060.18,113.55583642167059
2003-12-10,93.2,1059.05,113.43480216790566
2003-12-11,94.21,1071.21,114.73725927036705
2003-12-12,94.36,1074.14,115.05109145048317
2003-12-15,93.92,1068.04,114.39772070007078
2003-12-16,94.45,1075.13,115.15713030997632
2003-12-17,94.69,1076.48,115.30172875473971
2003-12-18,95.77,1089.18,116.66202523510647
2003-12-19,95.5,1088.67,116.60739915597362
2003-12-22,96.14,1092.94,117.06475868126229
2003-12-23,96.21,1096.02,117.39465735524098
2003-12-24,96.16,1094.04,117.18257963625467
2003-12-26,96.21,1095.89,117.38073306056008
2003-12-29,97.46,1109.48,118.83635740451157
2003-12-30,97.46,1109.64,118.85349499796502
2003-12-31,97.7,1111.92,119.09770570467651
2004-01-02,97.57,1108.48,118.72924744542756
2004-01-05,98.54,1122.22,120.20093828324167
2004-01-06,98.72,1123.67,120.35624772391346
2004-01-07,99.02,1126.33,120.64116021507688
2004-01-08,99.38,1131.92,121.23990488635644
2004-01-09,98.54,1121.86,120.16237869797142
2004-01-12,99.27,1127.23,120.7375591782525
2004-01-13,98.65,1121.22,120.09382832415768
2004-01-14,99.53,1130.52,121.08995094363884
2004-01-15,99.71,1132.05,121.25382918103735
2004-01-16,100.12,1139.83,122.08714466271083
2004-01-20,100.08,1138.77,121.9736081060818
2004-01-21,100.83,1147.62,122.92153124397515
2004-01-22,100.65,1143.94,122.52736659454607
2004-01-23,100.32,1141.55,122.2713737923353
2004-01-26,101.55,1155.37,123.75163342687611
2004-01-27,100.52,1144.05,122.5391486900453
2004-01-28,99.35,1128.48,120.87144662710749
2004-01-29,99.44,1134.12,121.47554679634122
2004-01-30,99.42,1131.13,121.1552880186801
2004-02-02,99.82,1135.26,121.59765214969697
2004-02-03,99.68,1136.03,121.68012681819164
2004-02-04,98.89,1126.53,120.66258220689369
2004-02-05,99.11,1128.59,120.8832287226067
2004-02-06,100.21,1142.76,122.40097684282695
2004-02-09,100.3,1139.81,122.08500246352916
2004-02-10,100.59,1145.54,122.69874252908045
2004-02-11,101.64,1157.76,124.00762622908688
2004-02-12,101.27,1152.11,123.4024549602623
2004-02-13,100.8,1145.81,122.72766221803313
2004-02-17,101.75,1156.99,123.9251515605922
2004-02-18,101.29,1151.82,123.37139307212794
2004-02-19,100.94,1147.06,122.86154966688812
2004-02-20,100.63,1144.11,122.54557528759034
2004-02-23,100.3,1140.99,122.21139221524828
2004-02-24,100.17,1139.09,122.00788329298868
2004-02-25,100.56,1143.67,122.4984469055934
2004-02-26,100.59,1144.91,122.63126325485754
2004-02-27,100.7,1144.94,122.63447655363007
2004-03-01,101.66,1155.96,123.81482830273569
2004-03-02,101.09,1149.1,123.08005398341946
2004-03-03,101.24,1151.04,123.28784730404243
2004-03-04,101.55,1154.88,123.69914954692499
2004-03-05,101.86,1156.87,123.91229836550211
2004-03-08,100.65,1147.21,122.87761616075073
2004-03-09,100.26,1140.58,122.16747713202382
2004-03-10,98.56,1123.89,120.37981191491194
2004-03-11,97.26,1106.78,118.54716051498475
2004-03-12,98.47,1120.57,120.02420685075306
2004-03-15,97.33,1104.49,118.30187870868241
2004-03-16,97.79,1110.7,118.96703155459403
2004-03-17,98.87,1123.75,120.36481652064016
2004-03-18,98.89,1122.32,120.21164927915004
2004-03-19,97.53,1109.78,118.86849039223674
2004-03-22,96.29,1095.4,117.32824918060889
2004-03-23,96.12,1093.95,117.17293973993709
2004-03-24,96.14,1091.33,116.89231164713702
2004-03-25,97.42,1109.19,118.8052955163772
2004-03-26,97.42,1108.06,118.68426126261227
2004-03-29,98.8,1122.47,120.22771577301266
2004-03-30,99.18,1127.0,120.71292388766315
2004-03-31,99.09,1126.21,120.6283070199868
2004-04-01,99.84,1132.17,121.2666823761274
2004-04-02,100.59,1141.81,122.29922238169712
2004-04-05,101.14,1150.57,123.23750562327294
2004-04-06,100.83,1148.16,122.97937062188053
2004-04-07,100.61,1140.53,122.16212163406963
2004-04-08,100.37,1139.32,122.032518583578
2004-04-12,100.76,1145.2,122.66232514299189
2004-04-13,99.38,1129.44,120.97427218782812
2004-04-14,99.51,1128.17,120.83824253979145
2004-04-15,99.09,1128.84,120.91000621237771
2004-04-16,99.88,1134.61,121.52803067629236
2004-04-19,99.86,1135.82,121.657633726784
2004-04-20,98.17,1118.15,119.76500074976981
2004-04-21,98.87,1124.09,120.40123390672873
2004-04-22,100.12,1139.93,122.09785565861924
2004-04-23,100.37,1140.6,122.16961933120548
2004-04-26,100.24,1135.53,121.62657183864962
2004-04-27,100.24,1138.11,121.90291553308631
2004-04-28,98.96,1122.41,120.2212891754676
2004-04-29,98.12,1113.89,119.30871232407196
2004-04-30,97.42,1107.31,118.60392879329925
2004-05-03,98.3,1117.49,119.69430817677433
2004-05-04,98.25,1119.55,119.91495469248736
2004-05-05,98.83,1121.53,120.12703241147366
2004-05-06,98.03,1113.99,119.31942331998034
2004-05-07,96.49,1098.7,117.68171204558605
2004-05-10,95.43,1087.12,116.44137871939337
2004-05-11,96.21,1095.45,117.33360467856306
2004-05-12,96.78,1097.28,117.52961590368676
2004-05-13,96.34,1096.44,117.43964353805622
2004-05-14,96.43,1095.7,117.36038216833406
2004-05-17,95.61,1084.1,116.11790664295968
2004-05-18,96.03,1091.49,116.90944924059042
2004-05-19,95.72,1088.69,116.60954135515523
2004-05-20,96.05,1089.19,116.66309633469723
2004-05-21,96.23,1093.56,117.13116685589428
2004-05-24,96.58,1095.41,117.32932028019968
2004-05-25,97.99,1113.05,119.21873995844135
2004-05-26,98.3,1114.94,119.42117778111012
2004-05-27,98.89,1121.28,120.10025492170264
2004-05-28,98.67,1120.68,120.03598894625226
2004-06-01,98.76,1121.2,120.09168612497595
2004-06-02,99.13,1124.99,120.49763286990428
2004-06-03,98.21,1116.64,119.60326471155292
2004-06-04,98.94,1122.5,120.23092907178514
2004-06-07,100.43,1140.42,122.15033953857035
2004-06-08,100.59,1142.18,122.33885306655819
2004-06-09,99.66,1131.33,121.17671001049682
2004-06-10,100.1,1136.47,121.72725520018858
2004-06-14,99.16,1125.29,120.5297658576295
2004-06-15,99.88,1132.01,121.24954478267395
2004-06-16,99.82,1133.56,121.41556521925413
2004-06-17,99.68,1132.05,121.25382918103729
2004-06-18,99.9,1135.02,121.57194575951677
2004-06-21,99.49,1130.3,121.0663867526403
2004-06-22,99.99,1134.41,121.50660868447554
2004-06-23,100.79,1144.06,122.54021978963608
2004-06-24,100.54,1140.65,122.17497482915967
2004-06-25,100.01,1134.43,121.5087508836572
2004-06-28,99.71,1133.35,121.39307212784647
2004-06-29,100.06,1136.2,121.69833551123587
2004-06-30,100.48,1140.84,122.1953257213856
2004-07-01,99.22,1128.94,120.92071720828608
2004-07-02,99.18,1125.38,120.53940575394705
2004-07-06,98.23,1116.21,119.55720742914681
2004-07-07,98.5,1118.33,119.78428054240487
2004-07-08,97.86,1109.11,118.79672671965042
2004-07-09,98.03,1112.81,119.19303356826121
2004-07-12,98.1,1114.35,119.35798290525055
2004-07-13,98.16,1115.14,119.44259977292694
2004-07-14,97.9,1111.47,119.04950622308867
2004-07-15,97.22,1106.69,118.53752061866717
2004-07-16,97.15,1101.4,117.97090893511285
2004-07-19,96.8,1100.91,117.91842505516168
2004-07-20,97.97,1108.67,118.74959833765348
2004-07-21,96.07,1093.88,117.16544204280119
2004-07-22,96.36,1096.85,117.48355862128065
2004-07-23,95.63,1086.2,116.3428375570361
2004-07-26,95.41,1084.07,116.11469334418717
2004-07-27,96.25,1094.83,117.26719650393098
2004-07-28,96.51,1095.42,117.33039137979056
2004-07-29,96.93,1100.43,117.86701227480137
2004-07-30,97.0,1101.72,118.00518412201971
2004-08-02,97.39,1106.62,118.53002292153128
2004-08-03,96.67,1099.69,117.7877509050792
2004-08-04,96.65,1098.63,117.67421434845018
2004-08-05,95.02,1080.7,115.75373278207412
2004-08-06,93.69,1063.97,113.96178316659888
2004-08-09,93.76,1065.22,114.09567061545387
2004-08-10,94.82,1079.04,115.57593024999468
2004-08-11,94.77,1075.8,115.22889398256254
2004-08-12,93.72,1063.23,113.88252179687672
2004-08-13,93.94,1064.8,114.05068443263859
2004-08-16,94.93,1079.34,115.60806323771988
2004-08-17,95.41,1081.71,115.86191384074897
2004-08-18,96.42,1095.17,117.30361389001955
2004-08-19,96.14,1091.23,116.8816006512286
2004-08-20,96.8,1098.35,117.64422355990664
2004-08-23,96.58,1095.68,117.35823996915238
2004-08-24,96.69,1096.19,117.41286604828521
2004-08-25,97.24,1104.96,118.35222038945186
2004-08-26,97.31,1105.09,118.36614468413276
2004-08-27,97.64,1107.77,118.65319937447786
2004-08-30,96.82,1099.15,117.72991152717383
2004-08-31,97.26,1104.24,118.27510121891136
2004-09-01,97.5,1105.91,118.45397485058164
2004-09-02,98.63,1118.31,119.78213834322317
2004-09-03,98.19,1113.63,119.28086373471008
2004-09-07,98.87,1121.3,120.10239712088432
2004-09-08,98.56,1116.27,119.56363402669183
2004-09-09,98.45,1118.38,119.78963604035907
2004-09-10,98.96,1123.92,120.3830252136844
2004-09-13,99.33,1125.82,120.58653413594398
2004-09-14,99.49,1128.33,120.85538013324481
2004-09-15,98.67,1120.37,120.0027848589362
2004-09-16,99.0,1123.5,120.33803903086913
2004-09-17,99.4,1128.55,120.8789443242433
2004-09-20,98.8,1122.2,120.19879608405995
2004-09-21,99.24,1129.3,120.95927679355631
2004-09-22,97.99,1113.56,119.27336603757422
2004-09-23,97.48,1108.36,118.71639425033743
2004-09-24,97.86,1110.11,118.90383667873442
2004-09-27,97.31,1103.52,118.1979820483709
2004-09-28,97.7,1110.06,118.89848118078022
2004-09-29,98.19,1114.8,119.40618238683838
2004-09-30,98.17,1114.58,119.3826181958399
2004-10-01,99.77,1131.5,121.1949187035411
2004-10-04,99.97,1135.17,121.58801225337938
2004-10-05,100.06,1134.48,121.51410638161141
2004-10-06,100.61,1142.05,122.32492877187727
2004-10-07,99.62,1130.65,121.10387523831973
2004-10-08,98.78,1122.14,120.19236948651493
2004-10-11,99.13,1124.39,120.43336689445391
2004-10-12,98.83,1121.84,120.1602364987897
2004-10-13,97.92,1113.65,119.28300593389179
2004-10-14,97.11,1103.29,118.17334675778157
2004-10-15,97.57,1108.2,118.699256656884
2004-10-18,97.99,1114.02,119.32263661875285
2004-10-19,97.15,1103.23,118.16692016023654
2004-10-20,97.0,1103.66,118.21297744264268
2004-10-21,97.53,1106.49,118.51609862685038
2004-10-22,96.49,1095.73,117.36359546710659
2004-10-25,96.43,1094.81,117.26505430474931
2004-10-26,97.86,1111.09,119.00880443863677
2004-10-27,99.02,1125.4,120.54154795312877
2004-10-28,99.27,1127.44,120.76005226966012
2004-10-29,99.51,1130.2,121.05567575673196
2004-11-01,99.55,1130.51,121.088879844048
2004-11-02,99.53,1130.55,121.09316424241136
2004-11-03,100.81,1143.2,122.44810522482393
2004-11-04,102.17,1161.67,124.42642616910535
2004-11-05,102.81,1166.17,124.90842098498334
2004-11-08,102.7,1164.89,124.77132023735582
2004-11-09,102.5,1164.08,124.68456117049777
2004-11-10,102.55,1162.91,124.55924251836952
2004-11-11,103.34,1173.48,125.69139478588734
2004-11-12,104.13,1184.17,126.83640024849525
2004-11-15,104.42,1183.82,126.79891176281583
2004-11-16,103.67,1175.43,125.90025920610113
2004-11-17,104.26,1181.94,126.59754503973792
2004-11-18,104.33,1183.55,126.76999207386314
2004-11-19,103.21,1170.34,125.35506951436355
2004-11-22,103.71,1177.24,126.09412823204315
2004-11-23,103.82,1176.94,126.06199524431796
2004-11-24,104.06,1181.76,126.57826524710282
2004-11-26,103.95,1182.65,126.67359311068759
2004-11-29,103.54,1178.57,126.23658447762487
2004-11-30,103.36,1173.82,125.7278121719759
2004-12-01,104.75,1191.37,127.60759195390001
2004-12-02,104.81,1190.33,127.49619759645266
2004-12-03,104.7,1191.17,127.58616996208323
2004-12-06,104.7,1190.25,127.48762879972594
2004-12-07,103.69,1177.08,126.0769906385897
2004-12-08,104.24,1182.81,126.690730704141
2004-12-09,104.64,1189.24,127.37944774105111
2004-12-10,104.75,1188.0,127.24663139178696
2004-12-13,105.69,1198.68,128.39056575480404
2004-12-14,106.04,1203.38,128.89398256249882
2004-12-15,106.11,1205.72,129.14461986675536
2004-12-16,106.04,1203.21,128.87577386945455
2004-12-17,105.32,1194.22,127.91285533728943
2004-12-20,105.36,1194.65,127.95891261969554
2004-12-21,106.17,1205.46,129.11677127739355
2004-12-22,106.44,1209.57,129.55699320922875
2004-12-23,106.5,1210.13,129.6169747863158
2004-12-27,106.22,1204.92,129.0589318994882
2004-12-28,106.83,1213.54,129.98221974679223
2004-12-29,106.97,1213.45,129.97257985047466
2004-12-30,106.77,1213.55,129.98329084638306
2004-12-31,106.68,1211.92,129.80870161307615
2005-01-03,106.02,1202.08,128.75473961568963
2005-01-04,104.68,1188.05,127.25198688974116
2005-01-05,104.0,1183.74,126.79034296608914
2005-01-06,104.44,1187.89,127.23484929628775
2005-01-07,104.26,1186.19,127.05276236584496
2005-01-10,104.75,1190.24,127.48655770013514
2005-01-11,104.07,1182.99,126.71001049677616
2005-01-12,104.37,1187.7,127.2144984040618
2005-01-13,103.54,1177.45,126.11662132345084
2005-01-14,104.04,1184.52,126.87388873417468
2005-01-18,105.1,1195.98,128.10136886527727
2005-01-19,104.02,1184.63,126.88567082967393
2005-01-20,103.41,1175.41,125.89811700691949
2005-01-21,102.7,1167.87,125.09050791542614
2005-01-24,102.51,1163.75,124.6492148840001
2005-01-25,102.81,1168.41,125.14834729333153
2005-01-26,103.12,1174.07,125.75458966174693
2005-01-27,103.25,1174.55,125.80600244210726
2005-01-28,103.25,1171.36,125.46432167262931
2005-01-31,103.87,1181.27,126.52578136715171
2005-02-01,104.53,1189.41,127.39765643409544
2005-02-02,104.88,1193.19,127.80253207943295
2005-02-03,104.55,1189.89,127.44906921445578
2005-02-04,105.65,1203.03,128.85649407681947
2005-02-07,105.54,1201.72,128.71618003041945
2005-02-08,105.67,1202.3,128.77830380668817
2005-02-09,104.86,1191.99,127.67400012853219
2005-02-10,105.16,1197.01,128.21169212313384
2005-02-11,106.09,1205.3,129.09963368394017
2005-02-14,106.02,1206.14,129.18960604957073
2005-02-15,106.42,1210.13,129.61697478631586
2005-02-16,106.39,1210.34,129.6394678777235
2005-02-17,105.56,1200.75,128.61228337010797
2005-02-18,105.67,1201.59,128.70225573573853
2005-02-22,104.13,1184.16,126.83532914890449
2005-02-23,104.83,1190.8,127.54653927722221
2005-02-24,105.54,1200.2,128.55337289261178
2005-02-25,106.53,1211.37,129.74979113557998
2005-02-28,105.82,1203.6,128.91754675349733
2005-03-01,106.35,1210.41,129.64696557485937
2005-03-02,106.31,1210.08,129.61161928836162
2005-03-03,106.35,1210.47,129.65339217240438
2005-03-04,107.6,1222.13,130.90229429532377
2005-03-07,107.69,1225.31,131.24290396521087
2005-03-08,107.27,1219.43,130.613097405797
2005-03-09,106.09,1207.01,129.28279171397375
2005-03-10,106.31,1209.25,129.52271802232192
2005-03-11,105.56,1200.08,128.5405196975217
2005-03-14,106.13,1206.83,129.26351192133865
2005-03-15,105.32,1197.75,128.29095349285598
2005-03-16,104.38,1188.07,127.25412908892288
2005-03-17,104.55,1190.21,127.48334440136264
2005-03-18,104.27,1189.65,127.4233628242756
2005-03-21,103.87,1183.79,126.79569846404337
2005-03-22,102.82,1171.71,125.5018101583087
2005-03-23,102.84,1172.53,125.58964032475757
2005-03-24,102.93,1171.42,125.47074827017434
2005-03-28,103.11,1174.28,125.77708275315455
2005-03-29,102.45,1165.36,124.8216619181253
2005-03-30,103.81,1181.41,126.54077676142344
2005-03-31,103.68,1180.59,126.45294659497455
2005-04-01,103.13,1172.92,125.63141320880032
2005-04-04,103.3,1176.12,125.97416507786909
2005-04-05,103.79,1181.39,126.53863456224177
2005-04-06,104.14,1184.07,126.82568925258686
2005-04-07,104.66,1191.14,127.58295666331072
2005-04-08,103.63,1181.2,126.5182836700158
2005-04-11,103.65,1181.21,126.51935476960664
2005-04-12,104.2,1187.76,127.2209250016068
2005-04-13,102.98,1173.79,125.72459887320338
2005-04-14,101.62,1162.05,124.46712795355727
2005-04-15,100.13,1142.62,122.38598144855521
2005-04-18,100.41,1145.98,122.74587091107746
2005-04-19,101.2,1152.78,123.47421863284863
2005-04-20,99.8,1137.5,121.83757845804517
2005-04-21,101.71,1159.95,124.24219703948087
2005-04-22,101.33,1152.12,123.40352605985318
2005-04-25,101.93,1162.1,124.47248345151147
2005-04-26,101.03,1151.74,123.36282427540128
2005-04-27,101.33,1156.38,123.85981448555104
2005-04-28,100.09,1143.22,122.45024742400564
2005-04-29,101.44,1156.85,123.91015616632049
2005-05-02,101.88,1162.16,124.47891004905652
2005-05-03,102.1,1161.17,124.37287118956337
2005-05-04,102.91,1175.65,125.92382339709964
2005-05-05,102.89,1172.63,125.60035132066596
2005-05-06,102.56,1171.35,125.46325057303842
2005-05-09,103.17,1178.84,126.26550416657757
2005-05-10,102.12,1166.22,124.91377648293756
2005-05-11,102.67,1171.11,125.43754418285829
2005-05-12,101.51,1159.36,124.17900216362133
2005-05-13,101.29,1154.05,123.61024828088532
2005-05-16,102.19,1165.69,124.85700820462304
2005-05-17,102.91,1173.8,125.72566997279425
2005-05-18,103.92,1185.56,126.98528309162204
2005-05-19,104.31,1191.08,127.5765300657657
2005-05-20,104.22,1189.28,127.3837321394145
2005-05-23,104.75,1193.86,127.8742957520192
2005-05-24,104.53,1194.07,127.89678884342682
2005-05-25,104.42,1190.01,127.46192240954579
2005-05-26,104.9,1197.63,128.27810029776586
2005-05-27,105.1,1198.78,128.40127675071244
2005-05-31,104.4,1191.5,127.62151624858096
2005-06-01,105.19,1202.27,128.7750905079156
2005-06-02,105.54,1204.29,128.99145262526525
2005-06-03,104.95,1196.02,128.10565326364062
2005-06-06,104.9,1197.51,128.26524710267577
2005-06-07,104.99,1197.26,128.23846961290477
2005-06-08,104.73,1194.67,127.96105481887723
2005-06-09,105.17,1200.93,128.63156316274305
2005-06-10,104.99,1198.11,128.32951307812615
2005-06-13,105.3,1200.82,128.6197810672438
2005-06-14,105.51,1203.91,128.95075084081336
2005-06-15,105.67,1206.58,129.23673443156758
2005-06-16,106.01,1210.96,129.70587605235548
2005-06-17,106.43,1216.96,130.34853580685945
2005-06-20,106.39,1216.1,130.2564212420472
2005-06-21,106.47,1213.61,129.98971744392804
2005-06-22,106.47,1213.88,130.01863713288074
2005-06-23,104.99,1200.73,128.6101411709262
2005-06-24,104.27,1191.57,127.62901394571678
2005-06-27,104.31,1190.69,127.53475718172287
2005-06-28,105.23,1201.57,128.70011353655673
2005-06-29,104.9,1199.85,128.51588440693226
2005-06-30,104.25,1191.33,127.60330755553662
2005-07-01,104.64,1194.44,127.93641952828786
2005-07-05,105.43,1204.99,129.066429596624
2005-07-06,104.51,1194.94,127.98997450782986
2005-07-07,104.88,1197.87,128.30380668794595
2005-07-08,106.08,1211.86,129.80227501553105
2005-07-11,106.69,1219.44,130.61416850538777
2005-07-12,106.86,1222.21,130.91086309205045
2005-07-13,107.08,1223.29,131.02654184786115
2005-07-14,107.41,1226.5,131.37036481652078
2005-07-15,107.37,1227.92,131.52246095842006
2005-07-18,106.95,1221.13,130.79518433623974
2005-07-19,107.54,1229.35,131.67562819991016
2005-07-20,107.82,1235.2,132.30222146055155
2005-07-21,107.26,1227.04,131.42820419442614
2005-07-22,107.87,1233.68,132.1394143227439
2005-07-25,107.61,1229.03,131.6413530130033
2005-07-26,107.69,1231.16,131.86949722585226
2005-07-27,108.11,1236.79,132.47252629549516
2005-07-28,108.74,1243.72,133.21479831194725
2005-07-29,107.85,1234.18,132.19296930228595
2005-08-01,107.91,1235.35,132.3182879544142
2005-08-02,108.57,1244.12,133.25764229558084
2005-08-03,108.81,1245.05,133.35725455752896
2005-08-04,107.96,1235.86,132.37291403354703
2005-08-05,107.24,1226.42,131.36179601979413
2005-08-08,107.02,1223.13,131.00940425440777
2005-08-09,107.63,1231.38,131.89306141685074
2005-08-10,107.58,1229.13,131.65206400891174
2005-08-11,108.0,1237.81,132.5817784537608
2005-08-12,107.34,1230.39,131.78702255735757
2005-08-15,107.91,1233.87,132.15976521496984
2005-08-16,106.52,1219.34,130.6034575094794
2005-08-17,106.52,1220.24,130.699856472655
2005-08-18,106.47,1219.02,130.56918232257252
2005-08-19,106.71,1219.71,130.64308819434046
2005-08-22,106.73,1221.73,130.85945031169013
2005-08-23,106.52,1217.57,130.4138728819007
2005-08-24,105.51,1209.59,129.55913540841038
2005-08-25,105.82,1212.4,129.86011439343642
2005-08-26,105.16,1205.1,129.07821169212323
2005-08-29,105.91,1212.28,129.84726119834633
2005-08-30,105.39,1208.41,129.43274565669128
2005-08-31,106.52,1220.33,130.70949636897248
2005-09-01,106.54,1221.59,130.84445491741832
2005-09-02,106.36,1218.02,130.46207236348846
2005-09-06,107.63,1233.39,132.1083524346095
2005-09-07,107.74,1236.36,132.42646901308893
2005-09-08,107.43,1231.67,131.92412330498502
2005-09-09,108.3,1241.48,132.97487200359902
2005-09-12,108.13,1240.56,132.87633084124172
2005-09-13,107.48,1231.2,131.87378162421552
2005-09-14,107.09,1227.16,131.44105738951617
2005-09-15,107.0,1227.73,131.50211006619404
2005-09-16,107.76,1237.91,132.5924894496691
2005-09-19,107.39,1231.02,131.85450183158036
2005-09-20,106.48,1221.35,130.8187485272381
2005-09-21,105.48,1210.2,129.62447248345157
2005-09-22,105.81,1214.62,130.09789850260282
2005-09-23,105.87,1215.29,130.1696621751891
2005-09-26,105.96,1215.63,130.20607956127768
2005-09-27,105.98,1215.66,130.2092928600502
2005-09-28,106.07,1216.89,130.3410381097235
2005-09-29,106.85,1227.68,131.49675456823982
2005-09-30,107.07,1228.81,131.6177888220047
2005-10-03,106.85,1226.7,131.39178680833749
2005-10-04,105.55,1214.47,130.08183200874024
2005-10-05,104.16,1196.39,128.1452839485016
2005-10-06,103.84,1191.49,127.62044514899002
2005-10-07,104.1,1195.9,128.09280006855045
2005-10-10,103.23,1187.33,127.17486771920058
2005-10-11,103.1,1184.87,126.91137721985395
2005-10-12,102.23,1177.68,126.14125661404003
2005-10-13,102.19,1176.84,126.05128424840947
2005-10-14,103.23,1186.57,127.09346415029675
2005-10-17,103.6,1190.1,127.47156230586326
2005-10-18,102.49,1178.14,126.19052719521869
2005-10-19,104.14,1195.76,128.0778046742787
2005-10-20,102.32,1177.8,126.15410980913012
2005-10-21,102.69,1179.59,126.34583663589046
2005-10-24,104.31,1199.38,128.46554272616277
2005-10-25,104.01,1196.54,128.1613504423642
2005-10-26,103.75,1191.38,127.6086630534908
2005-10-27,102.58,1178.9,126.27193076412253
2005-10-28,104.07,1198.41,128.3616460658513
2005-10-31,104.94,1207.01,129.28279171397364
2005-11-01,104.64,1202.76,128.82757438786666
2005-11-02,105.66,1214.76,130.1128938968746
2005-11-03,106.16,1219.94,130.6677234849297
2005-11-04,106.01,1220.14,130.68914547674652
2005-11-07,106.07,1222.81,130.97512906750077
2005-11-08,106.07,1218.59,130.5231250401663
2005-11-09,106.16,1220.65,130.74377155587933
2005-11-10,107.02,1230.96,131.84807523403532
2005-11-11,107.39,1234.71,132.24973758060028
2005-11-14,107.33,1233.76,132.1479831194705
2005-11-15,106.92,1229.01,131.6392108138215
2005-11-16,107.11,1231.21,131.8748527238063
2005-11-17,108.02,1242.8,133.1162571495898
2005-11-18,108.46,1248.27,133.70214862577927
2005-11-21,109.04,1254.85,134.40693215655196
2005-11-22,109.47,1261.23,135.09029369550788
2005-11-23,110.04,1265.61,135.55943531629575
2005-11-25,110.17,1268.25,135.84220560827748
2005-11-28,109.39,1257.46,134.68648914976117
2005-11-29,109.24,1257.48,134.68863134894286
2005-11-30,108.52,1249.48,133.8317516762709
2005-12-01,109.69,1264.67,135.4587519547568
2005-12-02,109.82,1265.08,135.5026670379812
2005-12-05,109.61,1262.09,135.18240826032007
2005-12-06,109.78,1263.7,135.35485529444531
2005-12-07,109.13,1257.37,134.6768492534436
2005-12-08,109.02,1255.84,134.5129710160451
2005-12-09,109.24,1259.37,134.89106917161158
2005-12-12,109.39,1260.43,135.00460572824065
2005-12-13,110.06,1267.43,135.75437544182864
2005-12-14,110.49,1272.74,136.32312932456466
2005-12-15,110.12,1270.94,136.13033139821349
2005-12-16,109.82,1267.32,135.74259334632941
2005-12-19,109.24,1259.92,134.94997964910786
2005-12-20,109.28,1259.62,134.91784666138264
2005-12-21,109.45,1262.8,135.25845633126974
2005-12-22,109.93,1268.12,135.8282813135966
2005-12-23,110.01,1268.66,135.88612069150196
2005-12-27,108.93,1256.54,134.5879479874039
2005-12-28,109.04,1258.17,134.76253722071084
2005-12-29,108.59,1254.42,134.36087487414585
2005-12-30,108.14,1248.29,133.70429082496094
2006-01-03,109.86,1268.8,135.9011160857737
2006-01-04,110.36,1273.46,136.40024849510516
2006-01-05,110.42,1273.48,136.40239069428682
2006-01-06,111.33,1285.45,137.68449690452223
2006-01-09,111.61,1290.15,138.18791371221704
2006-01-10,111.69,1289.69,138.1386431310384
2006-01-11,112.02,1294.18,138.61956684732556
2006-01-12,111.48,1286.06,137.7498339795635
2006-01-13,111.41,1287.61,137.91585441614367
2006-01-17,111.13,1282.93,137.4145798076306
2006-01-18,110.64,1277.93,136.87903001221062
2006-01-19,111.02,1285.04,137.64058182129781
2006-01-20,109.0,1261.48,135.1170711852789
2006-01-23,109.39,1263.83,135.36877958912626
2006-01-24,109.49,1266.86,135.69332276515075
2006-01-25,109.54,1264.68,135.45982305434765
2006-01-26,110.12,1273.83,136.4398791799662
2006-01-27,111.11,1283.72,137.49919667530693
2006-01-30,111.05,1285.2,137.65771941475123
2006-01-31,110.62,1280.09,137.110387523832
2006-02-01,110.94,1282.46,137.36423812686107
2006-02-02,109.62,1270.84,136.11962040230503
2006-02-03,109.06,1264.03,135.39020158094303
2006-02-06,109.34,1265.02,135.49624044043617
2006-02-07,108.37,1254.78,134.39943445941606
2006-02-08,109.3,1265.65,135.5637197146591
2006-02-09,109.09,1263.78,135.36342409117202
2006-02-10,109.3,1266.99,135.70724705983167
2006-02-13,109.09,1262.86,135.26488292881476
2006-02-14,110.16,1275.53,136.62196611040898
2006-02-15,110.51,1280.0,137.10074762751444
2006-02-16,111.33,1289.38,138.10543904372233
2006-02-17,111.09,1287.24,137.87622373128258
2006-02-21,110.77,1283.03,137.42529080353896
2006-02-22,111.37,1292.67,138.45783080910869
2006-02-23,111.2,1287.79,137.93513420877878
2006-02-24,111.43,1289.43,138.11079454167654
2006-02-27,111.52,1294.12,138.61314024978049
2006-02-28,110.53,1280.66,137.17144020050992
2006-03-01,111.35,1291.24,138.3046635676186
2006-03-02,111.3,1289.14,138.07973265354224
2006-03-03,110.87,1287.23,137.8751526316918
2006-03-06,110.27,1278.26,136.91437629870836
2006-03-07,110.1,1275.88,136.65945459608847
2006-03-08,110.27,1278.47,136.936869390116
2006-03-09,109.62,1272.23,136.26850324543184
2006-03-10,110.57,1281.58,137.26998136286718
2006-03-13,110.81,1284.13,137.5431117585314
2006-03-14,111.92,1297.48,138.97302971230275
2006-03-15,112.39,1303.02,139.56641888562808
2006-03-16,112.6,1305.33,139.81384289111213
2006-03-17,112.67,1307.25,140.01949401255342
2006-03-20,112.5,1305.08,139.78706540134115
2006-03-21,111.81,1297.23,138.9462522225318
2006-03-22,112.41,1305.04,139.7827810029778
2006-03-23,112.18,1301.67,139.42182044086474
2006-03-24,112.26,1302.95,139.55892118849226
2006-03-27,112.11,1301.61,139.4153938433197
2006-03-28,111.38,1293.22,138.51674128660497
2006-03-29,112.03,1302.89,139.55249459094722
2006-03-30,111.81,1300.25,139.26972429896546
2006-03-31,111.45,1294.83,138.68918832073018
2006-04-03,111.66,1297.81,139.0083759988005
2006-04-04,112.43,1305.94,139.87917996615337
2006-04-05,112.8,1311.56,140.4811379362054
2006-04-06,112.67,1309.04,140.21122083931374
2006-04-07,111.51,1295.5,138.76095199331644
2006-04-10,111.64,1296.61,138.87984404789967
2006-04-11,110.66,1286.58,137.80553115828718
2006-04-12,110.79,1288.13,137.97155159486738
2006-04-13,110.68,1289.12,138.0775904543605
2006-04-17,110.57,1285.33,137.67164370943215
2006-04-18,112.33,1307.65,140.06233799618695
2006-04-19,112.47,1309.93,140.30654870289845
2006-04-20,112.62,1311.46,140.470426940297
2006-04-21,112.62,1311.28,140.45114714766186
2006-04-24,112.41,1308.11,140.1116085773656
2006-04-25,111.98,1301.74,139.42931813800053
2006-04-26,111.94,1305.41,139.8224116878388
2006-04-27,112.45,1309.72,140.28405561149083
2006-04-28,112.54,1310.61,140.37938347507557
2006-05-01,111.88,1305.19,139.79884749684032
2006-05-02,112.71,1313.21,140.65786936869395
2006-05-03,112.22,1307.85,140.08375998800372
2006-05-04,112.62,1312.25,140.5550438079733
2006-05-05,113.65,1325.76,142.00209935519808
2006-05-08,113.5,1324.66,141.8842784002057
2006-05-09,113.67,1325.14,141.935691180566
2006-05-10,113.54,1322.85,141.69040937426365
2006-05-11,112.18,1305.92,139.87703776697163
2006-05-12,110.68,1291.24,138.30466356761858
2006-05-15,110.94,1294.5,138.6538420342324
2006-05-16,110.74,1292.08,138.39463593324913
2006-05-17,108.52,1270.32,136.06392322358138
2006-05-18,108.01,1261.81,135.15241747177657
2006-05-19,108.67,1267.03,135.71153145819503
2006-05-22,107.92,1262.07,135.1802660611384
2006-05-23,107.11,1256.58,134.5922323857673
2006-05-24,107.84,1258.57,134.80538120434443
2006-05-25,109.12,1272.88,136.33812471883644
2006-05-26,109.7,1280.16,137.11788522096793
2006-05-30,107.75,1259.84,134.94141085238113
2006-05-31,108.78,1270.09,136.03928793299207
2006-06-01,109.95,1285.71,137.71234549388407
2006-06-02,110.17,1288.22,137.98119149118492
2006-06-05,108.56,1265.29,135.5251601293889
2006-06-06,108.24,1263.85,135.37092178830795
2006-06-07,107.41,1256.15,134.5461751033612
2006-06-08,107.37,1257.93,134.73683083053072
2006-06-09,106.98,1252.3,134.13380176088782
2006-06-12,105.75,1236.4,132.4307534114523
2006-06-13,104.52,1223.69,131.06938583149469
2006-06-14,105.26,1230.04,131.74953407167806
2006-06-15,107.51,1256.16,134.54724620295204
2006-06-16,106.85,1251.54,134.05239819198397
2006-06-19,105.88,1240.14,132.83134465842645
2006-06-20,106.22,1240.12,132.82920245924473
2006-06-21,107.0,1252.21,134.12416186457023
2006-06-22,106.51,1245.6,133.416165035025
2006-06-23,106.47,1244.5,133.29834408003262
2006-06-26,106.87,1250.56,133.94743043208163
2006-06-27,105.98,1239.2,132.73066129688746
2006-06-28,106.66,1246.0,133.45900901865863
2006-06-29,108.76,1272.87,136.3370536192456
2006-06-30,108.51,1270.2,136.05107002849135
2006-07-03,109.25,1280.19,137.12109851974046
2006-07-05,108.53,1270.91,136.127118099441
2006-07-06,108.78,1274.08,136.46665666973723
2006-07-07,108.13,1265.48,135.54551102161489
2006-07-10,108.29,1267.34,135.7447355455111
2006-07-11,108.74,1272.52,136.2995651335662
2006-07-12,107.55,1258.6,134.80859450311698
2006-07-13,105.79,1242.29,133.06163107045703
2006-07-14,105.35,1236.2,132.4093314196355
2006-07-17,105.2,1234.49,132.22617338960185
2006-07-18,105.64,1236.86,132.48002399263092
2006-07-19,107.07,1259.81,134.9381975536086
2006-07-20,106.37,1249.13,133.79426319059155
2006-07-21,105.56,1240.29,132.84741115228903
2006-07-24,107.49,1260.91,135.05601850860103
2006-07-25,107.83,1268.88,135.90968488250047
2006-07-26,107.98,1268.4,135.85827210214015
2006-07-27,107.89,1263.2,135.30130031490336
2006-07-28,108.91,1278.55,136.9454381868427
2006-07-31,108.7,1276.66,136.74300036417395
2006-08-01,108.27,1270.92,136.12818919903182
2006-08-02,108.91,1278.55,136.9454381868427
2006-08-03,109.16,1280.27,137.12966731646716
2006-08-04,109.06,1279.36,137.03219725370073
2006-08-07,108.74,1275.77,136.64767250058918
2006-08-08,108.27,1271.48,136.18817077611885
2006-08-09,107.83,1265.95,135.59585270238435
2006-08-10,108.17,1271.81,136.22351706261657
2006-08-11,107.89,1266.74,135.68046957006072
2006-08-14,107.98,1268.21,135.83792120991419
2006-08-15,109.21,1285.58,137.69842119920318
2006-08-16,110.16,1295.43,138.75345429618056
2006-08-17,110.33,1297.48,138.97302971230278
2006-08-18,110.84,1302.3,139.4892997150876
2006-08-21,110.44,1297.52,138.9773141106661
2006-08-22,110.42,1298.82,139.1165570574753
2006-08-23,110.05,1292.99,138.4921059960156
2006-08-24,109.91,1296.06,138.82093357040344
2006-08-25,110.03,1295.09,138.71703691009196
2006-08-28,110.56,1301.79,139.43467363595474
2006-08-29,110.67,1304.28,139.7013774340739
2006-08-30,110.67,1304.27,139.70030633448306
2006-08-31,110.71,1303.82,139.65210685289526
2006-09-01,111.31,1311.01,140.42222745870922
2006-09-05,111.48,1313.25,140.6621537670574
2006-09-06,110.48,1300.26,139.2707953985563
2006-09-07,109.93,1294.02,138.60242925387215
2006-09-08,110.18,1298.92,139.12726805338374
2006-09-11,110.27,1299.54,139.1936762280158
2006-09-12,111.4,1313.11,140.6471583727856
2006-09-13,111.74,1318.07,141.17842376984225
2006-09-14,111.78,1316.28,140.9866969430819
2006-09-15,112.01,1319.87,141.37122169619346
2006-09-18,112.18,1321.18,141.5115357425935
2006-09-19,111.86,1318.31,141.20413016002243
2006-09-20,112.37,1325.18,141.9399755789295
2006-09-21,111.84,1318.03,141.17413937147893
2006-09-22,111.49,1314.78,140.82603200445593
2006-09-25,112.3,1326.37,142.0674364302394
2006-09-26,113.23,1336.34,143.13532272230682
2006-09-27,113.31,1336.59,143.1621002120778
2006-09-28,113.27,1339.15,143.43630170733283
2006-09-29,113.12,1335.85,143.0828388423556
2006-10-02,112.7,1331.32,142.5976307277051
2006-10-03,112.94,1334.11,142.89646751354945
2006-10-04,114.2,1350.22,144.62200895439264
2006-10-05,114.41,1353.22,144.9433388316446
2006-10-06,114.24,1349.58,144.55345858057885
2006-10-09,114.28,1350.66,144.66913733638958
2006-10-10,114.41,1353.42,144.9647608234614
2006-10-11,114.26,1349.95,144.59308926543994
2006-10-12,115.25,1362.83,145.9726655384418
2006-10-13,115.48,1365.62,146.27150232428613
2006-10-16,115.69,1369.06,146.63996058353507
2006-10-17,115.33,1364.05,146.10333968852424
2006-10-18,115.39,1365.96,146.3079197103747
2006-10-19,115.54,1366.96,146.4150296694587
2006-10-20,115.6,1368.6,146.59069000235644
2006-10-23,116.09,1377.02,147.49255585784368
2006-10-24,116.42,1377.38,147.53111544311395
2006-10-25,116.8,1382.23,148.0505987446713
2006-10-26,117.12,1389.09,148.78537306398752
2006-10-27,116.42,1377.34,147.52683104475057
2006-10-30,116.3,1377.93,147.59002592061012
2006-10-31,116.3,1377.94,147.59109702020095
2006-11-01,115.44,1367.81,146.50607313468007
2006-11-02,115.29,1367.34,146.45573145391057
2006-11-03,115.06,1364.3,146.13011717829522
2006-11-06,116.34,1379.78,147.78817934491548
2006-11-07,116.78,1382.84,148.11593581971252
2006-11-08,116.99,1385.72,148.42441250187443
2006-11-09,116.36,1378.33,147.6328699042437
2006-11-10,116.42,1380.9,147.9081424990896
2006-11-13,116.7,1384.42,148.28516955506524
2006-11-14,117.52,1393.22,149.22773719500438
2006-11-15,117.83,1396.57,149.58655555793575
2006-11-16,118.13,1399.76,149.9282363274137
2006-11-17,118.11,1401.2,150.08247466849465
2006-11-20,118.15,1400.5,150.00749769713585
2006-11-21,118.23,1402.81,150.25492170261987
2006-11-22,118.42,1406.09,150.60624236841537
2006-11-24,117.96,1400.95,150.05569717872365
2006-11-27,116.32,1381.9,148.01525245817353
2006-11-28,116.74,1386.72,148.5315224609584
2006-11-29,117.9,1399.48,149.89824553887019
2006-11-30,117.96,1400.63,150.0214219918168
2006-12-01,117.75,1396.71,149.60155095220753
2006-12-04,118.61,1409.12,150.93078554443989
2006-12-05,119.11,1414.76,151.53488571367362
2006-12-06,118.95,1412.9,151.3356611897774
2006-12-07,118.44,1407.29,150.73477431931616
2006-12-08,118.55,1409.84,151.00790471498033
2006-12-11,118.92,1413.04,151.35065658404912
2006-12-12,118.78,1411.56,151.1921338446048
2006-12-13,118.9,1413.21,151.36886527709342
2006-12-14,119.88,1425.49,152.68417557464485
2006-12-15,119.88,1427.09,152.85555150917924
2006-12-18,119.59,1422.48,152.36177459780203
2006-12-19,119.71,1425.55,152.6906021721899
2006-12-20,119.63,1423.53,152.47424005484024
2006-12-21,119.17,1418.3,151.91405496883092
2006-12-22,118.38,1410.77,151.10751697692842
2006-12-26,119.09,1416.9,151.76410102611334
2006-12-27,119.78,1426.84,152.82877401940823
2006-12-28,119.51,1424.73,152.602772005741
2006-12-29,119.07,1418.3,151.9140549688309
2007-01-03,118.76,1416.6,151.7319680383881
2007-01-04,118.99,1418.34,151.91833936719425
2007-01-05,118.07,1409.71,150.99398042029938
2007-01-08,118.57,1412.84,151.32923459223227
2007-01-09,118.4,1412.11,151.25104432210097
2007-01-10,118.73,1414.85,151.54452560999113
2007-01-11,119.28,1423.83,152.50637304256543
2007-01-12,120.09,1430.73,153.245431760245
2007-01-16,119.92,1431.9,153.3707504123733
2007-01-17,119.92,1430.62,153.23364966474577
2007-01-18,119.46,1426.37,152.7784323386388
2007-01-19,119.76,1430.5,153.2207964696557
2007-01-22,119.28,1422.96,152.41318737816238
2007-01-23,119.65,1427.99,152.9519504723549
2007-01-24,120.55,1440.13,154.2522653756346
2007-01-25,119.13,1423.9,152.51387073970136
2007-01-26,118.99,1422.18,152.3296416100769
2007-01-29,118.88,1420.62,152.16255007390583
2007-01-30,119.53,1428.82,153.04085173839462
2007-01-31,120.28,1438.24,154.04982755296587
2007-02-01,120.92,1445.94,154.87457423791264
2007-02-02,121.11,1448.39,155.13699363766844
2007-02-05,121.17,1446.99,154.98703969495082
2007-02-06,121.13,1448.0,155.09522075362565
2007-02-07,121.34,1450.02,155.31158287097531
2007-02-08,121.19,1448.31,155.12842484094168
2007-02-09,120.28,1438.06,154.03054776033073
2007-02-12,119.86,1433.37,153.5282020522268
2007-02-13,120.82,1444.26,154.69462950665152
2007-02-14,121.57,1455.3,155.87712345493884
2007-02-15,121.65,1456.81,156.03885949315566
2007-02-16,121.61,1455.54,155.902829845119
2007-02-20,121.84,1459.68,156.34626507572673
2007-02-21,121.74,1457.63,156.12668965960455
2007-02-22,121.63,1456.38,155.99280221074957
2007-02-23,121.17,1451.19,155.43690152310364
2007-02-26,121.07,1449.38,155.2430324971616
2007-02-27,116.3,1399.04,149.85111715687324
2007-02-28,117.44,1406.82,150.68443263854675
2007-03-01,117.11,1403.17,150.2934812878902
2007-03-02,115.51,1387.17,148.57972194254626
2007-03-05,114.38,1374.12,147.18193697650008
2007-03-06,116.32,1395.41,149.46230800539837
2007-03-07,116.13,1391.97,149.09384974614943
2007-03-08,117.09,1401.89,150.1563805402627
2007-03-09,117.11,1402.85,150.2592061009833
2007-03-12,117.27,1406.6,150.6608684475483
2007-03-13,115.0,1377.95,147.59216811979184
2007-03-14,115.81,1387.17,148.57972194254629
2007-03-15,115.95,1392.28,149.12705383346548
2007-03-16,115.58,1386.95,148.5561577515478
2007-03-19,116.97,1402.06,150.17458923330696
2007-03-20,117.61,1410.94,151.12572566997284
2007-03-21,119.38,1435.04,153.70707568389713
2007-03-22,119.38,1434.54,153.65352070435512
2007-03-23,119.55,1436.11,153.82168334011698
2007-03-26,119.4,1437.5,153.97056618324373
2007-03-27,119.01,1428.61,153.018358646987
2007-03-28,118.1,1417.23,151.79944731261114
2007-03-29,118.27,1422.53,152.36713009575632
2007-03-30,118.25,1420.86,152.18825646408604
2007-04-02,118.41,1424.55,152.58349221310598
2007-04-03,119.57,1437.77,153.9994858721964
2007-04-04,119.67,1439.37,154.17086180673076
2007-04-05,120.02,1443.76,154.6410745271095
2007-04-09,120.17,1444.61,154.7321179923309
2007-04-10,120.29,1448.39,155.1369936376684
2007-04-11,119.67,1438.87,154.11730682718874
2007-04-12,120.25,1447.8,155.07379876180883
2007-04-13,120.72,1452.85,155.61470405518298
2007-04-16,121.9,1468.47,157.287761616075
2007-04-17,122.19,1471.48,157.61016259291782
2007-04-18,122.29,1472.5,157.7194147511835
2007-04-19,122.29,1470.73,157.52983012360485
2007-04-20,123.35,1484.35,158.98866776632886
2007-04-23,122.95,1480.93,158.6223517062616
2007-04-24,122.98,1480.41,158.56665452753793
2007-04-25,123.99,1495.42,160.1743750133887
2007-04-26,124.15,1494.25,160.04905636126043
2007-04-27,124.09,1494.07,160.0297765686253
2007-04-30,122.98,1482.37,158.77659004734255
2007-05-01,123.33,1486.3,159.19753218654267
2007-05-02,124.01,1495.92,160.2279299929307
2007-05-03,124.61,1502.39,160.92093142820417
2007-05-04,125.1,1505.62,161.26689659604546
2007-05-07,125.1,1509.48,161.6803410381097
2007-05-08,124.94,1507.72,161.49182751012188
2007-05-09,125.21,1512.58,162.0123819112701
2007-05-10,123.86,1491.47,159.75129067500697
2007-05-11,124.94,1505.85,161.2915318866348
2007-05-14,124.65,1503.15,161.00233499710805
2007-05-15,124.63,1501.19,160.7923994773034
2007-05-16,125.41,1514.14,162.17947344744115
2007-05-17,125.19,1512.75,162.0305906043144
2007-05-18,126.24,1522.75,163.10169019515433
2007-05-21,126.24,1525.1,163.3533985990017
2007-05-22,126.01,1524.12,163.2484308390994
2007-05-23,126.03,1522.28,163.05134851438487
2007-05-24,124.88,1507.51,161.46933441871425
2007-05-25,125.35,1515.73,162.3497782823847
2007-05-29,125.78,1518.11,162.6046999850046
2007-05-30,126.73,1530.23,163.90287268910262
2007-05-31,126.65,1530.62,163.94464557314535
2007-06-01,127.19,1536.34,164.55731453910582
2007-06-04,127.25,1539.18,164.8615068229044
2007-06-05,126.71,1530.95,163.97999185964312
2007-06-06,125.29,1517.38,162.52650971487333
2007-06-07,123.04,1490.72,159.670958205694
2007-06-08,124.59,1507.67,161.48647201216775
2007-06-11,124.81,1509.12,161.64178145283952
2007-06-12,123.36,1493.0,159.9151689124055
2007-06-13,125.22,1515.67,162.3433516848397
2007-06-14,125.98,1522.97,163.12525438615287
2007-06-15,126.65,1532.91,164.18992737944777
2007-06-18,126.51,1531.05,163.99070285555152
2007-06-19,126.75,1533.71,164.27561534671497
2007-06-20,124.95,1512.84,162.04023050063196
2007-06-21,125.67,1522.19,163.04170861806736
2007-06-22,124.42,1502.56,160.9391401212485
2007-06-25,123.85,1497.74,160.42287011846363
2007-06-26,122.56,1492.89,159.90338681690628
2007-06-27,124.3,1506.35,161.34508686617684
2007-06-28,124.16,1505.71,161.2765364923631
2007-06-29,124.01,1503.35,161.02375698892487
2007-07-02,125.28,1519.43,162.74608513099554
2007-07-03,125.71,1524.87,163.32876330841248
2007-07-05,125.57,1525.4,163.385531586727
2007-07-06,126.22,1530.44,163.92536578051033
2007-07-09,126.22,1531.85,164.07639082281872
2007-07-10,124.38,1510.12,161.7488914119235
2007-07-11,125.28,1518.76,162.67432145840922
2007-07-12,127.31,1547.7,165.77408367430004
2007-07-13,127.66,1552.5,166.28821147790322
2007-07-16,127.63,1549.52,165.9690237998329
2007-07-17,127.55,1549.37,165.9529573059703
2007-07-18,127.23,1546.17,165.61020543690154
2007-07-19,127.63,1553.08,166.35033525417194
2007-07-20,126.43,1534.1,164.3173882307577
2007-07-23,126.75,1541.57,165.11749962511516
2007-07-24,124.59,1511.04,161.8474325742808
2007-07-25,124.77,1518.09,162.60255778582294
2007-07-26,121.76,1482.67,158.80872303506783
2007-07-27,119.31,1458.95,156.26807480559546
2007-07-30,121.17,1473.91,157.87043979349207
2007-07-31,119.64,1455.28,155.8749812557572
2007-08-01,120.29,1465.81,157.00284912491165
2007-08-02,121.25,1472.2,157.68728176345837
2007-08-03,118.08,1433.06,153.49499796491077
2007-08-06,120.11,1467.67,157.20207364880787
2007-08-07,121.31,1476.71,158.1703476789272
2007-08-08,123.07,1497.49,160.39609262869263
2007-08-09,119.31,1453.09,155.64041044536322
2007-08-10,118.74,1453.64,155.6993209228594
2007-08-13,119.06,1452.92,155.62220175231894
2007-08-14,117.36,1426.54,152.79664103168312
2007-08-15,115.75,1406.7,150.67157944345666
2007-08-16,116.57,1411.27,151.16107195647052
2007-08-17,118.65,1445.94,154.87457423791264
2007-08-20,118.57,1445.55,154.83280135386988
2007-08-21,118.67,1447.12,155.00096398963174
2007-08-22,120.19,1464.07,156.81647779610546
2007-08-23,120.0,1462.5,156.64831516034357
2007-08-24,121.4,1479.37,158.45526017009058
2007-08-27,120.27,1466.79,157.10781688481393
2007-08-28,117.69,1432.36,153.42002099355196
2007-08-29,119.92,1463.76,156.7832737087894
2007-08-30,119.59,1457.64,156.12776075919538
2007-08-31,120.84,1473.99,157.8790085902187
2007-09-04,121.89,1489.42,159.53171525888473
2007-09-05,120.82,1472.29,157.69692165977588
2007-09-06,121.07,1478.55,158.36743000364172
2007-09-07,119.45,1453.55,155.68968102654182
2007-09-10,119.08,1451.7,155.49152760223643
2007-09-11,120.52,1471.49,157.6112336925087
2007-09-12,120.8,1471.56,157.61873138964458
2007-09-13,121.52,1483.95,158.94582378269527
2007-09-14,121.52,1484.25,158.97795677042046
2007-09-17,120.85,1476.65,158.1639210813821
2007-09-18,124.36,1519.78,162.78357361667483
2007-09-19,125.05,1529.03,163.7743407382018
2007-09-20,124.26,1518.75,162.67325035881834
2007-09-21,124.48,1525.75,163.4230200724063
2007-09-24,124.26,1517.74,162.5650693001435
2007-09-25,124.03,1517.22,162.50937212141983
2007-09-26,124.62,1525.42,163.3876737859086
2007-09-27,125.29,1531.38,164.02604914204923
2007-09-28,124.76,1526.75,163.53013003149033
2007-10-01,126.26,1547.04,165.7033911013046
2007-10-02,126.1,1546.63,165.65947601808017
2007-10-03,125.8,1539.6,164.90649300571965
2007-10-04,125.92,1542.84,165.2535292731518
2007-10-05,127.42,1557.59,166.83340116964075
2007-10-08,126.77,1552.58,166.29678027462992
2007-10-09,127.87,1565.15,167.64315246031578
2007-10-10,127.62,1562.47,167.35609776997066
2007-10-11,126.97,1554.41,166.49279149975368
2007-10-12,127.72,1561.8,167.2843340973844
2007-10-15,126.57,1548.71,165.8822647329749
2007-10-16,125.53,1538.53,164.79188534949984
2007-10-17,125.94,1541.24,165.08215333861747
2007-10-18,125.47,1540.08,164.95790578608003
2007-10-19,122.15,1500.63,160.73241790021643
2007-10-22,122.78,1506.33,161.3429446669952
2007-10-23,123.75,1519.59,162.763222724449
2007-10-24,123.46,1515.88,162.3658447762474
2007-10-25,123.71,1514.41,162.20839313639394
2007-10-26,125.13,1535.28,164.44377798247692
2007-10-29,125.49,1540.98,165.0543047492557
2007-10-30,124.6,1531.02,163.98748955677908
2007-10-31,126.13,1549.38,165.95402840556125
2007-11-01,122.96,1508.44,161.56894668066246
2007-11-02,123.1,1509.65,161.6985497311541
2007-11-05,122.13,1502.17,160.8973672372058
2007-11-06,123.71,1520.27,162.8360574966261
2007-11-07,120.28,1475.62,158.05359782352568
2007-11-08,119.69,1474.77,157.9625543583043
2007-11-09,118.03,1453.7,155.7057475204045
2007-11-12,116.83,1439.18,154.15051091450488
2007-11-13,120.32,1481.05,158.63520490135176
2007-11-14,119.9,1470.58,157.51376362974233
2007-11-15,118.27,1451.15,155.43261712474032
2007-11-16,118.46,1458.74,156.24558171418784
2007-11-19,116.61,1433.27,153.51749105631848
2007-11-20,117.3,1439.7,154.20620809322858
2007-11-21,115.01,1416.77,151.75017673143256
2007-11-23,116.98,1440.7,154.31331805231258
2007-11-26,114.32,1407.22,150.7272766221804
2007-11-27,115.72,1428.23,152.97765686253516
2007-11-28,119.29,1469.02,157.34667209357133
2007-11-29,119.37,1469.72,157.42164906493014
2007-11-30,120.36,1481.14,158.64484479766938
2007-12-03,119.69,1472.42,157.71084595445694
2007-12-04,118.7,1462.79,156.67937704847805
2007-12-05,120.63,1485.01,159.05936033932446
2007-12-06,122.29,1507.35,161.45219682526093
2007-12-07,122.27,1504.66,161.16407103532498
2007-12-10,123.2,1515.96,162.3744135729741
2007-12-11,119.9,1477.65,158.27103104046626
2007-12-12,120.89,1486.59,159.22859407467715
2007-12-13,120.71,1488.41,159.42353420021
2007-12-14,119.08,1467.95,157.23206443735145
2007-12-17,117.33,1445.9,154.87028983954934
2007-12-18,118.12,1454.98,155.84284826803201
2007-12-19,118.0,1453.0,155.6307705490457
2007-12-20,118.78,1460.12,156.39339345772376
2007-12-21,120.65,1484.46,159.00044986182823
2007-12-24,121.34,1496.45,160.28469827124533
2007-12-26,121.6,1497.66,160.41430132173696
2007-12-27,119.99,1476.37,158.13393029283867
2007-12-28,119.65,1478.49,158.36100340609676
2007-12-31,118.98,1468.36,157.27597952057587
2008-01-02,117.47,1447.16,155.00524838799518
2008-01-03,117.49,1447.16,155.00524838799518
2008-01-04,114.61,1411.63,151.1996315417408
2008-01-07,114.49,1416.18,151.686981855573
2008-01-08,112.52,1390.19,148.90319401897997
2008-01-09,113.69,1409.13,150.9318566440309
2008-01-10,114.45,1420.33,152.13148818577164
2008-01-11,113.39,1401.02,150.0631948758597
2008-01-14,114.39,1416.25,151.69447955270894
2008-01-15,111.8,1380.95,147.9134979970439
2008-01-16,110.83,1373.2,147.08339581414293
2008-01-17,107.91,1333.25,142.8043529487373
2008-01-18,106.74,1325.19,141.94104667852028
2008-01-22,105.45,1310.5,140.36760137957637
2008-01-23,108.05,1338.6,143.37739122983663
2008-01-24,108.92,1352.07,144.82016237869806
2008-01-25,107.45,1330.61,142.5215826567555
2008-01-28,109.1,1353.97,145.02367130095766
2008-01-29,109.7,1362.3,145.9158972601273
2008-01-30,108.77,1355.81,145.2207536256722
2008-01-31,111.11,1378.55,147.65643409524225
2008-02-01,112.52,1395.42,149.4633791049893
2008-02-04,111.05,1380.82,147.89957370236294
2008-02-05,108.19,1336.64,143.16745571003202
2008-02-06,107.12,1326.45,142.0760052269661
2008-02-07,107.95,1336.91,143.19637539898469
2008-02-08,107.14,1331.29,142.59441742893262
2008-02-11,107.79,1339.13,143.43415950815117
2008-02-12,108.71,1348.86,144.47633941003843
2008-02-13,109.84,1367.21,146.44180715922977
2008-02-14,108.81,1348.86,144.47633941003843
2008-02-15,108.84,1350.0,144.5984447633942
2008-02-19,109.18,1348.78,144.46777061331173
2008-02-20,109.46,1360.03,145.6727576530067
2008-02-21,108.49,1342.53,143.79833336903678
2008-02-22,109.18,1353.11,144.93155673614544
2008-02-25,110.47,1371.8,146.93344187142534
2008-02-26,111.37,1381.29,147.94991538313246
2008-02-27,111.19,1380.02,147.8138857350958
2008-02-28,110.0,1367.68,146.4921488399993
2008-02-29,107.22,1330.63,142.52372485593725
2008-03-03,107.28,1331.34,142.59977292688686
2008-03-04,106.88,1326.75,142.10813821469134
2008-03-05,107.57,1333.7,142.85255243032512
2008-03-06,105.35,1304.34,139.707804031619
2008-03-07,104.12,1293.37,138.53280778046755
2008-03-10,102.73,1273.37,136.39060859878765
2008-03-11,106.64,1320.65,141.454767464279
2008-03-12,105.47,1308.77,140.18230115036113
2008-03-13,105.77,1315.48,140.90100897581476
2008-03-14,103.98,1288.14,137.97262269445832
2008-03-17,102.9,1276.6,136.736573766629
2008-03-18,107.28,1330.74,142.53550695143653
2008-03-19,104.51,1298.42,139.0737130738418
2008-03-20,106.54,1329.51,142.40376170176322
2008-03-24,108.69,1349.88,144.5855915683042
2008-03-25,108.69,1352.99,144.9187035410554
2008-03-26,107.4,1341.13,143.64837942631922
2008-03-27,106.94,1325.76,142.0020993551982
2008-03-28,106.08,1315.22,140.8731603864529
2008-03-31,106.48,1322.7,141.67434288040118
2008-04-01,110.22,1370.18,146.7599237377093
2008-04-02,110.26,1367.53,146.4760823461367
2008-04-03,110.46,1369.31,146.66673807330622
2008-04-04,110.34,1370.4,146.7834879287078
2008-04-07,110.36,1372.54,147.01270324114753
2008-04-08,110.26,1365.54,146.26293352755957
2008-04-09,109.39,1354.49,145.07936847968142
2008-04-10,109.59,1360.55,145.72845483173043
2008-04-11,107.4,1332.83,142.75936676592207
2008-04-14,107.06,1328.32,142.27630085045325
2008-04-15,107.44,1334.43,142.93074270045648
2008-04-16,110.26,1364.71,146.17403226151984
2008-04-17,110.36,1365.56,146.26507572674123
2008-04-18,111.63,1390.33,148.91818941325178
2008-04-21,111.65,1388.17,148.68683190163037
2008-04-22,111.04,1375.94,147.3768771020331
2008-04-23,110.86,1379.93,147.80424583877823
2008-04-24,111.46,1388.82,148.75645337503494
2008-04-25,112.35,1397.84,149.7225852059726
2008-04-28,112.39,1396.37,149.5651335661191
2008-04-29,111.89,1390.94,148.98352648829302
2008-04-30,111.46,1385.59,148.41048820719362
2008-05-01,113.51,1409.34,150.9543497354385
2008-05-02,113.86,1413.9,151.44277114886154
2008-05-05,113.25,1407.49,150.75619631113312
2008-05-06,114.26,1418.26,151.90977057046774
2008-05-07,112.21,1392.57,149.1581157215999
2008-05-08,111.95,1397.68,149.70544761251912
2008-05-09,111.71,1388.28,148.69861399712954
2008-05-12,112.97,1403.58,150.33739637111466
2008-05-13,112.97,1403.04,150.2795569932093
2008-05-14,113.21,1408.66,150.88151496326137
2008-05-15,114.56,1423.57,152.47852445320373
2008-05-16,114.66,1425.35,152.66918018037325
2008-05-19,114.98,1426.63,152.80628092800077
2008-05-20,114.0,1413.4,151.3892161693195
2008-05-21,112.03,1390.71,148.95889119770362
2008-05-22,112.05,1394.35,149.34877144876936
2008-05-23,110.46,1375.93,147.37580600244218
2008-05-27,111.36,1385.35,148.3847818170134
2008-05-28,111.91,1390.84,148.9728154923845
2008-05-29,112.41,1398.26,149.76757138878776
2008-05-30,112.63,1400.38,149.99464450204582
2008-06-02,111.42,1385.67,148.41905700392024
2008-06-03,110.86,1377.65,147.56003513206662
2008-06-04,110.78,1377.2,147.51183565047882
2008-06-05,113.01,1404.05,150.3877380518841
2008-06-06,109.33,1360.68,145.7423791264112
2008-06-09,109.65,1361.76,145.8580578822219
2008-06-10,109.07,1358.44,145.50245281806306
2008-06-11,107.42,1335.49,143.04427925708535
2008-06-12,107.85,1339.87,143.51342087787322
2008-06-13,109.17,1360.03,145.67275765300658
2008-06-16,109.19,1360.14,145.68453974850584
2008-06-17,108.63,1350.93,144.69805702534225
2008-06-18,107.49,1337.81,143.29277436216023
2008-06-19,107.71,1342.83,143.8304663567619
2008-06-20,105.9,1317.93,141.16342837557042
2008-06-23,105.84,1318.0,141.1709260727063
2008-06-24,105.62,1314.29,140.77354812450466
2008-06-25,106.18,1321.97,141.59615261026977
2008-06-26,103.13,1283.15,137.43814399862907
2008-06-27,102.77,1278.38,136.92722949379842
2008-06-30,102.85,1280.0,137.1007476275145
2008-07-01,103.27,1284.91,137.62665752661692
2008-07-02,101.38,1261.52,135.12135558364227
2008-07-03,101.56,1262.9,135.2691673271782
2008-07-07,100.5,1252.31,134.13487286047865
2008-07-08,102.27,1273.7,136.42595488528534
2008-07-09,100.2,1244.69,133.3186949722586
2008-07-10,100.72,1253.39,134.25055161628939
2008-07-11,99.54,1239.49,132.76172318502182
2008-07-14,98.61,1228.3,131.5631627428719
2008-07-15,97.27,1214.91,130.1289603907372
2008-07-16,99.64,1245.36,133.39045864484487
2008-07-17,100.64,1260.32,134.99282363274145
2008-07-18,101.2,1260.68,135.0313832180117
2008-07-21,101.28,1260.0,134.9585484458346
2008-07-22,102.31,1277.0,136.77941775026252
2008-07-23,102.97,1282.19,137.33531843790848
2008-07-24,100.66,1252.54,134.159508151068
2008-07-25,100.66,1257.76,134.71862213748645
2008-07-28,99.16,1234.37,132.21332019451177
2008-07-29,101.3,1263.2,135.3013003149034
2008-07-30,103.15,1284.26,137.55703605321233
2008-07-31,101.73,1267.38,135.7490199438745
2008-08-01,101.18,1260.31,134.99175253315062
2008-08-04,100.26,1249.02,133.78248109509232
2008-08-05,103.01,1284.88,137.6234442278444
2008-08-06,103.39,1289.19,138.08508815149642
2008-08-07,101.81,1266.07,135.60870589747444
2008-08-08,103.75,1296.32,138.8487821597653
2008-08-11,104.78,1305.32,139.81277179152127
2008-08-12,103.69,1289.59,138.12793213513
2008-08-13,103.13,1285.83,137.7251986889742
2008-08-14,103.87,1292.93,138.48567939847058
2008-08-15,104.35,1298.2,139.05014888284322
2008-08-18,102.93,1278.6,136.95079368479688
2008-08-19,101.85,1266.69,135.6751140721065
2008-08-20,102.27,1274.54,136.51592725091587
2008-08-21,102.41,1277.72,136.856536920803
2008-08-22,103.75,1292.2,138.40748912833928
2008-08-25,101.69,1266.84,135.69118056596912
2008-08-26,102.11,1271.51,136.19138407489137
2008-08-27,102.93,1281.66,137.27855015959392
2008-08-28,104.21,1300.68,139.3157815813715
2008-08-29,102.97,1282.83,137.40386881172216
2008-09-02,102.49,1277.58,136.8415415265312
2008-09-03,102.39,1274.98,136.5630556329128
2008-09-04,99.28,1236.83,132.47681069385837
2008-09-05,99.64,1242.31,133.06377326963866
2008-09-08,101.73,1267.79,135.79293502709888
2008-09-09,98.47,1224.51,131.15721599794355
2008-09-10,99.02,1232.04,131.96375398984603
2008-09-11,100.44,1249.05,133.7856943938648
2008-09-12,100.94,1251.7,134.0695357854374
2008-09-15,95.93,1192.7,127.75004819948167
2008-09-16,97.55,1213.59,129.98757524474632
2008-09-17,93.28,1156.39,123.86088558514179
2008-09-18,96.51,1206.52,129.23030783402248
2008-09-19,99.94,1255.08,134.4315674471413
2008-09-22,97.35,1207.09,129.29136051070034
2008-09-23,95.21,1188.22,127.27019558278536
2008-09-24,95.69,1185.87,127.01848717893796
2008-09-25,97.33,1209.18,129.5152203251859
2008-09-26,97.41,1213.01,129.9254514684776
2008-09-29,89.73,1106.39,118.505387630942
2008-09-30,93.76,1166.36,124.9287718772092
2008-10-01,93.72,1161.07,124.36216019365486
2008-10-02,90.19,1114.28,119.3504852081147
2008-10-03,88.89,1099.23,117.73848032390057
2008-10-06,84.48,1056.89,113.2034446562842
2008-10-07,80.67,996.23,106.70615453824902
2008-10-08,78.68,984.94,105.49688310019071
2008-10-09,73.19,909.92,97.46149396970934
2008-10-10,71.47,899.22,96.3154174075106
2008-10-13,81.55,1003.35,107.46877744692706
2008-10-14,80.39,998.01,106.89681026541852
2008-10-15,72.45,907.84,97.23870525481465
2008-10-16,75.48,946.43,101.37207857586603
2008-10-17,74.87,940.55,100.74227201645213
2008-10-20,79.45,985.4,105.54615368136933
2008-10-21,76.94,955.05,102.29536642317007
2008-10-22,72.41,896.78,96.05406910734564
2008-10-23,73.41,908.11,97.26762494376732
2008-10-24,69.46,876.77,93.91079882607488
2008-10-27,66.95,848.92,90.9277864655856
2008-10-28,75.3,940.51,100.73798761808878
2008-10-29,74.35,930.09,99.62190184443355
2008-10-30,77.12,954.09,102.19254086244946
2008-10-31,77.58,968.75,103.76277286262085
2008-11-03,77.76,966.3,103.50035346286505
2008-11-04,80.47,1005.75,107.72584134872868
2008-11-05,76.84,952.77,102.05115571645858
2008-11-06,72.55,904.88,96.92165977592603
2008-11-07,75.1,930.99,99.71830080760917
2008-11-10,73.91,919.21,98.4565454895997
2008-11-11,71.63,898.95,96.28649771855795
2008-11-12,68.46,852.3,91.28981812728955
2008-11-13,72.81,911.29,97.60823461365446
2008-11-14,69.1,873.29,93.53805616846263
2008-11-17,68.26,850.75,91.12379769070938
2008-11-18,69.5,859.12,92.02030804824243
2008-11-19,65.17,806.58,86.3927507979693
2008-11-20,60.02,752.44,80.59381761316178
2008-11-21,63.53,800.03,85.69118056596913
2008-11-24,68.02,851.81,91.23733424733844
2008-11-25,68.44,857.39,91.83500781902714
2008-11-26,71.08,887.68,95.07936847968138
2008-11-28,71.81,896.24,95.99622972944039
2008-12-01,65.43,816.21,87.42421970394821
2008-12-02,68.1,848.81,90.91600437008647
2008-12-03,69.66,870.74,93.2649257727985
2008-12-04,67.98,845.22,90.53147961697493
2008-12-05,69.98,876.07,93.8358218547162
2008-12-08,72.57,909.7,97.43792977871098
2008-12-09,71.35,888.67,95.18540733917455
2008-12-10,71.85,899.24,96.3175596066924
2008-12-11,70.18,873.59,93.57018915618791
2008-12-12,71.06,879.73,94.22784430496364
2008-12-15,70.0,868.57,93.03249716158625
2008-12-16,73.25,913.18,97.81067243632329
2008-12-17,72.47,904.42,96.87238919474748
2008-12-18,71.63,885.28,94.8223045778798
2008-12-19,70.72,887.88,95.1007904714982
2008-12-22,69.92,871.63,93.36025363638326
2008-12-23,68.9,863.16,92.45303228294182
2008-12-24,69.42,868.15,92.98751097877097
2008-12-26,69.74,872.8,93.48557228851155
2008-12-29,69.86,869.42,93.12354062680764
2008-12-30,71.29,890.64,95.39641395857004
2008-12-31,72.23,903.25,96.74707054261924
2009-01-02,74.27,931.8,99.80505987446732
2009-01-05,74.44,927.45,99.33913155245195
2009-01-06,74.68,934.7,100.11567875581092
2009-01-07,72.65,906.65,97.11124440350483
2009-01-08,72.77,909.73,97.44114307748355
2009-01-09,71.06,890.35,95.3653520704357
2009-01-12,69.66,870.26,93.21351299243823
2009-01-13,69.7,871.79,93.37739122983673
2009-01-14,67.39,842.62,90.25299372335658
2009-01-15,67.35,843.74,90.37295687753065
2009-01-16,68.1,850.12,91.05631841648656
2009-01-20,64.68,805.22,86.24708125361515
2009-01-21,67.15,840.24,89.99807202073669
2009-01-22,66.25,827.5,88.63349114200658
2009-01-23,66.09,831.95,89.11013045993037
2009-01-26,66.67,836.57,89.60497847089843
2009-01-27,67.35,845.71,90.58396349692615
2009-01-28,69.94,874.09,93.62374413572994
2009-01-29,67.63,845.14,90.52291082024826
2009-01-30,66.01,825.88,88.4599730082905
2009-02-02,65.91,825.44,88.41284462629355
2009-02-03,66.73,838.51,89.81277179152137
2009-02-04,66.59,832.23,89.14012124847387
2009-02-05,67.45,845.85,90.59895889119791
2009-02-06,69.64,868.6,93.03571046035881
2009-02-09,69.42,869.89,93.17388230757717
2009-02-10,66.37,827.16,88.59707375591802
2009-02-11,66.73,833.74,89.30185728669072
2009-02-12,67.05,835.19,89.45716672736252
2009-02-13,65.81,826.84,88.56279856901115
2009-02-17,63.04,789.17,84.52796641031702
2009-02-18,62.56,788.42,84.44763394100403
2009-02-19,62.56,778.94,83.43223152888775
2009-02-20,61.76,770.05,82.48002399263102
2009-02-23,59.79,743.33,79.61804588590665
2009-02-24,61.7,773.14,82.81099376620057
2009-02-25,61.11,764.9,81.92840770334844
2009-02-26,60.35,752.83,80.63559049720462
2009-02-27,58.93,735.09,78.73545982305453
2009-03-02,56.62,700.82,75.064801525246
2009-03-03,55.34,696.33,74.58387780895886
2009-03-04,56.86,712.87,76.35547653220816
2009-03-05,55.05,682.55,73.1079025727814
2009-03-06,55.19,683.38,73.19680383882113
2009-03-09,54.25,676.53,72.46310061909575
2009-03-10,57.46,719.6,77.07632655684345
2009-03-11,57.82,721.36,77.26484008483129
2009-03-12,60.31,750.74,80.41173068271908
2009-03-13,60.81,756.55,81.03403954499709
2009-03-16,60.77,753.89,80.74912705383366
2009-03-17,62.48,778.12,83.34440136243889
2009-03-18,63.79,794.35,85.08279599837215
2009-03-19,62.87,784.04,83.97849232021615
2009-03-20,61.58,768.54,82.3182879544142
2009-03-23,65.87,822.92,88.1429275294019
2009-03-24,64.76,806.12,86.34348021679078
2009-03-25,65.14,813.88,87.17465349928258
2009-03-26,66.68,832.86,89.20760052269682
2009-03-27,65.77,815.94,87.39530001499561
2009-03-30,63.21,787.53,84.35230607741927
2009-03-31,64.06,797.87,85.4598230543478
2009-04-01,65.23,811.08,86.87474561384738
2009-04-02,67.34,834.38,89.37040766050448
2009-04-03,67.74,842.5,90.24014052826652
2009-04-06,66.94,835.48,89.48822861549688
2009-04-07,65.61,815.55,87.35352713095284
2009-04-08,66.29,825.16,88.38285383775005
2009-04-09,68.71,856.56,91.74610655298753
2009-04-13,68.83,858.73,91.97853516419981
2009-04-14,67.72,841.5,90.13303056918257
2009-04-15,68.39,852.06,91.26411173710956
2009-04-16,69.44,865.3,92.68224759538167
2009-04-17,69.86,869.6,93.14282041944286
2009-04-20,67.14,832.39,89.15725884192736
2009-04-21,68.33,850.08,91.05203401812325
2009-04-22,67.46,843.55,90.35260598530475
2009-04-23,68.41,851.92,91.24911634283781
2009-04-24,69.84,866.23,92.78185985732979
2009-04-27,69.05,857.51,91.84786101411734
2009-04-28,68.65,855.16,91.59615261026994
2009-04-29,70.04,873.64,93.57554465414219
2009-04-30,70.12,872.81,93.48664338810248
2009-05-01,70.61,877.52,93.9911312953881
2009-05-04,72.76,907.24,97.17443927936446
2009-05-05,72.82,903.8,96.80598102011551
2009-05-06,73.93,919.53,98.49082067650676
2009-05-07,73.1,907.39,97.19050577322704
2009-05-08,74.53,929.23,99.52978727962152
2009-05-11,73.27,909.24,97.38865919753243
2009-05-12,73.08,908.35,97.29333133394768
2009-05-13,71.35,883.92,94.67663503352564
2009-05-14,71.69,893.07,95.65669115914422
2009-05-15,71.17,882.88,94.56524067607829
2009-05-18,73.1,909.71,97.43900087830191
2009-05-19,73.06,908.13,97.26976714294919
2009-05-20,72.54,903.47,96.77063473361778
2009-05-21,71.63,888.33,95.14898995308609
2009-05-22,71.33,887.0,95.00653370750437
2009-05-26,73.24,910.33,97.50540905293401
2009-05-27,71.94,893.06,95.65562005955339
2009-05-28,72.94,906.83,97.13052419614002
2009-05-29,73.99,919.14,98.449047792464
2009-06-01,75.68,942.87,100.99076712152724
2009-06-02,75.97,944.74,101.1910627450143
2009-06-03,75.1,931.76,99.80077547610404
2009-06-04,75.8,942.46,100.9468520383028
2009-06-05,75.8,940.09,100.69300143527371
2009-06-08,75.66,939.14,100.59124697414391
2009-06-09,75.72,942.43,100.94363873953026
2009-06-10,75.8,939.15,100.59231807373475
2009-06-11,75.92,944.89,101.20712923887689
2009-06-12,76.15,946.21,101.34851438486778
2009-06-15,74.43,923.72,98.93961140506872
2009-06-16,73.48,911.97,97.68106938583176
2009-06-17,73.27,910.71,97.54611083738592
2009-06-18,73.92,918.37,98.36657312396933
2009-06-19,74.12,921.23,98.67290760694956
2009-06-22,71.92,893.04,95.65347786037172
2009-06-23,72.06,895.1,95.87412437608477
2009-06-24,72.69,900.94,96.4996465371353
2009-06-25,74.18,920.26,98.5690109466381
2009-06-26,73.98,918.9,98.42334140228387
2009-06-29,74.57,927.23,99.31556736145356
2009-06-30,74.1,919.32,98.46832758509915
2009-07-01,74.41,923.33,98.89783852102597
2009-07-02,72.3,896.42,96.01550952207563
2009-07-06,72.48,898.72,96.26186242796884
2009-07-07,71.17,881.03,94.36708725177294
2009-07-08,70.72,879.56,94.20963561191947
2009-07-09,71.15,882.68,94.54381868426154
2009-07-10,70.76,879.13,94.16357832951336
2009-07-13,72.48,901.05,96.51142863263453
2009-07-14,72.97,905.84,97.02448533664689
2009-07-15,75.05,932.68,99.89931663846133
2009-07-16,75.74,940.74,100.76262290867835
2009-07-17,75.84,940.38,100.72406332340812
2009-07-20,76.81,951.13,101.87549538356107
2009-07-21,77.18,954.58,102.24502474240086
2009-07-22,76.85,954.07,102.19039866326801
2009-07-23,78.43,976.29,104.5703819541144
2009-07-24,79.14,979.26,104.88849853259387
2009-07-27,79.32,982.18,105.20125961311913
2009-07-28,79.0,979.62,104.9270581178641
2009-07-29,78.92,975.15,104.44827660075865
2009-07-30,79.51,986.75,105.69075212613299
2009-07-31,79.69,987.48,105.76894239626432
2009-08-03,81.0,1002.63,107.39165827638685
2009-08-04,81.33,1005.65,107.71513035282052
2009-08-05,81.0,1002.72,107.40129817270443
2009-08-06,80.54,997.08,106.79719800347068
2009-08-07,81.47,1010.48,108.23247145519623
2009-08-10,81.55,1007.1,107.87043979349234
2009-08-11,80.38,994.35,106.50478781517138
2009-08-12,81.12,1005.81,107.73226794627398
2009-08-13,82.04,1012.73,108.47346886313525
2009-08-14,81.41,1004.09,107.54803881664952
2009-08-17,79.18,979.73,104.93884021336338
2009-08-18,80.09,989.67,106.00351320665828
2009-08-19,80.7,996.46,106.73078982883864
2009-08-20,81.33,1007.37,107.89935948244504
2009-08-21,82.99,1026.13,109.90874231486082
2009-08-24,82.93,1025.57,109.84876073777376
2009-08-25,83.05,1028.0,110.10903793834788
2009-08-26,83.11,1028.12,110.12189113343796
2009-08-27,83.31,1030.98,110.4282256164182
2009-08-28,83.17,1028.93,110.208650200296
2009-08-31,82.54,1020.63,109.31963753989884
2009-09-01,80.66,998.04,106.90002356419136
2009-09-02,80.48,994.75,106.54763179880501
2009-09-03,81.08,1003.24,107.45699535142815
2009-09-04,82.08,1016.4,108.86656241297354
2009-09-08,82.97,1025.39,109.82948094513867
2009-09-09,83.57,1033.37,110.68421841862894
2009-09-10,84.32,1044.14,111.8377926779636
2009-09-11,84.3,1042.73,111.68676763565516
2009-09-14,84.81,1049.34,112.39476446520037
2009-09-15,85.01,1052.63,112.74715623058674
2009-09-16,86.43,1068.76,114.47483987061159
2009-09-17,86.37,1065.48,114.12351920481609
2009-09-18,86.23,1068.3,114.42556928943296
2009-09-21,86.19,1064.66,114.03568903836722
2009-09-22,86.74,1071.66,114.78545875195519
2009-09-23,86.07,1060.87,113.62974229343885
2009-09-24,84.87,1050.78,112.54900280628134
2009-09-25,84.61,1044.38,111.86349906814378
2009-09-28,86.07,1062.98,113.8557443071061
2009-09-29,85.72,1060.61,113.60189370407701
2009-09-30,85.58,1057.08,113.22379554851051
2009-10-01,83.51,1029.85,110.3071913626533
2009-10-02,83.04,1025.21,109.81020115250357
2009-10-05,84.24,1040.46,111.4436280285345
2009-10-06,85.22,1054.72,112.9710160450723
2009-10-07,85.62,1057.59,113.27842162764335
2009-10-08,86.46,1065.48,114.12351920481609
2009-10-09,86.8,1071.49,114.7672500589109
2009-10-12,87.09,1076.19,115.27066686660568
2009-10-13,86.86,1073.19,114.94933698935368
2009-10-14,88.41,1092.02,116.96621751890531
2009-10-15,88.57,1096.56,117.45249673314665
2009-10-16,87.94,1087.68,116.50136029648077
2009-10-19,88.67,1097.91,117.59709517791006
2009-10-20,88.55,1091.06,116.86339195818468
2009-10-21,87.61,1081.4,115.8287097534333
2009-10-22,88.65,1092.91,117.06154538249011
2009-10-23,87.53,1079.6,115.63591182708211
2009-10-26,86.68,1066.95,114.28097084466958
2009-10-27,86.19,1063.42,113.90287268910308
2009-10-28,84.4,1042.63,111.6760566397468
2009-10-29,86.27,1066.11,114.19099847903901
2009-10-30,83.96,1036.2,110.9873396028367
2009-11-02,84.44,1042.88,111.7028341295178
2009-11-03,84.67,1045.41,111.9738223260003
2009-11-04,85.09,1046.5,112.09057218140184
2009-11-05,86.41,1066.63,114.24669565776269
2009-11-06,86.66,1069.3,114.53267924851693
2009-11-09,88.73,1093.08,117.07975407553435
2009-11-10,88.75,1093.01,117.07225637839848
2009-11-11,89.1,1098.51,117.66136115336046
2009-11-12,88.37,1087.24,116.45423191448383
2009-11-13,88.71,1093.48,117.12259805916797
2009-11-16,89.91,1109.3,118.81707761187677
2009-11-17,90.01,1110.32,118.92632977014244
2009-11-18,90.09,1109.8,118.87063259141877
2009-11-19,88.93,1094.9,117.27469420106725
2009-11-20,88.59,1091.38,116.89766714509157
2009-11-23,89.71,1106.24,118.48932113707974
2009-11-24,89.65,1105.65,118.42612626122019
2009-11-25,90.13,1110.63,118.95953385745851
2009-11-27,88.55,1091.49,116.9094492405908
2009-11-30,88.97,1095.63,117.35288447119856
2009-12-01,90.09,1108.86,118.76994922987981
2009-12-02,90.05,1109.23,118.8095799147409
2009-12-03,89.24,1099.92,117.81238619566889
2009-12-04,90.05,1105.98,118.4614725477179
2009-12-07,89.71,1103.25,118.16906235941859
2009-12-08,88.59,1091.94,116.9576487221786
2009-12-09,89.04,1095.95,117.38715965810543
2009-12-10,89.56,1102.35,118.07266339624299
2009-12-11,90.05,1106.41,118.50752983012404
2009-12-14,90.48,1114.11,119.3322765150708
2009-12-15,90.11,1107.93,118.67033696793172
2009-12-16,90.26,1109.18,118.80422441678671
2009-12-17,89.32,1096.08,117.40108395278635
2009-12-18,89.6,1102.47,118.08551659133309
2009-12-21,90.46,1114.05,119.32584991752576
2009-12-22,90.89,1118.02,119.75107645508923
2009-12-23,91.05,1120.59,120.0263490499351
2009-12-24,91.58,1126.48,120.65722670893986
2009-12-28,91.66,1127.78,120.79646965574905
2009-12-29,91.56,1126.2,120.62723592039634
2009-12-30,91.58,1126.42,120.65080011139483
2009-12-31,90.66,1115.1,119.43831537456397
2010-01-04,92.13,1132.98,121.35344144298583
2010-01-05,92.42,1136.52,121.73261069814318
2010-01-06,92.48,1137.14,121.79901887277526
2010-01-07,92.85,1141.7,122.28744028619829
2010-01-08,93.17,1144.98,122.6387609519938
2010-01-11,93.26,1146.98,122.8529808701618
2010-01-12,92.56,1136.22,121.700477710418
2010-01-13,93.17,1145.68,122.71373792335261
2010-01-14,93.48,1148.46,123.01150360960611
2010-01-15,92.42,1136.03,121.68012681819202
2010-01-19,93.52,1150.23,123.20108823718476
2010-01-20,92.56,1138.04,121.89541783595084
2010-01-21,90.68,1116.48,119.5861271180999
2010-01-22,89.05,1091.76,116.9383689295435
2010-01-25,89.17,1096.79,117.47713202373599
2010-01-26,88.75,1092.17,116.98228401276793
2010-01-27,89.34,1097.5,117.55318009468563
2010-01-28,88.09,1084.53,116.1639639253662
2010-01-29,87.38,1073.87,115.0221717615308
2010-02-01,88.66,1089.19,116.66309633469763
2010-02-02,89.56,1103.32,118.17656005655448
2010-02-03,89.5,1097.28,117.52961590368714
2010-02-04,86.66,1063.11,113.869668601787
2010-02-05,86.5,1066.19,114.19956727576573
2010-02-08,86.19,1056.74,113.18737816242196
2010-02-09,87.03,1070.52,114.66335339859943
2010-02-10,86.79,1068.14,114.40843169597952
2010-02-11,87.87,1078.47,115.5148775733172
2010-02-12,88.07,1075.51,115.19783209442856
2010-02-16,89.24,1094.87,117.27148090229471
2010-02-17,89.75,1099.51,117.76847111244446
2010-02-18,90.24,1106.75,118.54394721621259
2010-02-19,90.3,1109.17,118.80315331719585
2010-02-22,90.4,1108.02,118.67997686424924
2010-02-23,89.56,1094.6,117.242561213342
2010-02-24,90.07,1105.24,118.38221117799571
2010-02-25,89.97,1102.94,118.13585827210254
2010-02-26,90.07,1104.49,118.30187870868272
2010-03-01,90.97,1115.71,119.50365244960514
2010-03-02,91.21,1118.31,119.78213834322352
2010-03-03,91.3,1118.79,119.83355112358383
2010-03-04,91.6,1122.97,120.28127075255495
2010-03-05,92.77,1138.7,121.96611040894621
2010-03-08,92.81,1138.51,121.94575951672024
2010-03-09,93.09,1140.45,122.15355283734318
2010-03-10,93.52,1145.61,122.70624022621658
2010-03-11,93.91,1150.24,123.20215933677548
2010-03-12,93.97,1149.99,123.17538184700447
2010-03-15,93.91,1150.51,123.23107902572816
2010-03-16,94.65,1159.46,124.18971315952993
2010-03-17,95.16,1166.21,124.91270538334689
2010-03-18,95.18,1165.83,124.87200359889496
2010-03-19,94.77,1159.9,124.23684154152687
2010-03-22,95.24,1165.81,124.86986139971326
2010-03-23,95.85,1174.17,125.76530065765549
2010-03-24,95.44,1167.72,125.0744414215637
2010-03-25,95.3,1165.73,124.86129260298655
2010-03-26,95.36,1166.59,124.95340716779877
2010-03-29,95.79,1173.22,125.66354619652566
2010-03-30,95.85,1173.27,125.66890169447987
2010-03-31,95.51,1169.43,125.25759945159733
2010-04-01,96.2,1178.1,126.18624279685555
2010-04-05,96.96,1187.44,127.18664981470008
2010-04-06,97.19,1189.44,127.40086973286806
2010-04-07,96.63,1182.45,126.65217111887092
2010-04-08,97.02,1186.44,127.07953985561606
2010-04-09,97.74,1194.37,127.92892183115214
2010-04-12,97.74,1196.48,128.1549238448194
2010-04-13,97.78,1197.3,128.24275401126826
2010-04-14,98.89,1210.65,129.67267196503963
2010-04-15,99.05,1211.67,129.7819241233053
2010-04-16,97.56,1192.13,127.68899552280402
2010-04-19,97.99,1197.52,128.26631820226675
2010-04-20,98.81,1207.18,129.30100040701817
2010-04-21,98.4,1205.95,129.16925515734485
2010-04-22,98.5,1208.67,129.46059424605332
2010-04-23,99.36,1217.28,130.3828109937665
2010-04-26,99.03,1212.05,129.82262590775719
2010-04-27,96.8,1183.71,126.78712966731675
2010-04-28,97.53,1191.36,127.60652085430931
2010-04-29,98.78,1206.78,129.25815642338452
2010-04-30,97.0,1186.69,127.10631734538704
2010-05-03,98.23,1202.26,128.77401940832485
2010-05-04,96.1,1173.6,125.70424798097751
2010-05-05,95.4,1165.9,124.87950129603075
2010-05-06,92.0,1128.15,120.8361003406099
2010-05-07,90.73,1110.89,118.98738244682013
2010-05-10,94.79,1159.73,124.21863284848247
2010-05-11,94.44,1155.79,123.79661960969152
2010-05-12,95.88,1171.67,125.49752575994539
2010-05-13,94.81,1157.44,123.97335104218013
2010-05-14,93.05,1135.68,121.64263833251239
2010-05-17,92.99,1136.94,121.77759688095823
2010-05-18,91.7,1120.8,120.04884214134252
2010-05-19,90.98,1115.05,119.43295987660954
2010-05-20,87.7,1071.59,114.77796105481909
2010-05-21,88.89,1087.69,116.50243139607143
2010-05-24,87.78,1073.65,114.99860757053213
2010-05-25,87.95,1074.03,115.03930935498404
2010-05-26,86.98,1067.95,114.38808080375335
2010-05-27,90.24,1103.06,118.14871146719244
2010-05-28,89.22,1089.41,116.68666052569591
2010-06-01,87.66,1070.71,114.68370429082518
2010-06-02,89.89,1098.38,117.64743685867934
2010-06-03,90.45,1102.83,118.12407617660311
2010-06-04,87.37,1064.88,114.05925322936548
2010-06-07,85.9,1050.47,112.51579871896509
2010-06-08,86.82,1062.0,113.75077654720356
2010-06-09,86.51,1055.69,113.07491270538355
2010-06-10,88.83,1086.84,116.41138793085003
2010-06-11,89.28,1091.6,116.92123133608985
2010-06-14,89.38,1089.63,116.7102247166944
2010-06-15,91.27,1115.23,119.45223966924469
2010-06-16,91.29,1114.61,119.3858314946126
2010-06-17,91.48,1116.04,119.53899873610273
2010-06-18,91.35,1117.51,119.6964503759562
2010-06-21,91.38,1113.2,119.2348064523042
2010-06-22,89.73,1095.31,117.3186092842915
2010-06-23,89.48,1092.04,116.96835971808683
2010-06-24,88.08,1073.69,115.00289196889551
2010-06-25,88.43,1076.77,115.33279064287422
2010-06-28,88.13,1074.57,115.09714873288941
2010-06-29,85.18,1041.24,111.52717379661983
2010-06-30,84.46,1030.71,110.39930592746536
2010-07-01,84.07,1027.37,110.0415586641248
2010-07-02,83.46,1022.58,109.52850196011248
2010-07-06,84.28,1028.06,110.11546453589276
2010-07-07,87.16,1060.27,113.56547631798826
2010-07-08,87.8,1070.24,114.6333626100557
2010-07-09,88.25,1077.96,115.46025149418415
2010-07-12,88.58,1078.75,115.54486836186051
2010-07-13,89.67,1095.34,117.321822583064
2010-07-14,89.77,1095.17,117.30361389001975
2010-07-15,89.73,1096.48,117.44392793641978
2010-07-16,87.47,1064.88,114.05925322936552
2010-07-19,87.53,1071.25,114.74154366873056
2010-07-20,88.87,1083.48,116.05149846832782
2010-07-21,87.55,1069.59,114.5637411366511
2010-07-22,89.5,1093.67,117.14294895139375
2010-07-23,90.55,1102.66,118.10586748355887
2010-07-26,91.29,1115.01,119.4286754782462
2010-07-27,91.42,1113.84,119.30335682611793
2010-07-28,90.68,1106.13,118.47753904158034
2010-07-29,90.26,1101.53,117.98483322979395
2010-07-30,90.37,1101.6,117.99233092692982
2010-08-02,92.3,1125.86,120.59081853430756
2010-08-03,92.01,1120.46,120.012424755254
2010-08-04,92.53,1127.24,120.7386302778435
2010-08-05,92.45,1125.82,120.58653413594422
2010-08-06,92.12,1121.64,120.13881450697313
2010-08-09,92.61,1127.79,120.7975407553397
2010-08-10,92.14,1121.06,120.0766907307044
2010-08-11,89.28,1089.47,116.69308712324099
2010-08-12,88.8,1083.61,116.06542276300875
2010-08-13,88.54,1079.25,115.59842334140255
2010-08-16,88.62,1079.38,115.61234763608348
2010-08-17,89.61,1092.54,117.02191469762886
2010-08-18,89.42,1094.16,117.19543283134496
2010-08-19,88.15,1075.63,115.21068528951851
2010-08-20,88.06,1071.69,114.78867205072756
2010-08-23,87.67,1067.36,114.32488592789383
2010-08-24,86.38,1051.87,112.66575266168273
2010-08-25,86.77,1055.33,113.03635312011336
2010-08-26,85.97,1047.22,112.16769135194217
2010-08-27,87.53,1064.59,114.02819134123116
2010-08-30,85.99,1048.92,112.34977828238497
2010-08-31,86.25,1049.33,112.39369336560941
2010-09-01,89.01,1080.29,115.70981769884993
2010-09-02,89.65,1090.1,116.76056639746393
2010-09-03,90.8,1104.51,118.30402090786431
2010-09-07,89.79,1091.84,116.94693772627008
2010-09-08,90.45,1098.87,117.69992073863058
2010-09-09,90.72,1104.18,118.26867462136661
2010-09-10,91.31,1109.55,118.84385510164768
2010-09-13,92.24,1121.9,120.16666309633503
2010-09-14,92.2,1121.1,120.08097512906781
2010-09-15,92.62,1125.07,120.50620166663128
2010-09-16,92.76,1124.66,120.46228658340686
2010-09-17,92.53,1125.59,120.56189884535497
2010-09-20,93.92,1142.71,122.395621344873
2010-09-21,93.77,1139.78,122.0817891647569
2010-09-22,93.36,1134.28,121.49268438979493
2010-09-23,92.59,1124.83,120.48049527645117
2010-09-24,94.47,1148.67,123.03399670101365
2010-09-27,94.02,1142.16,122.33671086737684
2010-09-28,94.35,1147.7,122.93010004070217
2010-09-29,94.29,1144.73,122.6119834622227
2010-09-30,93.94,1141.2,122.23388530665619
2010-10-01,94.39,1146.24,122.77371950043954
2010-10-04,93.77,1137.03,121.78723677727594
2010-10-05,95.42,1160.75,124.32788500674832
2010-10-06,95.51,1159.97,124.2443392386628
2010-10-07,95.57,1158.06,124.03975921681236
2010-10-08,95.9,1165.15,124.79916882671789
2010-10-11,96.04,1165.32,124.81737751976216
2010-10-12,96.23,1169.77,125.29401683768594
2010-10-13,97.04,1178.1,126.18624279685564
2010-10-14,96.97,1173.81,125.7267410723853
2010-10-15,97.1,1176.19,125.98166277500522
2010-10-18,97.37,1184.71,126.89423962640087
2010-10-19,96.17,1165.9,124.87950129603091
2010-10-20,97.08,1178.17,126.19374049399153
2010-10-21,97.16,1180.27,126.41867140806792
2010-10-22,97.57,1183.08,126.71965039309394
2010-10-25,97.74,1185.62,126.99170968916728
2010-10-26,97.74,1185.64,126.99385188834897
2010-10-27,97.41,1182.45,126.65217111887102
2010-10-28,97.45,1183.78,126.79462736445272
2010-10-29,97.49,1183.26,126.73893018572905
2010-11-01,97.76,1184.39,126.85996443949398
2010-11-02,98.57,1193.57,127.84323386388505
2010-11-03,98.94,1197.96,128.3134465842638
2010-11-04,100.69,1221.06,130.7876866391041
2010-11-05,100.98,1225.85,131.3007433431164
2010-11-08,100.82,1223.25,131.02225744949803
2010-11-09,100.07,1213.4,129.96722435252067
2010-11-10,100.32,1218.71,130.5359782352567
2010-11-11,100.07,1213.54,129.98221974679242
2010-11-12,98.79,1199.21,128.44733403311878
2010-11-15,98.81,1197.75,128.29095349285615
2010-11-16,97.08,1178.34,126.21194918703577
2010-11-17,97.3,1178.59,126.23872667680678
2010-11-18,98.98,1196.69,128.1774169362271
2010-11-19,99.02,1199.73,128.50303121184243
2010-11-22,99.0,1197.84,128.30059338917366
2010-11-23,97.37,1180.73,126.4679419892465
2010-11-24,98.87,1198.35,128.3552194683065
2010-11-26,97.78,1189.4,127.39658533450475
2010-11-29,98.05,1187.76,127.22092500160699
2010-11-30,97.47,1180.55,126.44866219661137
2010-12-01,99.54,1206.07,129.18210835243494
2010-12-02,101.04,1221.53,130.83802831987353
2010-12-03,101.11,1224.71,131.17863798976063
2010-12-06,100.98,1223.12,131.00833315481705
2010-12-07,101.09,1223.75,131.07581242903998
2010-12-08,101.54,1228.28,131.5610205436905
2010-12-09,101.89,1233.0,132.06657955056696
2010-12-10,102.55,1240.4,132.85919324778854
2010-12-13,102.57,1240.46,132.86561984533358
2010-12-14,102.61,1241.59,132.98665409909847
2010-12-15,102.22,1235.23,132.30543475932427
2010-12-16,102.76,1242.87,133.123754846726
2010-12-17,102.76,1243.91,133.23514920417338
2010-12-20,102.99,1247.08,133.57468777446962
2010-12-21,102.99,1254.6,134.38015466678127
2010-12-22,104.09,1258.84,134.8343008932974
2010-12-23,103.96,1256.77,134.61258327799354
2010-12-27,103.98,1257.54,134.6950579464882
2010-12-28,104.05,1258.51,134.79895460679967
2010-12-29,104.19,1259.78,134.93498425483634
2010-12-30,104.19,1257.88,134.73147533257676
2010-12-31,103.96,1257.64,134.70576894239662
2011-01-03,104.98,1271.87,136.22994366016187
2011-01-04,104.98,1270.2,136.0510700284916
2011-01-05,105.52,1276.56,136.7322893682658
2011-01-06,105.39,1273.85,136.44202137914817
2011-01-07,105.17,1271.5,136.1903129753008
2011-01-10,105.0,1269.75,136.0028705469038
2011-01-11,105.41,1274.48,136.5095006533711
2011-01-12,106.49,1285.96,137.7391229836554
2011-01-13,106.31,1283.76,137.5034810736706
2011-01-14,106.99,1293.24,138.5188834857869
2011-01-18,107.43,1295.02,138.7095392129564
2011-01-19,106.08,1281.92,137.30639874895607
2011-01-20,106.08,1280.26,137.12859621687664
2011-01-21,106.18,1283.35,137.45956599044618
2011-01-24,106.91,1290.84,138.2618195839853
2011-01-25,106.91,1291.18,138.29823697007387
2011-01-26,107.32,1296.63,138.88198624708164
2011-01-27,107.51,1299.54,139.19367622801607
2011-01-28,105.5,1276.34,136.70872517726735
2011-01-31,106.4,1286.12,137.75626057710883
2011-02-01,108.09,1307.59,140.05591139864225
2011-02-02,107.86,1304.03,139.67459994430322
2011-02-03,108.13,1307.1,140.00342751869107
2011-02-04,108.46,1310.87,140.40723206443772
2011-02-07,109.17,1319.05,141.28339152974482
2011-02-08,109.67,1324.57,141.8746385038885
2011-02-09,109.46,1320.88,141.47940275486857
2011-02-10,109.42,1321.87,141.5854416143617
2011-02-11,110.13,1329.15,142.36520211649324
2011-02-14,110.16,1332.32,142.7047406867895
2011-02-15,110.04,1328.01,142.2430967631375
2011-02-16,110.6,1336.32,143.1331805231255
2011-02-17,110.99,1340.43,143.57340245496076
2011-02-18,111.39,1343.01,143.84974614939745
2011-02-22,109.07,1315.45,140.89779567704252
2011-02-23,108.32,1307.4,140.03556050641635
2011-02-24,108.09,1306.1,139.89631755960713
2011-02-25,109.42,1319.88,141.3722927957846
2011-02-28,110.02,1327.22,142.15847989546114
2011-03-01,107.95,1306.33,139.92095285019644
2011-03-02,108.34,1308.44,140.1469548638637
2011-03-03,110.33,1330.97,142.56014224202613
2011-03-04,109.54,1321.15,141.5083224438213
2011-03-07,108.61,1310.13,140.32797069471567
2011-03-08,109.52,1321.82,141.58008611640759
2011-03-09,109.15,1320.03,141.38835928964724
2011-03-10,107.39,1295.11,138.71917910927405
2011-03-11,108.36,1304.28,139.7013774340743
2011-03-14,107.47,1296.39,138.85627985690158
2011-03-15,106.2,1281.87,137.30104325100194
2011-03-16,104.43,1256.88,134.6243653734929
2011-03-17,105.65,1273.71,136.42702598487654
2011-03-18,106.11,1279.21,137.01613075983852
2011-03-21,107.67,1298.38,139.06942867547872
2011-03-22,107.28,1293.77,138.57565176410148
2011-03-23,107.59,1297.54,138.97945630984816
2011-03-24,108.69,1309.66,140.2776290139462
2011-03-25,109.09,1313.8,140.72106424455393
2011-03-28,108.44,1310.19,140.33439729226072
2011-03-29,109.63,1319.44,141.3251644137877
2011-03-30,110.25,1328.26,142.26987425290852
2011-03-31,110.0,1325.83,142.0095970523344
2011-04-01,110.57,1332.41,142.71438058310713
2011-04-04,110.69,1332.87,142.76365116428573
2011-04-05,110.48,1332.63,142.73794477410559
2011-04-06,110.67,1335.54,143.04963475504002
2011-04-07,110.63,1333.51,142.83220153809953
2011-04-08,110.23,1328.17,142.26023435659098
2011-04-11,109.88,1324.46,141.86285640838935
2011-04-12,108.94,1314.16,140.7596238298242
2011-04-13,108.98,1314.41,140.7864013195952
2011-04-14,109.11,1314.52,140.79818341509443
2011-04-15,109.82,1319.68,141.35087080396787
2011-04-18,108.34,1305.14,139.79349199888657
2011-04-19,108.96,1312.62,140.59467449283486
2011-04-20,110.61,1330.36,142.49480516698495
2011-04-21,110.84,1337.39,143.24778817934546
2011-04-25,110.82,1335.25,143.0185728669057
2011-04-26,111.67,1347.24,144.30282127632285
2011-04-27,112.5,1355.66,145.2046871318101
2011-04-28,112.84,1360.48,145.72095713459493
2011-04-29,113.23,1363.61,146.0562113065278
2011-05-02,113.07,1361.22,145.8002185043171
2011-05-03,112.59,1356.62,145.30751269253068
2011-05-04,111.84,1347.32,144.31139007304952
2011-05-05,111.17,1335.1,143.0025063730431
2011-05-06,111.13,1340.2,143.5487671643715
2011-05-09,111.82,1346.3,144.20213791478386
2011-05-10,112.73,1357.16,145.36535207043607
2011-05-11,111.48,1342.08,143.7501338874494
2011-05-12,112.21,1348.65,144.4538463186313
2011-05-13,111.09,1337.77,143.2884899637974
2011-05-16,110.38,1329.47,142.39947730340023
2011-05-17,110.38,1328.98,142.34699342344908
2011-05-18,111.46,1340.68,143.60017994473182
2011-05-19,111.73,1343.6,143.91294102525706
2011-05-20,110.57,1333.27,142.80649514791938
2011-05-23,109.53,1317.37,141.10344679848384
2011-05-24,109.38,1316.28,140.9866969430823
2011-05-25,109.63,1320.47,141.43548767164424
2011-05-26,110.46,1325.69,141.9946016580627
2011-05-27,110.75,1331.1,142.5740665367071
2011-05-31,111.92,1345.2,144.08431695979147
2011-06-01,109.26,1314.55,140.80139671386698
2011-06-02,109.3,1312.94,140.62894967974177
2011-06-03,107.94,1300.16,139.26008440264832
2011-06-06,107.01,1286.17,137.76161607506322
2011-06-07,106.99,1284.94,137.6298708253899
2011-06-08,106.34,1279.56,137.05361924551798
2011-06-09,107.22,1289.0,138.0647372592709
2011-06-10,105.7,1270.98,136.13461579657732
2011-06-13,105.9,1271.83,136.2256592617987
2011-06-14,107.43,1287.87,137.943703005506
2011-06-15,105.38,1265.42,135.5390844240703
2011-06-16,105.67,1267.64,135.77686853323675
2011-06-17,105.88,1271.5,136.19031297530094
2011-06-20,106.53,1278.36,136.92508729461716
2011-06-21,107.72,1295.52,138.76309419249853
2011-06-22,107.03,1287.14,137.86551273537466
2011-06-23,106.8,1283.5,137.4756324843089
2011-06-24,105.72,1268.45,135.86362760009476
2011-06-27,106.74,1280.1,137.1114586234233
2011-06-28,108.27,1296.67,138.8862706454451
2011-06-29,109.08,1307.41,140.03663160600723
2011-06-30,110.02,1320.64,141.4536963646885
2011-07-01,111.63,1339.67,143.49199888605696
2011-07-05,111.8,1337.88,143.30027205929662
2011-07-06,111.72,1339.23,143.44487050406002
2011-07-07,113.06,1353.22,144.94333883164512
2011-07-08,112.22,1343.8,143.93436301707388
2011-07-11,110.27,1319.49,141.33051991174196
2011-07-12,109.63,1313.64,140.7039266511006
2011-07-13,109.75,1317.72,141.14093528416328
2011-07-14,109.29,1308.87,140.1930121462699
2011-07-15,109.98,1316.14,140.9717015488106
2011-07-18,108.77,1305.44,139.8256249866118
2011-07-19,110.5,1326.73,142.1059960155101
2011-07-20,110.5,1325.84,142.01066815192533
2011-07-21,112.28,1343.8,143.9343630170739
2011-07-22,112.16,1345.02,144.0650371671564
2011-07-25,111.53,1337.43,143.25207257770887
2011-07-26,110.92,1331.94,142.66403890233772
2011-07-27,108.64,1304.89,139.76671450911564
2011-07-28,108.46,1300.67,139.3147104817812
2011-07-29,107.77,1292.28,138.41605792506644
2011-08-01,107.03,1286.94,137.8440907435579
2011-08-02,104.32,1254.05,134.32124418928527
2011-08-03,104.92,1260.34,134.9949658319236
2011-08-04,100.26,1200.07,128.53944859793114
2011-08-05,100.18,1199.38,128.4655427261632
2011-08-08,92.94,1119.46,119.90531479617022
2011-08-09,98.0,1172.53,125.5896403247579
2011-08-10,93.97,1120.76,120.04455774297942
2011-08-11,97.73,1172.64,125.60142242025714
2011-08-12,98.42,1178.81,126.26229086780538
2011-08-15,100.24,1204.49,129.0128746170824
2011-08-16,99.72,1192.76,127.75647479702711
2011-08-17,99.53,1193.89,127.87750905079204
2011-08-18,95.64,1140.65,122.17497482916009
2011-08-19,94.01,1123.53,120.34125232964206
2011-08-22,93.94,1123.82,120.37231421777642
2011-08-23,96.89,1162.35,124.49926094128278
2011-08-24,98.02,1177.6,126.13268781731371
2011-08-25,96.81,1159.27,124.16936226730407
2011-08-26,98.36,1176.8,126.0469998500465
2011-08-29,101.03,1210.09,129.61269038795274
2011-08-30,100.76,1212.92,129.91581157216046
2011-08-31,101.85,1218.89,130.55525802789194
2011-09-01,100.47,1204.42,129.0053769199465
2011-09-02,97.79,1173.97,125.74387866583884
2011-09-06,97.39,1165.24,124.80880872303555
2011-09-07,100.28,1198.62,128.3841391572593
2011-09-08,99.17,1185.9,127.02170047771091
2011-09-09,96.85,1154.23,123.62952807352075
2011-09-12,97.27,1162.27,124.49069214455606
2011-09-13,97.94,1172.87,125.6260577108464
2011-09-14,99.37,1188.68,127.31946616396439
2011-09-15,101.22,1209.11,129.5077226280504
2011-09-16,101.85,1216.01,130.24678134572997
2011-09-19,100.68,1204.09,128.97003063344874
2011-09-20,100.53,1202.09,128.75581071528075
2011-09-21,97.15,1166.76,124.97161586084317
2011-09-22,94.43,1129.56,120.98712538291852
2011-09-23,94.96,1136.43,121.7229708018256
2011-09-26,97.38,1162.95,124.56352691673317
2011-09-27,98.3,1175.38,125.89490370814724
2011-09-28,96.56,1151.06,123.28998950322443
2011-09-29,97.19,1160.4,124.29039652106897
2011-09-30,94.64,1131.42,121.18634990681475
2011-10-03,91.3,1099.23,117.73848032390092
2011-10-04,93.59,1123.95,120.38623851245731
2011-10-05,95.4,1144.03,122.53700649086394
2011-10-06,97.29,1164.97,124.77988903408283
2011-10-07,97.08,1155.46,123.76127332319402
2011-10-10,100.11,1194.89,127.98461900987597
2011-10-11,99.98,1195.54,128.05424048328055
2011-10-12,100.72,1207.25,129.30849810415415
2011-10-13,100.7,1203.66,128.9239733510426
2011-10-14,102.48,1224.58,131.1647136950798
2011-10-17,100.36,1200.86,128.6240654656074
2011-10-18,102.8,1225.38,131.250401662347
2011-10-19,101.41,1209.88,129.59019729654506
2011-10-20,101.71,1215.39,130.18037317109787
2011-10-21,103.83,1238.25,132.628906835758
2011-10-24,104.82,1254.2,134.33731068314773
2011-10-25,102.92,1229.05,131.64349521218523
2011-10-26,104.02,1242.0,133.030569182323
2011-10-27,107.8,1284.59,137.59238233971038
2011-10-28,107.67,1285.09,137.64593731925237
2011-10-31,105.0,1253.3,134.24091171997213
2011-11-01,102.92,1218.28,130.48992095285058
2011-11-02,103.74,1237.9,132.5914183500786
2011-11-03,105.55,1261.16,135.08279599837235
2011-11-04,105.15,1253.23,134.23341402283626
2011-11-07,105.7,1261.12,135.07851160000897
2011-11-08,107.02,1275.92,136.66373899445213
2011-11-09,103.03,1229.1,131.6488507101394
2011-11-10,104.02,1239.69,132.78314517683896
2011-11-11,106.03,1263.86,135.37199288789913
2011-11-14,105.28,1251.78,134.07810458216446
2011-11-15,105.4,1257.81,134.72397763544095
2011-11-16,103.47,1236.91,132.48537949058544
2011-11-17,102.1,1216.13,130.25963454082003
2011-11-18,102.04,1215.65,130.2082217604597
2011-11-21,100.09,1192.98,127.78003898802551
2011-11-22,99.41,1188.04,127.25091579015056
2011-11-23,97.5,1161.79,124.43927936419567
2011-11-25,96.96,1158.67,124.10509629185361
2011-11-28,100.11,1192.55,127.73398170561939
2011-11-29,100.57,1195.19,128.01675199760115
2011-11-30,104.73,1246.96,133.5618345793796
2011-12-01,104.52,1244.58,133.30691287675967
2011-12-02,104.52,1244.28,133.27477988903448
2011-12-05,105.49,1257.08,134.64578736530962
2011-12-06,105.49,1258.47,134.79467020843637
2011-12-07,106.24,1261.01,135.0667295045097
2011-12-08,103.89,1234.35,132.21117799533036
2011-12-09,105.8,1255.19,134.44334954264085
2011-12-12,103.8,1236.47,132.43825110858845
2011-12-13,103.04,1225.73,131.28789014802632
2011-12-14,101.86,1211.82,129.79799061716793
2011-12-15,102.32,1215.75,130.21893275636802
2011-12-16,102.26,1219.66,130.63773269638645
2011-12-19,101.24,1205.35,129.10498918189444
2011-12-20,104.37,1241.31,132.95666331055494
2011-12-21,104.39,1243.72,133.2147983119474
2011-12-22,105.46,1254.0,134.31588869133085
2011-12-23,106.41,1265.33,135.52944452775253
2011-12-27,106.41,1265.43,135.54015552366096
2011-12-28,105.08,1249.64,133.84888926972465
2011-12-29,106.18,1263.02,135.2820205222685
2011-12-30,105.76,1257.61,134.70255564362407
2012-01-03,107.41,1277.06,136.7858443478078
2012-01-04,107.49,1277.3,136.81155073798797
2012-01-05,107.49,1281.06,137.2142841841438
2012-01-06,107.6,1277.81,136.86617681712082
2012-01-09,107.7,1280.7,137.1757245988736
2012-01-10,108.59,1292.08,138.39463593324945
2012-01-11,108.78,1292.48,138.43747991688304
2012-01-12,109.07,1295.5,138.7609519933167
2012-01-13,108.84,1289.09,138.07437715558825
2012-01-17,108.86,1293.67,138.56494076819297
2012-01-18,109.96,1308.04,140.10411088023
2012-01-19,110.66,1314.5,140.79604121591262
2012-01-20,110.68,1315.38,140.89029797990656
2012-01-23,110.7,1316.0,140.95670615453864
2012-01-24,110.74,1314.66,140.8131788093661
2012-01-25,111.48,1326.05,142.03316124333278
2012-01-26,111.06,1318.43,141.21698335511275
2012-01-27,110.83,1316.33,140.99205244103635
2012-01-30,110.53,1313.01,140.6364473768775
2012-01-31,110.47,1312.41,140.57218140142712
2012-02-01,111.44,1324.09,141.8232257235282
2012-02-02,111.69,1325.54,141.9785351642
2012-02-03,113.06,1344.9,144.0521839720662
2012-02-06,113.06,1344.33,143.9911312953883
2012-02-07,113.55,1347.05,144.28247038409677
2012-02-08,113.74,1349.96,144.5941603650312
2012-02-09,113.85,1351.95,144.80730918360834
2012-02-10,113.19,1342.64,143.81011546453635
2012-02-13,113.91,1351.77,144.7880293909732
2012-02-14,113.8,1350.5,144.65199974293654
2012-02-15,113.34,1343.23,143.8733103403959
2012-02-16,114.39,1358.04,145.45960883442987
2012-02-17,114.82,1361.23,145.8012896039078
2012-02-21,114.84,1362.21,145.90625736381014
2012-02-22,114.5,1357.66,145.41890704997795
2012-02-23,115.09,1363.46,146.04014481266512
2012-02-24,115.11,1365.74,146.28435551937665
2012-02-27,115.45,1367.59,146.48250894368203
2012-02-28,115.81,1372.18,146.9741436558776
2012-02-29,115.22,1365.68,146.27792892183163
2012-03-01,116.06,1374.09,147.17872367772804
2012-03-02,115.58,1369.63,146.70101326021344
2012-03-05,115.22,1364.34,146.1344015766591
2012-03-06,113.32,1343.36,143.88723463507685
2012-03-07,114.23,1352.63,144.8801439557855
2012-03-08,115.39,1365.91,146.30256421242098
2012-03-09,115.89,1370.87,146.8338296094776
2012-03-12,115.89,1371.09,146.85739380047607
2012-03-13,117.93,1395.95,149.52014738330422
2012-03-14,117.76,1394.28,149.34127375163393
2012-03-15,118.37,1402.6,150.23242861121275
2012-03-16,118.59,1404.17,150.40059124697467
2012-03-19,119.05,1409.75,150.99826481866336
2012-03-20,118.71,1405.52,150.54518969173807
2012-03-21,118.5,1402.9,150.264561598938
2012-03-22,117.78,1392.79,149.18167991259878
2012-03-23,118.2,1397.11,149.64439493584163
2012-03-26,119.98,1416.51,151.72232814207115
2012-03-27,119.26,1412.52,151.294959405326
2012-03-28,118.73,1405.54,150.5473318909197
2012-03-29,118.56,1403.28,150.30526338338987
2012-03-30,118.99,1408.47,150.8611640710358
2012-04-02,119.77,1419.04,151.99331633855363
2012-04-03,119.45,1413.38,151.38707397013823
2012-04-04,118.14,1398.96,149.842548360147
2012-04-05,117.89,1398.08,149.74829159615305
2012-04-09,116.59,1382.2,148.0473854458992
2012-04-10,115.07,1358.59,145.51851931192604
2012-04-11,115.66,1368.71,146.6024720978561
2012-04-12,117.53,1387.57,148.62256592618024
2012-04-13,115.74,1370.26,146.7684925344363
2012-04-16,115.66,1369.57,146.6945866626683
2012-04-17,117.31,1390.78,148.9663888948399
2012-04-18,116.87,1385.14,148.36228872560616
2012-04-19,116.38,1376.92,147.4818448619357
2012-04-20,116.61,1378.53,147.65429189606095
2012-04-23,115.55,1366.94,146.41288747027747
2012-04-24,116.17,1371.97,146.95165056446996
2012-04-25,117.63,1390.69,148.9567489985224
2012-04-26,118.44,1399.98,149.9518005184127
2012-04-27,118.59,1403.36,150.3138321801166
2012-04-30,118.16,1397.91,149.73008290310884
2012-05-01,118.75,1405.82,150.57732267946324
2012-05-02,118.5,1402.31,150.20136672307842
2012-05-03,117.53,1391.57,149.0510057625163
2012-05-04,115.53,1369.1,146.6442449818989
2012-05-07,115.81,1369.58,146.69565776225923
2012-05-08,115.19,1363.72,146.067993402027
2012-05-09,114.56,1354.58,145.08900837599927
2012-05-10,115.11,1357.99,145.45425333647572
2012-05-11,114.47,1353.39,144.96154752468934
2012-05-14,113.12,1338.35,143.35061374006602
2012-05-15,112.63,1330.66,142.5269381547101
2012-05-16,112.14,1324.8,141.8992737944779
2012-05-17,110.34,1304.86,139.763501210343
2012-05-18,109.45,1295.22,138.7309612047733
2012-05-21,111.57,1315.99,140.9556350549479
2012-05-22,111.48,1316.63,141.02418542876165
2012-05-23,111.57,1318.86,141.26304063751897
2012-05-24,112.14,1320.68,141.45798076305186
2012-05-25,111.51,1317.82,141.15164628007162
2012-05-29,113.07,1332.42,142.715451682698
2012-05-30,110.95,1313.32,140.66965146419366
2012-05-31,111.02,1310.33,140.34939268653252
2012-06-01,108.03,1278.05,136.89188320730113
2012-06-04,107.94,1278.18,136.90580750198208
2012-06-05,108.96,1285.5,137.68985240247693
2012-06-06,111.55,1315.13,140.86352049013576
2012-06-07,111.65,1314.99,140.84852509586398
2012-06-08,112.67,1325.66,141.9913883592902
2012-06-11,110.82,1308.93,140.19943874381494
2012-06-12,112.5,1324.18,141.83286561984588
2012-06-13,111.54,1314.88,140.83674300036472
2012-06-14,113.03,1329.1,142.3598466185391
2012-06-15,113.99,1342.84,143.8315374563532
2012-06-18,114.29,1344.78,144.03933077697616
2012-06-19,115.1,1357.98,145.4531822368849
2012-06-20,115.12,1355.69,145.20790043058258
2012-06-21,112.35,1325.51,141.97532186542756
2012-06-22,113.08,1335.02,142.99393757631637
2012-06-25,111.35,1313.72,140.71249544782725
2012-06-26,112.12,1319.99,141.38407489128392
2012-06-27,112.97,1331.85,142.6543990060201
2012-06-28,112.71,1329.04,142.3534200209941
2012-06-29,115.61,1362.16,145.90090186585607
2012-07-02,115.7,1365.51,146.25972022878744
2012-07-03,116.59,1374.02,147.17122598059225
2012-07-05,116.04,1367.58,146.48143784409132
2012-07-06,115.21,1354.68,145.09971937190778
2012-07-09,114.99,1352.46,144.8619352627413
2012-07-10,113.82,1341.47,143.6847968124082
2012-07-11,113.89,1341.46,143.68372571281736
2012-07-12,113.29,1334.76,142.9660889869546
2012-07-13,115.21,1356.78,145.32465028598418
2012-07-16,114.84,1353.64,144.98832501446046
2012-07-17,115.78,1363.67,146.06263790407294
2012-07-18,116.53,1372.78,147.03840963132814
2012-07-19,116.93,1376.51,147.43792977871146
2012-07-20,115.76,1362.66,145.95445684539814
2012-07-23,114.52,1350.52,144.6541419421184
2012-07-24,113.31,1338.31,143.3463293417028
2012-07-25,113.78,1337.89,143.30134315888756
2012-07-26,115.46,1360.02,145.6716865534164
2012-07-27,117.83,1385.97,148.4511899916461
2012-07-30,117.66,1385.3,148.3794263190598
2012-07-31,117.15,1379.32,147.7389087637375
2012-08-01,116.8,1375.14,147.2911891347664
2012-08-02,116.08,1365.0,146.20509414965466
2012-08-03,118.38,1390.99,148.98888198624772
2012-08-06,118.47,1394.23,149.3359182536799
2012-08-07,119.06,1401.35,150.09854116235795
2012-08-08,119.17,1402.22,150.19172682676103
2012-08-09,119.36,1402.8,150.25385060302975
2012-08-10,119.53,1405.87,150.5826781774176
2012-08-13,119.53,1404.11,150.39416464942974
2012-08-14,119.45,1403.93,150.37488485679464
2012-08-15,119.62,1405.53,150.54626079132902
2012-08-16,120.43,1415.51,151.6152181829873
2012-08-17,120.62,1418.16,151.89905957455989
2012-08-20,120.58,1418.13,151.89584627578736
2012-08-21,120.38,1413.17,151.36458087873072
2012-08-22,120.36,1413.49,151.39885606563757
2012-08-23,119.32,1402.08,150.17673143248916
2012-08-24,120.15,1411.13,151.14607656219934
2012-08-27,120.02,1410.44,151.0721706904314
2012-08-28,119.98,1409.3,150.95006533707564
2012-08-29,119.94,1410.49,151.0775261883856
2012-08-30,119.06,1399.48,149.8982455388708
2012-08-31,119.74,1406.58,150.65872624836717
2012-09-04,119.83,1404.94,150.48306591546944
2012-09-05,119.62,1403.43,150.3213298772526
2012-09-06,121.96,1432.12,153.3943146033724
2012-09-07,122.58,1437.92,154.0155523660596
2012-09-10,121.58,1429.08,153.06870032775706
2012-09-11,121.92,1433.57,153.5496240440442
2012-09-12,122.69,1436.56,153.86988282170535
2012-09-13,124.2,1459.99,156.37946916304335
2012-09-14,124.92,1465.77,156.99856472654886
2012-09-17,124.49,1461.19,156.50800111394418
2012-09-18,124.41,1459.32,156.3077054904571
2012-09-19,124.43,1461.05,156.49300571967242
2012-09-20,124.47,1460.26,156.40838885199608
2012-09-21,124.32,1460.15,156.39660675649685
2012-09-24,124.28,1456.89,156.04742828988302
2012-09-25,123.06,1441.59,154.40864591589786
2012-09-26,122.18,1433.32,153.5228465542732
2012-09-27,123.38,1447.15,155.0041772884049
2012-09-28,122.8,1440.67,154.3101047535406
2012-10-01,123.04,1444.49,154.71926479724146
2012-10-02,123.38,1445.75,154.8542233456873
2012-10-03,123.7,1450.99,155.41547953128742
2012-10-04,124.64,1461.4,156.53049420535183
2012-10-05,124.62,1460.93,156.48015252458234
2012-10-08,124.13,1455.88,155.93924723120816
2012-10-09,122.95,1441.48,154.3968638203986
2012-10-10,122.12,1432.56,153.44144298536935
2012-10-11,122.31,1432.84,153.47143377391288
2012-10-12,121.71,1428.59,153.0162164478059
2012-10-15,122.91,1440.13,154.25226537563523
2012-10-16,124.09,1454.92,155.83642167048754
2012-10-17,124.75,1460.91,156.47801032540067
2012-10-18,124.28,1457.34,156.0956277714708
2012-10-19,121.93,1433.19,153.50892225959228
2012-10-22,122.44,1433.82,153.5764015338152
2012-10-23,120.45,1413.11,151.35815428118562
2012-10-24,120.32,1408.75,150.89115485957942
2012-10-25,120.58,1412.97,151.3431588869139
2012-10-26,120.51,1411.94,151.23283562905738
2012-10-31,120.45,1412.16,151.25639982005583
2012-11-01,121.86,1427.59,152.90910648872187
2012-11-02,120.34,1414.2,151.47490413658718
2012-11-05,120.9,1417.26,151.8026606113842
2012-11-06,122.03,1428.39,152.99479445598908
2012-11-07,118.93,1394.53,149.36805124140497
2012-11-08,117.75,1377.51,147.54503973779535
2012-11-09,117.79,1379.85,147.7956770420519
2012-11-12,118.01,1380.03,147.814956834687
2012-11-13,117.39,1374.53,147.225852059725
2012-11-14,115.85,1355.49,145.18647843876573
2012-11-15,115.7,1353.33,144.9551209271443
2012-11-16,116.42,1359.88,145.6566911591445
2012-11-19,118.37,1386.89,148.54973115400324
2012-11-20,118.69,1387.81,148.6482723163605
2012-11-21,118.86,1391.03,148.993166384611
2012-11-23,120.32,1409.15,150.933998843213
2012-11-26,120.15,1406.29,150.62766436023276
2012-11-27,119.66,1398.94,149.8404061609654
2012-11-28,120.47,1409.93,151.01754461129852
2012-11-29,121.22,1415.95,151.66234656498418
2012-11-30,121.11,1416.18,151.6869818555735
2012-12-03,120.48,1409.46,150.96720293052903
2012-12-04,120.34,1407.05,150.70906792913658
2012-12-05,120.58,1409.28,150.9479231378939
2012-12-06,120.98,1413.94,151.44705554722535
2012-12-07,121.24,1418.07,151.88941967824223
2012-12-10,121.6,1418.55,151.94083245860256
2012-12-11,122.57,1427.84,152.93588397849285
2012-12-12,122.2,1428.48,153.00443435230662
2012-12-13,121.41,1419.45,152.03723142177813
2012-12-14,121.16,1413.58,151.40849596195505
2012-12-17,122.68,1430.36,153.20580107538453
2012-12-18,123.88,1446.79,154.9656177031346
2012-12-19,123.2,1435.81,153.78955035239233
2012-12-20,123.84,1443.69,154.63357682997423
2012-12-21,122.6,1430.15,153.18330798397693
2012-12-24,122.06,1426.66,152.80949422677378
2012-12-26,121.52,1419.83,152.07793320623009
2012-12-27,121.28,1418.1,151.89263297701478
2012-12-28,118.98,1402.43,150.21421991816857
2012-12-31,122.08,1426.19,152.75915254600432
2013-01-02,125.26,1462.42,156.6397463636175
2013-01-03,124.96,1459.37,156.31306098841128
2013-01-04,125.32,1466.47,157.07354169790767
2013-01-07,125.15,1461.89,156.58297808530298
2013-01-08,124.85,1457.15,156.07527687924483
2013-01-09,125.15,1461.02,156.48979242089987
2013-01-10,126.12,1472.12,157.6787129667322
2013-01-11,126.14,1472.05,157.67121526959633
2013-01-14,125.88,1470.68,157.52447462565127
2013-01-15,125.97,1472.34,157.70227715773066
2013-01-16,125.99,1472.63,157.73333904586505
2013-01-17,126.87,1480.94,158.62342280585307
2013-01-18,127.15,1485.98,159.16325699963642
2013-01-22,128.05,1492.56,159.8680405304091
2013-01-23,128.12,1494.81,160.1090379383481
2013-01-24,128.25,1494.82,160.11010903793894
2013-01-25,128.59,1502.96,160.98198410488266
2013-01-28,128.7,1500.18,160.68421841862914
2013-01-29,129.39,1507.84,161.50468070521254
2013-01-30,128.55,1501.96,160.87487414579866
2013-01-31,128.38,1498.11,160.46250080332527
2013-02-01,129.54,1513.17,162.07557678713027
2013-02-04,128.4,1495.71,160.20543690152368
2013-02-05,129.47,1511.29,161.87421006405233
2013-02-06,129.54,1512.12,161.96311133009203
2013-02-07,129.41,1509.39,161.67070114179273
2013-02-08,130.03,1517.93,162.58542019237007
2013-02-11,130.07,1517.01,162.48687903001277
2013-02-12,130.35,1519.43,162.74608513099605
2013-02-13,130.44,1520.33,162.84248409417165
2013-02-14,130.55,1521.38,162.9549495512099
2013-02-15,130.42,1519.79,162.78464471626634
2013-02-19,131.36,1530.94,163.97892076005292
2013-02-20,129.56,1511.95,161.94490263704782
2013-02-21,129.04,1502.42,160.92414472697735
2013-02-22,130.2,1515.6,162.3358539877044
2013-02-25,127.86,1487.85,159.36355262312352
2013-02-26,128.31,1496.94,160.33718215119708
2013-02-27,130.31,1515.99,162.37762687174722
2013-02-28,130.1,1514.68,162.2373128253472
2013-03-01,130.38,1518.2,162.61433988132285
2013-03-04,131.17,1525.2,163.36410959491081
2013-03-05,132.14,1539.79,164.9268438979463
2013-03-06,132.31,1541.46,165.10571752961658
2013-03-07,132.63,1544.26,165.40562541505176
2013-03-08,133.21,1551.18,166.14682633191302
2013-03-11,133.73,1556.22,166.68666052569637
2013-03-12,133.41,1552.48,166.28606927872224
2013-03-13,133.69,1554.52,166.5045735952536
2013-03-14,134.2,1563.23,167.4375013388752
2013-03-15,133.99,1560.7,167.1665131423927
2013-03-18,133.41,1552.1,166.2453674942703
2013-03-19,133.02,1548.34,165.8426340481145
2013-03-20,133.6,1558.71,166.95336432381555
2013-03-21,132.74,1545.8,165.57057475204115
2013-03-22,133.86,1556.89,166.75842419828268
2013-03-25,133.43,1551.69,166.2014524110459
2013-03-26,134.31,1563.77,167.49534071678053
2013-03-27,134.27,1562.85,167.39679955442324
2013-03-28,134.79,1569.19,168.07587669501578
2013-04-01,134.2,1562.17,167.32396478224612
2013-04-02,134.94,1570.25,168.1894132516448
2013-04-03,133.56,1553.69,166.41567232921383
2013-04-04,134.08,1559.98,167.0893939718522
2013-04-05,133.34,1553.28,166.37175724598941
2013-04-08,134.48,1563.07,167.42036374542175
2013-04-09,134.83,1568.61,168.01375291874706
2013-04-10,136.51,1587.73,170.06169533643308
2013-04-11,136.94,1593.37,170.6657955056668
2013-04-12,136.45,1588.85,170.18165849060713
2013-04-15,133.13,1552.36,166.27321608363212
2013-04-16,135.3,1574.57,168.65212827488767
2013-04-17,133.34,1552.01,166.23572759795272
2013-04-18,132.31,1541.61,165.12178402347914
2013-04-19,133.47,1555.25,166.58276386538486
2013-04-22,134.2,1562.5,167.35931106874384
2013-04-23,135.71,1578.78,169.1030612026313
2013-04-24,135.76,1578.79,169.10413230222213
2013-04-25,136.43,1585.16,169.78642274158722
2013-04-26,135.97,1582.24,169.47366166106195
2013-04-29,136.99,1593.61,170.69150189584695
2013-04-30,137.33,1597.57,171.11565733381957
2013-05-01,136.04,1582.7,169.52293224224056
2013-05-02,137.33,1597.59,171.11779953300123
2013-05-03,138.73,1614.42,172.92046014438492
2013-05-06,139.16,1617.5,173.25035881836362
2013-05-07,139.77,1625.96,174.15650907221425
2013-05-08,140.48,1632.69,174.87735909684952
2013-05-09,140.11,1626.67,174.23255714316386
2013-05-10,140.54,1633.7,174.98554015552435
2013-05-13,140.65,1633.77,174.99303785266025
2013-05-14,142.14,1650.34,176.76784987468207
2013-05-15,142.68,1658.78,177.67185792935098
2013-05-16,142.14,1650.47,176.781774169363
2013-05-17,143.43,1667.47,178.60264347379095
2013-05-20,143.56,1666.29,178.47625372207182
2013-05-21,143.65,1669.16,178.78365930464292
2013-05-22,142.79,1655.35,177.30447076969293
2013-05-23,142.31,1650.51,176.7860585677264
2013-05-24,142.36,1649.6,176.68858850495994
2013-05-28,142.7,1660.06,177.80895867697853
2013-05-29,142.05,1648.36,176.5557721556958
2013-05-30,142.61,1654.41,177.20378740815397
2013-05-31,140.5,1630.74,174.6684946766358
2013-06-03,141.13,1640.42,175.70531908056887
2013-06-04,140.69,1631.38,174.73704505044955
2013-06-05,138.69,1608.9,172.32921317024133
2013-06-06,139.96,1622.56,173.79233521132872
2013-06-07,141.32,1643.38,176.02236455945751
2013-06-10,141.62,1642.81,175.9613118827796
2013-06-11,140.33,1626.13,174.17471776525855
2013-06-12,138.86,1612.52,172.71695122212535
2013-06-13,141.17,1636.36,175.27045264668783
2013-06-14,140.09,1626.73,174.23898374070896
2013-06-17,141.41,1639.04,175.55750733703294
2013-06-18,142.41,1651.81,176.92530151453556
2013-06-19,140.55,1628.93,174.47462565069372
2013-06-20,137.1,1588.19,170.1109659176117
2013-06-21,137.1,1592.43,170.56511214412788
2013-06-24,135.57,1573.09,168.49360553544338
2013-06-25,136.89,1588.03,170.09382832415827
2013-06-26,138.1,1603.26,171.72511300100754
2013-06-27,139.05,1613.2,172.7897859943025
2013-06-28,138.42,1606.28,172.04858507744123
2013-07-01,139.07,1614.96,172.9782995222903
2013-07-02,139.12,1614.08,172.8840427582964
2013-07-03,139.27,1615.41,173.02649900387811
2013-07-05,140.85,1631.89,174.79167112958237
2013-07-08,141.56,1640.46,175.70960347893222
2013-07-09,142.43,1652.32,176.97992759366844
2013-07-10,142.69,1652.62,177.01206058139365
2013-07-11,144.55,1675.02,179.4113236648752
2013-07-12,144.57,1680.19,179.9650821533395
2013-07-15,145.2,1682.5,180.21250615882352
2013-07-16,144.66,1676.26,179.54414001413937
2013-07-17,145.02,1680.91,180.04220132387997
2013-07-18,145.46,1689.37,180.94835157773053
2013-07-19,146.24,1692.09,181.239690666439
2013-07-22,146.3,1695.53,181.60814892568797
2013-07-23,146.13,1692.39,181.27182365416425
2013-07-24,145.74,1685.94,180.58096441807245
2013-07-25,145.76,1690.25,181.04260834172447
2013-07-26,145.98,1691.65,181.19256228444206
2013-07-29,145.63,1685.33,180.51562734303118
2013-07-30,145.83,1685.96,180.58310661725412
2013-07-31,145.46,1685.73,180.55847132666477
2013-08-01,147.17,1706.87,182.82277586170042
2013-08-02,147.49,1709.67,183.12268374713562
2013-08-05,147.36,1707.14,182.85169555065312
2013-08-06,146.63,1697.37,181.80523125040247
2013-08-07,146.13,1690.91,181.11330091471987
2013-08-08,146.6,1697.48,181.81701334590173
2013-08-09,145.96,1691.42,181.16792699385272
2013-08-12,146.02,1689.47,180.9590625736389
2013-08-13,146.34,1694.16,181.46140828174285
2013-08-14,145.59,1685.39,180.5220539405762
2013-08-15,143.32,1661.32,177.9439172254244
2013-08-16,142.9,1655.83,177.35588355005325
2013-08-19,142.38,1646.06,176.3094192498026
2013-08-20,142.86,1652.35,176.98314089244093
2013-08-21,141.65,1642.8,175.96024078318877
2013-08-22,143.23,1656.96,177.47691780381814
2013-08-23,143.81,1663.5,178.17741693622747
2013-08-26,143.19,1656.78,177.457638011183
2013-08-27,140.93,1630.48,174.64064608727392
2013-08-28,141.28,1634.96,175.12049870397024
2013-08-29,141.67,1638.17,175.46432167262986
2013-08-30,141.19,1632.97,174.90734988539307
2013-09-03,141.87,1639.77,175.63569760716422
2013-09-04,143.12,1653.08,177.0613311625722
2013-09-05,143.08,1655.08,177.27555108074017
2013-09-06,143.12,1655.17,177.28519097705774
2013-09-09,144.46,1671.71,179.05678970030704
2013-09-10,145.63,1683.99,180.3720999978585
2013-09-11,146.17,1689.13,180.92264518755024
2013-09-12,145.85,1683.42,180.3110473211806
2013-09-13,146.15,1687.99,180.80053983419447
2013-09-16,146.95,1697.6,181.82986654099167
2013-09-17,147.56,1704.76,182.5967738480331
2013-09-18,149.26,1725.52,184.82037659861686
2013-09-19,149.23,1722.34,184.47976692872973
2013-09-20,147.93,1709.91,183.1483901373157
2013-09-23,147.08,1701.84,182.28401276750782
2013-09-24,147.06,1697.42,181.81058674835657
2013-09-25,146.48,1692.77,181.31252543861598
2013-09-26,147.06,1698.67,181.94447419721158
2013-09-27,146.54,1691.75,181.20327328035032
2013-09-30,145.48,1681.55,180.11075169769356
2013-10-01,146.8,1695.0,181.55138064737332
2013-10-02,146.24,1693.87,181.4303463936084
2013-10-03,145.09,1678.66,179.80120391594085
2013-10-04,146.39,1690.5,181.06938583149534
2013-10-07,144.91,1676.12,179.52914461986745
2013-10-08,143.41,1655.45,177.31518176560127
2013-10-09,143.26,1656.4,177.41693622673105
2013-10-10,146.41,1692.56,181.29003234720835
2013-10-11,147.63,1703.2,182.42968231186208
2013-10-14,148.08,1710.14,183.17302542790503
2013-10-15,147.02,1698.06,181.87913712217033
2013-10-16,148.87,1721.54,184.39407896146258
2013-10-17,150.13,1733.15,185.6376255864278
2013-10-18,150.89,1744.5,186.85332362203113
2013-10-21,151.04,1744.66,186.8704612154846
2013-10-22,152.02,1754.67,187.9426319059154
2013-10-23,151.34,1746.38,187.05469034510907
2013-10-24,151.93,1752.07,187.66414601229698
2013-10-25,152.41,1759.77,188.48889269724376
2013-10-28,152.84,1762.11,188.7395300015003
2013-10-29,153.58,1771.95,189.79349199888682
2013-10-30,152.97,1763.31,188.8680619524011
2013-10-31,152.15,1756.54,188.14292752940244
2013-11-01,152.47,1761.64,188.68918832073084
2013-11-04,153.19,1767.93,189.36290996336916
2013-11-05,152.62,1762.97,188.83164456631255
2013-11-06,153.41,1770.49,189.6371114586242
2013-11-07,151.65,1747.15,187.13716501360375
2013-11-08,153.45,1770.61,189.64996465371425
2013-11-11,153.58,1771.89,189.7870654013418
2013-11-12,153.36,1767.69,189.33720357318902
2013-11-13,154.56,1782.0,190.869947087681
2013-11-14,155.34,1790.62,191.793234934985
2013-11-15,155.84,1798.18,192.60298622566006
2013-11-18,155.43,1791.53,191.89070499775147
2013-11-19,155.12,1787.87,191.49868254750402
2013-11-20,154.64,1781.37,190.80246781345807
2013-11-21,155.86,1795.85,192.35342002099435
2013-11-22,156.51,1804.76,193.30776975643275
2013-11-25,156.62,1802.48,193.06355904972122
2013-11-26,156.58,1802.75,193.0924787386739
2013-11-27,156.77,1807.23,193.57233135537018
2013-11-29,156.75,1805.81,193.4202352134709
2013-12-02,156.38,1800.9,192.8943253143685
2013-12-03,155.66,1795.15,192.27844304963554
2013-12-04,155.69,1792.81,192.02780574537897
2013-12-05,155.01,1785.03,191.1944902637055
2013-12-06,156.84,1805.09,193.34311604293043
2013-12-09,157.18,1808.37,193.69443670872593
2013-12-10,156.66,1802.62,193.07855444399294
2013-12-11,154.73,1782.22,190.89351127867943
2013-12-12,154.23,1775.5,190.17373235363496
2013-12-13,154.21,1775.32,190.15445256099983
2013-12-16,155.23,1786.54,191.35622630192225
2013-12-17,154.6,1781.0,190.7628371285969
2013-12-18,157.37,1810.65,193.9386474154374
2013-12-19,157.13,1809.6,193.8261819583992
2013-12-20,158.22,1818.32,194.76018080161165
2013-12-23,158.94,1827.99,195.7959341059539
2013-12-24,159.48,1833.32,196.36683018787159
2013-12-26,160.14,1842.02,197.29868683190236
2013-12-27,160.14,1841.4,197.23227865727029
2013-12-30,159.99,1841.07,197.19693237077254
2013-12-31,160.53,1848.36,197.97776397249487
2014-01-02,159.27,1831.98,196.223302842699
2014-01-03,159.18,1831.37,196.15796576765774
2014-01-06,158.77,1826.77,195.66525995587136
2014-01-07,159.64,1837.88,196.85525160129458
2014-01-08,159.79,1837.49,196.81347871725183
2014-01-09,159.83,1838.13,196.8820290910656
2014-01-10,160.25,1842.37,197.3361753175817
2014-01-13,158.26,1819.2,194.85443756560554
2014-01-14,159.83,1838.88,196.9623615603786
2014-01-15,160.57,1848.38,197.97990617167656
2014-01-16,160.12,1845.89,197.7132023735574
2014-01-17,159.94,1838.7,196.94308176774348
2014-01-21,160.31,1843.8,197.48934255907184
2014-01-22,160.31,1844.86,197.60287911570086
2014-01-23,159.07,1828.46,195.84627578672334
2014-01-24,155.39,1790.29,191.75788864848718
2014-01-27,154.84,1781.56,190.8228187056839
2014-01-28,155.93,1792.5,191.99460165806283
2014-01-29,154.45,1774.2,190.0344894068257
2014-01-30,155.32,1794.19,192.1756174889148
2014-01-31,154.91,1782.59,190.93314196354046
2014-02-03,151.09,1741.89,186.57376662882183
2014-02-04,152.05,1755.2,187.99940018422984
2014-02-05,152.07,1751.64,187.61808872989084
2014-02-06,154.03,1773.43,189.95201473833112
2014-02-07,156.39,1797.02,192.47873867312256
2014-02-10,156.5,1799.84,192.78078875773943
2014-02-11,158.13,1819.75,194.9133480431018
2014-02-12,158.44,1819.26,194.86086416315064
2014-02-13,159.07,1829.83,195.99301643066846
2014-02-14,160.01,1838.63,196.93558407060763
2014-02-18,160.23,1840.76,197.16372828345655
2014-02-19,159.18,1828.75,195.87733767485776
2014-02-20,160.12,1839.78,197.0587605235542
2014-02-21,159.94,1836.25,196.6806623679877
2014-02-24,160.97,1847.61,197.89743150318188
2014-02-25,160.99,1845.12,197.63072770506272
2014-02-26,160.62,1845.16,197.6350121034261
2014-02-27,161.66,1854.29,198.61292602986296
2014-02-28,161.97,1859.45,199.16561341873637
2014-03-03,160.71,1845.73,197.69606478010394
2014-03-04,163.19,1873.91,200.71442342709094
2014-03-05,163.28,1873.81,200.7037124311825
2014-03-06,163.6,1877.03,201.048606499433
2014-03-07,163.76,1878.04,201.15678755810785
2014-03-10,163.69,1877.17,201.0636018937048
2014-03-11,162.65,1867.63,200.0417728840435
2014-03-12,162.86,1868.2,200.10282556072136
2014-03-13,161.03,1846.34,197.76140185514518
2014-03-14,160.44,1841.13,197.2033589683176
2014-03-17,162.0,1858.83,199.09920524410427
2014-03-18,163.14,1872.25,200.53662089501148
2014-03-19,162.13,1860.77,199.3069985647272
2014-03-20,163.33,1872.01,200.51091450483133
2014-03-21,162.54,1866.52,199.92288082946018
2014-03-24,161.89,1857.44,198.9503224009775
2014-03-25,162.74,1865.62,199.82648186628455
2014-03-26,161.28,1852.56,198.42762580064758
2014-03-27,161.1,1849.04,198.05059874467193
2014-03-28,161.98,1857.62,198.96960219361262
2014-03-31,163.2,1872.34,200.54626079132905
2014-04-01,164.36,1885.52,201.9579700520561
2014-04-02,164.82,1890.9,202.53422163192803
2014-04-03,164.82,1888.77,202.30607741907912
2014-04-04,162.81,1865.09,199.76971358797007
2014-04-07,160.88,1845.04,197.62215890833596
2014-04-08,161.49,1851.96,198.3633598251972
2014-04-09,163.22,1872.18,200.5291231978756
2014-04-10,159.92,1833.08,196.34112379769135
2014-04-11,158.58,1815.69,194.47848160922067
2014-04-14,159.7,1830.61,196.07656219875386
2014-04-15,161.01,1842.98,197.4015123926229
2014-04-16,162.17,1862.31,199.4719479017165
2014-04-17,162.63,1864.85,199.74400719778987
2014-04-21,163.2,1871.89,200.49806130974122
2014-04-22,164.03,1879.55,201.31852359632458
2014-04-23,163.94,1875.39,200.87294616653517
2014-04-24,163.94,1878.61,201.2178402347856
2014-04-25,162.81,1863.4,199.58869775711804
2014-04-28,163.33,1869.43,200.23457081039453
2014-04-29,163.84,1878.33,201.18784944624207
2014-04-30,164.38,1883.95,201.78980741629414
2014-05-01,164.36,1883.68,201.76088772734147
2014-05-02,164.08,1881.14,201.48882843126813
2014-05-05,164.19,1884.66,201.8658554872438
2014-05-06,163.18,1867.72,200.05141278036092
2014-05-07,164.05,1878.21,201.17499625115204
2014-05-08,163.88,1875.63,200.89865255671532
2014-05-09,163.99,1878.48,201.2039159401047
2014-05-12,165.67,1896.65,203.1501038966609
2014-05-13,165.8,1897.45,203.23579186392809
2014-05-14,165.02,1888.53,202.28037102889883
2014-05-15,163.44,1870.85,200.38666695229375
2014-05-16,164.1,1877.86,201.13750776547255
2014-05-19,164.75,1885.08,201.910841670059
2014-05-20,163.51,1872.83,200.59874467128006
2014-05-21,165.0,1888.03,202.2268160493568
2014-05-22,165.45,1892.49,202.7045264668714
2014-05-23,166.05,1900.53,203.5656905379067
2014-05-27,167.12,1911.91,204.7846018722826
2014-05-28,167.1,1909.78,204.55645765943368
2014-05-29,167.88,1920.03,205.65433474004465
2014-05-30,168.19,1923.57,206.03350399520198
2014-06-02,168.21,1924.97,206.1834579379196
2014-06-03,168.23,1924.24,206.10526766778827
2014-06-04,168.56,1927.88,206.495147918854
2014-06-05,169.68,1940.46,207.84259120413068
2014-06-06,170.62,1949.44,208.80443863670496
2014-06-09,170.71,1951.27,209.00044986182866
2014-06-10,170.73,1950.79,208.94903708146833
2014-06-11,170.16,1943.89,208.20997836378876
2014-06-12,168.98,1930.11,206.7340031276113
2014-06-13,169.44,1936.16,207.38201838006947
2014-06-16,169.53,1937.78,207.55553651378554
2014-06-17,169.92,1941.99,208.00646944152916
2014-06-18,171.26,1956.98,209.61204772819826
2014-06-19,171.37,1959.48,209.87982262590828
2014-06-20,171.63,1962.87,210.242925387203
2014-06-23,171.61,1962.61,210.21507679784116
2014-06-24,170.76,1949.98,208.8622780146103
2014-06-25,171.3,1959.53,209.88517812386246
2014-06-26,171.24,1957.22,209.63775411837844
2014-06-27,171.52,1960.96,210.0383453653526
2014-06-30,171.57,1960.23,209.96015509522127
2014-07-01,172.73,1973.32,211.3622244596308
2014-07-02,172.91,1974.62,211.50146740644
2014-07-03,173.77,1985.44,212.66039716372887
2014-07-07,173.19,1977.65,211.82601058246453
2014-07-08,172.27,1963.71,210.33289775283362
2014-07-09,172.86,1972.83,211.30974057967967
2014-07-10,172.03,1964.68,210.43679441314512
2014-07-11,172.45,1967.57,210.74634219489786
2014-07-14,173.19,1977.1,211.76710010496834
2014-07-15,172.93,1973.28,211.35794006126747
2014-07-16,173.52,1981.57,212.2458816220738
2014-07-17,171.66,1958.12,209.7341530815541
2014-07-18,173.24,1978.22,211.88706325914242
2014-07-21,172.78,1973.63,211.39542854694687
2014-07-22,173.55,1983.53,212.45581714187844
2014-07-23,174.05,1987.01,212.82855979949073
2014-07-24,174.05,1987.98,212.9324564598022
2014-07-25,173.24,1978.34,211.89991645423248
2014-07-28,173.37,1978.91,211.9609691309104
2014-07-29,172.49,1969.95,211.0012638975178
2014-07-30,172.67,1970.07,211.01411709260782
2014-07-31,169.13,1930.67,206.7939847046984
2014-08-01,168.58,1925.15,206.20273773055476
2014-08-04,169.77,1938.99,207.68513956427728
2014-08-05,168.1,1920.21,205.67361453267984
2014-08-06,168.25,1920.24,205.67682783145236
2014-08-07,167.42,1909.57,204.53396456802614
2014-08-08,169.04,1931.59,206.89252586705572
2014-08-11,169.81,1936.92,207.46342194897346
2014-08-12,169.64,1933.75,207.12388337867716
2014-08-13,170.89,1946.72,208.5130995479966
2014-08-14,171.66,1955.18,209.41924980184723
2014-08-15,171.57,1955.06,209.40639660675714
2014-08-18,172.89,1971.74,211.19299072427822
2014-08-19,173.74,1981.6,212.2490949208464
2014-08-20,174.27,1986.51,212.77500481994883
2014-08-21,174.82,1992.37,213.40266918018105
2014-08-22,174.67,1988.4,212.97744264261763
2014-08-25,175.3,1997.92,213.99712945309724
2014-08-26,175.61,2000.02,214.22206036717364
2014-08-27,175.48,2000.12,214.23277136308204
2014-08-28,175.46,1996.74,213.87073970137814
2014-08-29,175.87,2003.37,214.58087873010504
2014-09-02,175.72,2002.28,214.4641288747035
2014-09-03,175.63,2000.72,214.29703733853248
2014-09-04,175.54,1997.65,213.96820976414463
2014-09-05,176.27,2007.71,215.04573595252964
2014-09-08,175.79,2001.54,214.38486750498137
2014-09-09,174.84,1988.44,212.981727040981
2014-09-10,175.3,1995.69,213.75827424434
2014-09-11,175.48,1997.45,213.94678777232784
2014-09-12,174.4,1985.54,212.67110815963744
2014-09-15,174.34,1984.13,212.52008311732902
2014-09-16,175.7,1998.98,214.11066600972634
2014-09-17,175.9,2001.57,214.3880808037539
2014-09-18,176.85,2011.36,215.4366873031862
2014-09-19,176.78,2010.4,215.3338617424656
2014-09-22,175.24,1994.29,213.6083203016224
2014-09-23,174.01,1982.77,212.3744135729748
2014-09-24,175.66,1998.3,214.03783123754923
2014-09-25,173.06,1965.99,210.57710845954531
2014-09-26,174.34,1982.85,212.38298236970147
2014-09-29,173.76,1977.8,211.84207707632729
2014-09-30,173.41,1972.29,211.25190120177447
2014-10-01,171.23,1946.16,208.4531179709097
2014-10-02,171.03,1946.17,208.45418907050052
2014-10-03,172.95,1967.9,210.78168848139575
2014-10-06,172.57,1964.82,210.45178980741701
2014-10-07,170.1,1935.1,207.26848182344065
2014-10-08,173.08,1968.89,210.8877273408889
2014-10-09,169.84,1928.21,206.53049420535194
2014-10-10,167.12,1906.13,204.1655063087773
2014-10-13,164.59,1874.74,200.80332469313066
2014-10-14,165.4,1877.7,201.12037017201928
2014-10-15,162.93,1862.49,199.4912276943517
2014-10-16,163.26,1862.76,199.52014738330436
2014-10-17,165.95,1886.76,202.0907864013203
2014-10-20,167.63,1904.01,203.93843319551922
2014-10-21,170.98,1941.28,207.93042137057978
2014-10-22,169.84,1927.11,206.41267325035955
2014-10-23,171.69,1950.82,208.9522503802411
2014-10-24,172.9,1964.58,210.42608341723687
2014-10-27,172.66,1961.63,210.1101090379391
2014-10-28,174.69,1985.05,212.6186242796863
2014-10-29,174.01,1982.3,212.3240718922053
2014-10-30,175.44,1994.65,213.64687988689266
2014-10-31,177.47,2018.05,216.15325292945818
2014-11-03,177.42,2017.81,216.12754653927803
2014-11-04,176.94,2012.1,215.5159486729084
2014-11-05,178.11,2023.57,216.74449990360182
2014-11-06,178.92,2031.21,217.56281999100355
2014-11-07,178.75,2031.92,217.6388680619532
2014-11-10,179.45,2038.26,218.3179452025457
2014-11-11,179.67,2039.68,218.470041344445
2014-11-12,179.63,2038.25,218.3168741029549
2014-11-13,179.45,2039.33,218.4325528587656
2014-11-14,179.81,2039.82,218.4850367387168
2014-11-17,179.96,2041.32,218.6457016773428
2014-11-18,180.73,2051.8,219.76821404854311
2014-11-19,180.62,2048.72,219.43831537456438
2014-11-20,181.04,2052.75,219.8699685096729
2014-11-21,181.9,2063.5,221.02140056982583
2014-11-24,182.41,2069.41,221.65442042801226
2014-11-25,182.41,2067.03,221.3994987253924
2014-11-26,182.83,2072.83,222.02073648807954
2014-11-28,182.3,2067.56,221.45626700370687
2014-12-01,180.93,2053.44,219.94387438144085
2014-12-02,182.28,2066.55,221.34808594503204
2014-12-03,182.85,2074.33,222.1814014267055
2014-12-04,182.81,2071.92,221.92326642531307
2014-12-05,183.16,2075.37,222.29279578415282
2014-12-08,181.7,2060.31,220.67971980034784
2014-12-09,181.53,2059.82,220.62723592039669
2014-12-10,178.79,2026.14,217.0197724984477
2014-12-11,179.19,2035.33,218.0041130224296
2014-12-12,176.21,2002.33,214.46948437265775
2014-12-15,175.57,1989.63,213.109187892291
2014-12-16,173.95,1972.74,211.3001006833623
2014-12-17,177.78,2012.89,215.60056554058477
2014-12-18,182.36,2061.23,220.77826096270513
2014-12-19,182.98,2070.65,221.78723677727638
2014-12-22,183.47,2078.54,222.6323343544491
2014-12-23,184.05,2082.17,223.02114350592402
2014-12-24,184.02,2081.88,222.99008161778966
2014-12-26,184.51,2088.77,223.7280692358784
2014-12-29,184.64,2090.57,223.9208671622296
2014-12-30,183.85,2080.35,222.82620338039112
2014-12-31,181.7,2058.9,220.52869475803942
2015-01-02,181.15,2058.2,220.45371778668058
2015-01-05,178.47,2020.58,216.42424112594065
2015-01-06,176.56,2002.61,214.49947516120125
2015-01-07,178.78,2025.9,216.99406610826753
2015-01-08,181.92,2062.14,220.87573102547154
2015-01-09,180.17,2044.81,219.0195154345459
2015-01-12,179.04,2028.26,217.24684561170577
2015-01-13,178.47,2023.03,216.68666052569648
2015-01-14,177.72,2011.27,215.4270474068687
2015-01-15,176.08,1992.67,213.43480216790635
2015-01-16,178.2,2019.42,216.29999357340324
2015-01-20,178.53,2022.55,216.63524774533613
2015-01-21,179.4,2032.12,217.66029005376996
2015-01-22,182.05,2063.15,220.98391208414637
2015-01-23,180.95,2051.82,219.7703562477247
2015-01-26,181.79,2057.09,220.33482573209736
2015-01-27,179.71,2029.55,217.3850174589241
2015-01-28,176.3,2002.16,214.45127567961347
2015-01-29,178.69,2021.25,216.49600479852697
2015-01-30,176.03,1994.99,213.68329727298124
2015-02-02,178.56,2020.85,216.45316081489338
2015-02-03,180.77,2050.03,219.57862942096443
2015-02-04,179.71,2041.51,218.66605256956876
2015-02-05,181.92,2062.52,220.9164328099235
2015-02-06,181.74,2055.47,220.1613075983813
2015-02-09,180.81,2046.74,219.22623765557805
2015-02-10,182.56,2068.59,221.56659026156336
2015-02-11,182.87,2068.53,221.56016366401832
2015-02-12,184.49,2088.48,223.697007347744
2015-02-13,185.33,2096.99,224.60851309954876
2015-02-17,185.55,2100.34,224.96733146248022
2015-02-18,185.51,2099.68,224.89663888948476
2015-02-19,185.48,2097.45,224.65778368072745
2015-02-20,186.52,2110.3,226.03414665495686
2015-02-23,186.5,2109.66,225.96559628114306
2015-02-24,187.12,2115.48,226.58897624301196
2015-02-25,186.81,2113.86,226.41545810929588
2015-02-26,186.79,2110.74,226.08127503695377
2015-02-27,186.15,2104.5,225.41290889226966
2015-03-02,187.14,2117.39,226.79355626486236
2015-03-03,186.32,2107.78,225.76422955806518
2015-03-04,185.59,2098.53,224.77346243653824
2015-03-05,185.88,2101.04,225.04230843383905
2015-03-06,183.31,2071.26,221.85257385231768
2015-03-09,183.93,2079.43,222.72766221803386
2015-03-10,180.77,2044.16,218.94989396114133
2015-03-11,180.55,2040.24,218.53002292153207
2015-03-12,182.72,2065.95,221.28381996958157
2015-03-13,181.46,2053.4,219.93958998307744
2015-03-16,183.79,2081.19,222.91617574602168
2015-03-17,183.59,2074.28,222.17604592875128
2015-03-18,185.92,2099.5,224.87735909684963
2015-03-19,184.94,2089.27,223.78162421542035
2015-03-20,186.52,2108.1,225.79850474497198
2015-03-23,186.12,2104.42,225.4043400955429
2015-03-24,185.25,2091.5,224.02047942417767
2015-03-25,182.48,2061.05,220.75898117007
2015-03-26,182.01,2056.15,220.23414237055843
2015-03-27,182.37,2061.02,220.75576787129748
2015-03-30,184.41,2086.24,223.4570810393958
2015-03-31,183.1,2067.89,221.4916132902045
2015-04-01,182.41,2059.69,220.61331162571574
2015-04-02,182.99,2066.96,221.3920010282564
2015-04-06,184.21,2080.62,222.8551230693438
2015-04-07,183.72,2076.33,222.39562134487346
2015-04-08,184.45,2081.9,222.99222381697132
2015-04-09,185.32,2091.18,223.98620423727078
2015-04-10,186.19,2102.06,225.15156059210466
2015-04-13,185.39,2092.43,224.12009168612576
2015-04-14,185.79,2095.84,224.48533664660224
2015-04-15,186.56,2106.63,225.64105310511854
2015-04-16,186.65,2104.99,225.46539277222075
2015-04-17,184.41,2081.18,222.91510464643082
2015-04-20,185.79,2100.4,224.97375806002526
2015-04-21,185.79,2097.29,224.64064608727404
2015-04-22,186.61,2107.96,225.78350935070029
2015-04-23,187.21,2112.93,226.31584584734773
2015-04-24,187.63,2117.69,226.8256892525876
2015-04-27,187.01,2108.92,225.88633491142096
2015-04-28,187.65,2114.76,226.5118570724715
2015-04-29,186.5,2106.85,225.6646172961171
2015-04-30,184.72,2085.51,223.37889076926464
2015-05-01,186.72,2108.29,225.81885563719806
2015-05-04,187.41,2114.49,226.48293738351882
2015-05-05,185.17,2089.46,223.80197510764643
2015-05-06,184.3,2080.15,222.80478138857444
2015-05-07,185.19,2088.0,223.6455945673838
2015-05-08,187.34,2116.1,226.65538441764406
2015-05-11,186.39,2105.33,225.5018101583094
2015-05-12,186.14,2099.12,224.8366573123978
2015-05-13,186.1,2098.48,224.76810693858405
2015-05-14,188.14,2121.1,227.19093421306403
2015-05-15,188.28,2122.73,227.36552344637093
2015-05-18,188.9,2129.2,228.05852488164436
2015-05-19,188.76,2127.83,227.9117842376993
2015-05-20,188.59,2125.85,227.699706518713
2015-05-21,189.07,2130.82,228.2320430153605
2015-05-22,188.76,2126.06,227.72219961012064
2015-05-26,187.03,2104.2,225.3807759045445
2015-05-27,188.45,2123.48,227.44585591568398
2015-05-28,188.52,2120.79,227.15773012574803
2015-05-29,187.12,2107.39,225.72245667402245
2015-06-01,187.41,2111.73,226.187313896447
2015-06-02,187.19,2109.6,225.95916968359805
2015-06-03,188.01,2114.07,226.43795120070354
2015-06-04,186.5,2095.84,224.4853366466023
2015-06-05,185.9,2092.83,224.16293566975946
2015-06-08,184.65,2079.28,222.71159572417133
2015-06-09,184.81,2080.15,222.8047813885744
2015-06-10,187.21,2105.2,225.4878858636285
2015-06-11,187.41,2108.86,225.87990831387597
2015-06-12,185.97,2094.11,224.30003641738705
2015-06-15,185.12,2084.43,223.26321201345394
2015-06-16,186.32,2096.29,224.53353612819015
2015-06-17,186.34,2100.44,224.97804245838873
2015-06-18,188.62,2121.24,227.2059296073358
2015-06-19,187.1,2109.99,226.00094256764083
2015-06-22,188.44,2122.85,227.37837664146102
2015-06-23,188.77,2124.2,227.5229750862244
2015-06-24,187.26,2108.58,225.8499175253324
2015-06-25,186.77,2102.31,225.17833808187575
2015-06-26,186.92,2101.49,225.09050791542685
2015-06-29,182.89,2057.64,220.39373620959364
2015-06-30,183.24,2063.11,220.97962768578313
2015-07-01,184.72,2077.42,222.5123712002751
2015-07-02,184.52,2076.78,222.44382082646138
2015-07-06,184.14,2068.76,221.58479895460772
2015-07-07,184.96,2081.34,222.93224223988437
2015-07-08,181.88,2046.68,219.21981105803306
2015-07-09,182.06,2051.31,219.71573016859196
2015-07-10,184.54,2076.62,222.4266832330079
2015-07-13,186.81,2099.6,224.8880700927581
2015-07-14,187.48,2108.95,225.88954821019345
2015-07-15,187.68,2107.4,225.72352777361328
2015-07-16,188.82,2124.29,227.53261498254196
2015-07-17,188.98,2126.64,227.78432338638933
2015-07-20,189.27,2128.28,227.95998371928712
2015-07-21,188.6,2119.21,226.98849639039528
2015-07-22,188.02,2114.15,226.44651999743027
2015-07-23,187.17,2102.15,225.1612004884223
2015-07-24,185.3,2079.65,222.7512264090324
2015-07-27,184.14,2067.64,221.4648358004336
2015-07-28,186.17,2093.25,224.20792185257477
2015-07-29,187.44,2108.57,225.8488464257416
2015-07-30,187.64,2108.63,225.85527302328663
2015-07-31,187.17,2103.84,225.34221631927429
2015-08-03,186.5,2098.04,224.72097855658708
2015-08-04,185.79,2093.32,224.21541954971065
2015-08-05,186.75,2099.84,224.9137764829383
2015-08-06,185.47,2083.56,223.1700263490508
2015-08-07,184.94,2077.57,222.52843769413766
2015-08-10,187.28,2104.18,225.37863370536274
2015-08-11,185.5,2084.07,223.22465242818362
2015-08-12,185.9,2086.05,223.43673014716995
2015-08-13,185.56,2083.39,223.1518176560065
2015-08-14,186.37,2091.54,224.02476382254105
2015-08-17,187.24,2102.44,225.19226237655664
2015-08-18,186.77,2096.92,224.601015402413
2015-08-19,184.87,2079.61,222.74694201066904
2015-08-20,180.66,2035.73,218.04695700606328
2015-08-21,175.84,1970.89,211.101947259057
2015-08-24,166.9,1893.21,202.7816456374122
2015-08-25,167.03,1867.61,200.03963068486186
2015-08-26,172.85,1940.51,207.8479467020852
2015-08-27,177.42,1987.66,212.89818127289564
2015-08-28,177.47,1988.87,213.02778432338727
2015-08-31,175.64,1972.18,211.2401191062754
2015-09-01,170.89,1913.85,204.9923951929059
2015-09-02,173.66,1948.86,208.74231486043658
2015-09-03,173.57,1951.13,208.98545446755728
2015-09-04,171.4,1921.22,205.78179559135495
2015-09-08,175.33,1969.41,210.94342451961273
2015-09-09,173.28,1942.04,208.01182493948374
2015-09-10,173.88,1952.29,209.10970202009472
2015-09-11,174.84,1961.05,210.04798526167053
2015-09-14,174.28,1953.03,209.1889633898169
2015-09-15,176.61,1978.09,211.87313896446182
2015-09-16,178.22,1995.31,213.7175724598882
2015-09-17,177.26,1990.2,213.170240568969
2015-09-18,174.86,1958.03,209.72451318523684
2015-09-21,175.98,1966.97,210.6820762194478
2015-09-22,173.2,1942.74,208.08680191084255
2015-09-23,172.89,1938.76,207.66050427368825
2015-09-24,172.01,1932.24,206.9621473404606
2015-09-25,172.06,1931.34,206.865748377285
2015-09-28,167.82,1881.77,201.55630770549132
2015-09-29,168.05,1884.09,201.80480281056617
2015-09-30,171.12,1920.03,205.654334740045
2015-10-01,171.84,1923.82,206.06028148497333
2015-10-02,174.19,1951.36,209.0100897581466
2015-10-05,177.03,1987.05,212.8328441978544
2015-10-06,176.47,1979.92,212.0691501895855
2015-10-07,178.16,1995.83,213.77326963861188
2015-10-08,179.88,2013.43,215.65840491849022
2015-10-09,179.97,2014.89,215.81478545875288
2015-10-12,180.28,2017.46,216.09005805359874
2015-10-13,178.76,2003.69,214.61515391701212
2015-10-14,177.86,1994.24,213.60296480366836
2015-10-15,181.0,2023.86,216.7755617917363
2015-10-16,181.58,2033.11,217.76632891326324
2015-10-19,181.76,2033.66,217.82523939075944
2015-10-20,181.14,2030.77,217.5156916090067
2015-10-21,180.06,2018.94,216.24858079304303
2015-10-22,184.05,2052.51,219.84426211949278
2015-10-23,185.22,2075.15,222.26923159315444
2015-10-26,184.88,2071.18,221.84400505559094
2015-10-27,184.72,2065.89,221.27739337203658
2015-10-28,186.87,2090.35,223.8973029712311
2015-10-29,186.74,2089.41,223.79661960969216
2015-10-30,185.91,2079.36,222.720164520898
2015-11-02,187.86,2104.05,225.36470941068188
2015-11-03,188.53,2109.79,225.97952057582398
2015-11-04,187.79,2102.31,225.1783380818757
2015-11-05,187.73,2099.93,224.92341637925577
2015-11-06,187.7,2099.2,224.84522610912447
2015-11-09,185.84,2078.58,222.6366187528125
2015-11-10,186.29,2081.72,222.97294402433621
2015-11-11,185.48,2075.0,222.25316509929178
2015-11-12,182.93,2045.97,219.14376298708336
2015-11-13,180.96,2023.04,216.6877316252873
2015-11-16,183.6,2053.19,219.9170968916698
2015-11-17,183.69,2050.44,219.6225445041888
2015-11-18,186.45,2083.58,223.17216854823243
2015-11-19,186.4,2081.24,222.92153124397586
2015-11-20,187.25,2089.17,223.770913219512
2015-11-23,186.85,2086.59,223.4945695250753
2015-11-24,186.9,2089.14,223.76769992073943
2015-11-25,187.19,2088.87,223.73878023178676
2015-11-27,187.37,2090.11,223.87159658105094
2015-11-30,186.45,2080.41,222.83262997793616
2015-12-01,188.26,2102.63,225.21261326878258
2015-12-02,186.6,2079.51,222.7362310147606
2015-12-03,183.89,2049.62,219.5347143377399
2015-12-04,187.23,2091.69,224.04083031640366
2015-12-07,186.56,2077.07,222.47488271459565
2015-12-08,184.57,2063.59,221.0310404661434
2015-12-09,183.06,2047.62,219.32049441957193
2015-12-10,183.71,2052.23,219.81427133094917
2015-12-11,180.17,2012.37,215.54486836186106
2015-12-14,180.92,2021.94,216.56991067029495
2015-12-15,183.39,2043.41,218.86956149182834
2015-12-16,185.8,2073.07,222.04644287825968
2015-12-17,182.29,2041.89,218.70675435402066
2015-12-18,179.34,2005.55,214.81437844090823
2015-12-21,181.41,2021.15,216.4852938026186
2015-12-22,183.3,2038.97,218.3939932734954
2015-12-23,184.83,2064.29,221.10601743750217
2015-12-24,184.67,2060.99,220.75255457252499
2015-12-28,184.45,2056.5,220.27163085623786
2015-12-29,186.61,2078.36,222.61305456181404
2015-12-30,184.97,2063.36,221.0064051755541
2015-12-31,183.26,2043.94,218.9263297701429
2016-01-04,180.87,2012.66,215.5759302499955
2016-01-05,181.12,2016.71,216.0097255842857
2016-01-06,178.8,1990.26,213.176667166514
2016-01-07,174.03,1943.09,208.1242903965219
2016-01-08,172.09,1922.03,205.86855465821293
2016-01-11,172.34,1923.67,206.0442149911107
2016-01-12,173.31,1938.68,207.65193547696148
2016-01-13,169.39,1890.28,202.46781345729607
2016-01-14,172.36,1921.84,205.84820376598697
2016-01-15,168.81,1880.33,201.4020693644103
2016-01-19,168.63,1881.33,201.5091793234943
2016-01-20,167.01,1859.33,199.15276022364637
2016-01-21,167.55,1868.99,200.1874424283978
2016-01-22,170.99,1906.9,204.2479809772721
2016-01-25,168.38,1877.08,201.05396199738735
2016-01-26,170.7,1903.63,203.89773141106747
2016-01-27,168.81,1882.95,201.68269745721042
2016-01-28,169.32,1893.36,202.7977121312748
2016-01-29,173.76,1940.24,207.81902701313257
2016-02-01,173.87,1939.38,207.72691244832035
2016-02-02,170.83,1903.03,203.8334654356171
2016-02-03,171.82,1912.53,204.85101004691506
2016-02-04,171.75,1915.45,205.16377112744033
2016-02-05,168.83,1880.05,201.37207857586685
2016-02-08,166.74,1853.44,198.52188256464171
2016-02-09,166.4,1852.21,198.3901373149684
2016-02-10,166.26,1851.86,198.352648829289
2016-02-11,164.26,1829.08,195.91268396135558
2016-02-12,167.3,1864.78,199.73650950065425
2016-02-16,170.04,1895.58,203.03549624044132
2016-02-17,173.11,1926.82,206.38161136222536
2016-02-18,172.54,1917.83,205.41869283006022
2016-02-19,172.36,1917.78,205.413337332106
2016-02-22,174.32,1945.5,208.3824253979144
2016-02-23,172.5,1921.27,205.7871510893092
2016-02-24,173.78,1929.8,206.7007990402957
2016-02-25,175.6,1951.7,209.04650714423522
2016-02-26,174.91,1948.05,208.65555579357863
2016-02-29,173.71,1932.23,206.9610762408698
2016-03-01,178.08,1978.35,211.90098755382368
2016-03-02,178.57,1986.45,212.76857822240407
2016-03-03,179.2,1993.4,213.51299243803788
2016-03-04,179.61,1999.99,214.2188470684014
2016-03-07,179.97,2001.76,214.40843169598008
2016-03-08,178.35,1979.26,211.99845761659017
2016-03-09,179.07,1989.26,213.0695572074301
2016-03-10,179.05,1989.57,213.10276129474613
2016-03-11,181.86,2022.19,216.5966881600661
2016-03-14,181.75,2019.64,216.3235577644019
2016-03-15,181.5,2015.93,215.92617981620026
2016-03-16,182.47,2027.22,217.13545125425858
2016-03-17,183.65,2040.59,218.56751140721158
2016-03-18,184.3,2049.58,219.53042993937672
2016-03-21,184.78,2051.6,219.74679205672638
2016-03-22,184.76,2049.8,219.55399413037523
2016-03-23,183.51,2036.71,218.15192476596573
2016-03-24,183.49,2035.94,218.06945009747105
2016-03-28,183.44,2037.05,218.18834215205428
2016-03-29,185.21,2055.01,220.11203701720288
2016-03-30,185.91,2063.95,221.06960005141377
2016-03-31,185.57,2059.74,220.61866712367015
2016-04-01,186.79,2072.78,222.0153809901255
2016-04-04,186.11,2066.13,221.3030997622169
2016-04-05,184.42,2045.17,219.05807501981633
2016-04-06,186.36,2066.66,221.35986804053138
2016-04-07,184.08,2041.91,218.7088965532025
2016-04-08,184.6,2047.6,219.3183522203904
2016-04-11,184.03,2041.99,218.7174653499292
2016-04-12,185.95,2061.72,220.83074484265643
2016-04-13,187.79,2082.42,223.04792099569516
2016-04-14,187.83,2082.78,223.0864805809654
2016-04-15,187.69,2080.73,222.8669051648432
2016-04-18,188.76,2094.34,224.3246717079764
2016-04-19,189.39,2100.8,225.016602043659
2016-04-20,189.78,2102.4,225.18797797819337
2016-04-21,188.4,2091.48,224.01833722499615
2016-04-22,188.69,2091.58,224.02904822090454
2016-04-25,188.44,2087.79,223.6231014759762
2016-04-26,188.92,2091.7,224.0419014159946
2016-04-27,189.12,2095.15,224.41143077483443
2016-04-28,187.47,2075.81,222.33992416614993
2016-04-29,186.25,2065.3,221.21419849617715
2016-05-02,187.63,2081.43,222.941882136202
2016-05-03,186.07,2063.37,221.00747627514502
2016-05-04,185.16,2051.12,219.69537927636608
2016-05-05,184.89,2050.63,219.64289539641496
2016-05-06,185.68,2057.14,220.34018123005177
2016-05-09,185.82,2058.69,220.50620166663197
2016-05-10,187.92,2084.39,223.25892761509064
2016-05-11,186.16,2064.46,221.12422613054662
2016-05-12,186.23,2064.11,221.0867376448672
2016-05-13,184.85,2046.61,219.21231336089727
2016-05-16,186.59,2066.66,221.35986804053138
2016-05-17,184.85,2047.21,219.27657933634768
2016-05-18,184.66,2047.63,219.321565519163
2016-05-19,184.42,2040.04,218.50860092971544
2016-05-20,185.43,2052.32,219.82391122726696
2016-05-23,185.0,2048.04,219.36548060238744
2016-05-24,187.69,2076.06,222.366701655921
2016-05-25,188.8,2090.54,223.91765386345728
2016-05-26,189.03,2090.1,223.8705254814603
2016-05-27,189.71,2099.06,224.83023071485292
2016-05-31,189.5,2096.96,224.60529980077652
2016-06-01,189.78,2099.33,224.8591504038056
2016-06-02,190.3,2105.26,225.49431246117373
2016-06-03,189.75,2099.13,224.83772841198882
2016-06-06,190.7,2109.41,225.93881879137228
2016-06-07,190.88,2112.13,226.2301578800808
2016-06-08,191.58,2119.12,226.97885649407792
2016-06-09,191.25,2115.48,226.58897624301218
2016-06-10,189.62,2096.07,224.50997193719184
2016-06-13,188.03,2079.06,222.68803153317305
2016-06-14,187.69,2075.32,222.28744028619892
2016-06-15,187.46,2071.5,221.87828024249802
2016-06-16,188.1,2077.99,222.57342387695314
2016-06-17,187.05,2071.22,221.8482894539545
2016-06-20,188.44,2083.25,223.13682226173498
2016-06-21,189.0,2088.9,223.74199353055954
2016-06-22,188.66,2085.45,223.3724641717197
2016-06-23,191.3,2113.32,226.35761873139074
2016-06-24,183.37,2037.41,218.22690173732457
2016-06-27,180.33,2000.54,214.2777575458976
2016-06-28,184.28,2036.09,218.08551659133366
2016-06-29,187.75,2070.77,221.80008997236664
2016-06-30,189.89,2098.86,224.8088087230361
2016-07-01,190.43,2102.95,225.24688845568963
2016-07-05,189.21,2088.55,223.70450504488014
2016-07-06,190.23,2099.73,224.9019943874392
2016-07-07,190.05,2097.9,224.7059831623155
2016-07-08,192.64,2129.9,228.1335018530034
2016-07-11,193.52,2137.16,228.91112015595317
2016-07-12,194.93,2152.14,230.51562734303144
2016-07-13,194.95,2152.43,230.54668923116577
2016-07-14,195.98,2163.75,231.7591739679966
2016-07-15,195.57,2161.74,231.54388295023773
2016-07-18,196.23,2166.89,232.09549923952034
2016-07-19,196.11,2163.78,231.76238726676914
2016-07-20,196.91,2173.02,232.75208328870522
2016-07-21,196.04,2165.17,231.91127010989587
2016-07-22,196.91,2175.03,232.96737430646408
2016-07-25,196.43,2168.48,232.2658040744639
2016-07-26,196.52,2169.18,232.34078104582267
2016-07-27,196.27,2166.58,232.06229515220429
2016-07-28,196.66,2170.06,232.4350378098166
2016-07-29,196.98,2173.6,232.81420706497394
2016-08-01,196.63,2170.84,232.51858357790212
2016-08-02,195.57,2157.03,231.03939504295215
2016-08-03,195.95,2163.79,231.7634583663599
2016-08-04,196.16,2164.25,231.81272894753855
2016-08-05,197.75,2182.87,233.80711638568252
2016-08-08,197.63,2180.89,233.59503866669618
2016-08-09,197.82,2181.74,233.68608213191757
2016-08-10,197.38,2175.49,233.0166448876426
2016-08-11,198.2,2185.79,234.11987746620775
2016-08-12,198.07,2184.05,233.93350613740165
2016-08-15,198.58,2190.15,234.58687688781401
2016-08-16,197.75,2178.15,233.30155737880605
2016-08-17,198.02,2182.22,233.73749491227787
2016-08-18,198.37,2187.02,234.25162271588107
2016-08-19,198.2,2183.87,233.91422634476646
2016-08-22,198.17,2182.64,233.78248109509315
2016-08-23,198.52,2186.9,234.23876952079098
2016-08-24,197.58,2175.44,233.0112893896884
2016-08-25,197.46,2172.47,232.6931728112089
2016-08-26,196.99,2169.04,232.32578565155083
2016-08-29,197.98,2180.38,233.54041258756337
2016-08-30,197.61,2176.12,233.0841241618655
2016-08-31,197.09,2170.95,232.53036567340123
2016-09-01,196.89,2170.86,232.5207257770837
2016-09-02,197.86,2179.98,233.49756860392975
2016-09-06,198.45,2186.48,234.19378333797573
2016-09-07,198.46,2186.16,234.15950815106882
2016-09-08,197.82,2181.3,233.63895374992063
2016-09-09,192.84,2127.81,227.90964203851766
2016-09-12,196.11,2159.04,231.25468606071087
2016-09-13,193.4,2127.02,227.82502517084131
2016-09-14,192.59,2125.77,227.6911377219863
2016-09-15,194.83,2147.26,229.99293074270142
2016-09-16,194.34,2139.16,229.125340074121
2016-09-19,194.38,2139.12,229.12105567575765
2016-09-20,194.21,2139.76,229.18960604957144
2016-09-21,196.5,2163.12,231.69169469377354
2016-09-22,197.6,2177.18,233.19766071849455
2016-09-23,196.67,2164.69,231.85985732953546
2016-09-26,195.0,2146.1,229.86868319016395
2016-09-27,196.19,2159.93,231.35001392429564
2016-09-28,197.14,2171.37,232.57535185621657
2016-09-29,195.8,2151.13,230.40744628435652
2016-09-30,196.88,2168.27,232.2433109830562
2016-10-03,196.23,2161.2,231.48604357233233
2016-10-04,195.45,2150.49,230.33889591054273
2016-10-05,196.24,2159.73,231.3285919324789
2016-10-06,196.53,2160.77,231.43998628992625
2016-10-07,195.62,2153.74,230.68700327756574
2016-10-10,196.77,2163.66,231.749534071679
2016-10-11,194.51,2136.73,228.865062873547
2016-10-12,194.25,2139.18,229.12748227330277
2016-10-13,193.78,2132.55,228.41734324457593
2016-10-14,193.83,2132.98,228.463400526982
2016-10-17,193.48,2126.5,227.76932799211772
2016-10-18,194.29,2139.6,229.17246845611808
2016-10-19,194.85,2144.29,229.67481416422206
2016-10-20,194.76,2141.34,229.35883978492427
2016-10-21,194.54,2141.16,229.3395599922891
2016-10-24,195.42,2151.33,230.42886827617335
2016-10-25,194.84,2143.16,229.55377991045708
2016-10-26,194.49,2139.43,229.15425976307375
2016-10-27,193.51,2133.04,228.46982712452703
2016-10-28,193.55,2126.41,227.75968809580013
2016-10-31,193.21,2126.15,227.73183950643832
2016-11-01,191.73,2111.72,226.18624279685622
2016-11-02,190.68,2097.94,224.71026756067877
2016-11-03,189.88,2088.66,223.71628714037928
2016-11-04,189.56,2085.18,223.343544482767
2016-11-07,194.03,2131.52,228.30701998671938
2016-11-08,194.61,2139.56,229.1681840577547
2016-11-09,196.87,2163.26,231.70669008804543
2016-11-10,197.5,2167.48,232.1586941153799
2016-11-11,196.99,2164.45,231.83415093935537
2016-11-14,196.88,2164.2,231.8073734495844
2016-11-15,198.61,2180.39,233.54148368715428
2016-11-16,198.01,2176.94,233.17195432831454
2016-11-17,199.06,2187.12,234.26233371178958
2016-11-18,198.74,2181.9,233.70321972537113
2016-11-21,199.85,2198.18,235.44696985925856
2016-11-22,200.52,2202.94,235.9568132644984
2016-11-23,200.57,2204.72,236.14746899166792
2016-11-25,201.52,2213.35,237.0718279385628
2016-11-28,200.57,2201.72,235.8261391144159
2016-11-29,200.84,2204.66,236.14104239412288
2016-11-30,200.38,2198.81,235.51444913348152
2016-12-01,199.77,2191.08,234.68648914976222
2016-12-02,199.77,2191.95,234.7796748141653
2016-12-05,200.88,2204.71,236.14639789207712
2016-12-06,201.41,2212.23,236.9518647843888
2016-12-07,203.84,2241.35,240.07090679291477
2016-12-08,204.84,2246.19,240.58931899488132
2016-12-09,205.97,2259.53,242.01816584906186
2016-12-12,205.58,2256.96,241.74289325421597
2016-12-13,207.17,2271.72,243.32383625029576
2016-12-14,205.72,2253.28,241.3487286047869
2016-12-15,206.31,2262.03,242.2859407467719
2016-12-16,206.02,2258.07,241.86178530879928
2016-12-19,206.46,2262.53,242.3394957263139
2016-12-20,207.05,2270.76,243.22101068957522
2016-12-21,206.49,2265.18,242.62333711788648
2016-12-22,206.34,2260.96,242.17133309055203
2016-12-23,206.45,2263.79,242.47445427475972
2016-12-27,206.54,2268.88,243.01964396649728
2016-12-28,205.11,2249.92,240.9888391422647
2016-12-29,205.09,2249.26,240.91814656926928
2016-12-30,204.28,2238.83,239.80098969602318
2017-01-03,205.78,2257.83,241.8360789186191
2017-01-04,206.85,2270.75,243.21993958998436
2017-01-05,206.85,2269.0,243.03249716158737
2017-01-06,207.5,2276.98,243.88723463507765
2017-01-09,206.91,2268.9,243.02178616567898
2017-01-10,206.79,2268.9,243.02178616567898
2017-01-11,207.42,2275.32,243.70943210299822
2017-01-12,206.76,2270.44,243.1867355026683
2017-01-13,207.6,2274.64,243.63659733082108
2017-01-17,206.7,2267.89,242.91360510700412
2017-01-18,207.06,2271.89,243.34204494334008
2017-01-19,206.6,2263.69,242.46374327885133
2017-01-20,206.99,2271.31,243.27992116707134
2017-01-23,206.64,2265.2,242.6254793170681
2017-01-24,207.79,2280.07,244.21820440864718
2017-01-25,209.55,2298.37,246.17831665988427
2017-01-26,209.57,2296.68,245.99730082903233
2017-01-27,209.11,2294.69,245.7841520104552
2017-01-30,207.92,2280.9,244.30710567468688
2017-01-31,207.78,2278.87,244.08967245774636
2017-02-01,207.78,2279.55,244.16250722992353
2017-02-02,207.86,2280.85,244.30175017673272
2017-02-03,209.29,2297.42,246.07656219875454
2017-02-06,208.87,2292.56,245.55600779760633
2017-02-07,209.05,2293.08,245.61170497632997
2017-02-08,209.21,2294.67,245.78200981127355
2017-02-09,210.5,2307.87,247.19586127118225
2017-02-10,211.27,2316.1,248.07737623444353
2017-02-13,212.51,2328.25,249.37876223731408
2017-02-14,213.49,2337.58,250.37809815556778
2017-02-15,214.71,2349.25,251.62807137807806
2017-02-16,214.27,2347.22,251.41063816113754
2017-02-17,214.48,2351.16,251.8326513999285
2017-02-21,215.59,2365.38,253.35575501810294
2017-02-22,215.67,2362.82,253.0815535228479
2017-02-23,215.84,2363.81,253.18759238234105
2017-02-24,216.04,2367.34,253.56569053790756
2017-02-27,216.35,2369.75,253.82382553929997
2017-02-28,215.84,2363.64,253.16938368929675
2017-03-01,218.65,2395.96,256.6311775668915
2017-03-02,217.59,2381.92,255.12735374135218
2017-03-03,217.53,2383.12,255.25588569225295
2017-03-06,217.0,2375.31,254.41935691180694
2017-03-07,216.17,2368.39,253.67815599494568
2017-03-08,215.96,2362.98,253.09869111630127
2017-03-09,216.16,2364.87,253.30112893897
2017-03-10,216.67,2372.6,254.1290889226893
2017-03-13,216.96,2373.47,254.2222745870924
2017-03-14,216.16,2365.45,253.36325271523873
2017-03-15,217.76,2385.26,255.48510100469275
2017-03-16,217.63,2381.38,255.06951436344684
2017-03-17,217.27,2378.25,254.7342601915139
2017-03-20,216.82,2373.47,254.2222745870924
2017-03-21,214.25,2344.02,251.06788629206872
2017-03-22,214.29,2348.45,251.54238341081083
2017-03-23,214.05,2345.96,251.2756796126917
2017-03-24,214.49,2343.98,251.06360189370537
2017-03-27,213.9,2341.59,250.8076090914946
2017-03-28,215.09,2358.57,252.62633619674085
2017-03-29,215.61,2361.13,252.9005376919959
2017-03-30,216.3,2368.06,253.642809708448
2017-03-31,215.81,2362.72,253.07084252693943
2017-04-03,215.52,2358.84,252.65525588569358
2017-04-04,215.57,2360.16,252.7966410316844
2017-04-05,214.65,2352.95,252.02437822668878
2017-04-06,215.3,2357.49,252.5106574409301
2017-04-07,215.17,2355.54,252.3017930207163
2017-04-10,215.19,2357.16,252.47531115443238
2017-04-11,215.07,2353.78,252.1132794927285
2017-04-12,214.12,2344.93,251.16535635483513
2017-04-13,212.9,2328.95,249.45373920867289
2017-04-17,214.51,2349.01,251.6023649878979
2017-04-18,213.8,2342.19,250.871875066945
2017-04-19,213.47,2338.17,250.44129303142734
2017-04-20,215.16,2355.84,252.33392600844155
2017-04-21,214.73,2348.69,251.56808980099098
2017-04-24,216.8,2374.15,254.29510935926953
2017-04-25,218.17,2388.61,255.84391936762412
2017-04-26,217.91,2387.45,255.71967181508666
2017-04-27,218.27,2388.77,255.86105696107754
2017-04-28,217.76,2384.2,255.37156444806365
2017-05-01,218.34,2388.33,255.81392857908057
2017-05-02,218.24,2391.17,256.1181208628791
2017-05-03,218.0,2388.13,255.79250658726374
2017-05-04,218.21,2389.52,255.94138943039047
2017-05-05,219.33,2399.29,256.9878537306411
2017-05-08,219.08,2399.38,256.9974936269587
2017-05-09,218.93,2396.92,256.7340031276121
2017-05-10,219.11,2399.63,257.0242711167297
2017-05-11,218.73,2394.44,256.4683704290838
2017-05-12,218.51,2390.9,256.0892011739264
2017-05-15,219.39,2402.32,257.31239690666564
2017-05-16,219.27,2400.67,257.135665474177
2017-05-17,215.65,2357.03,252.46138685975143
2017-05-18,216.21,2365.72,253.39217240419134
2017-05-19,217.85,2381.73,255.10700284912613
2017-05-22,218.88,2394.02,256.4233842462684
2017-05-23,219.36,2398.42,256.89466806623807
2017-05-24,219.72,2404.39,257.5341145219695
2017-05-25,220.77,2415.07,258.6780488849866
2017-05-26,220.8,2415.82,258.7583813542996
2017-05-30,220.52,2412.91,258.4466913733652
2017-05-31,220.55,2411.8,258.32779931878196
2017-06-01,222.24,2430.06,260.2836271716557
2017-06-02,222.99,2439.07,261.2486879030025
2017-06-05,222.7,2436.1,260.93057132452304
2017-06-06,222.35,2429.33,260.20543690152437
2017-06-07,222.47,2433.14,260.6135258456344
2017-06-08,222.51,2433.79,260.683147319039
2017-06-09,222.33,2431.77,260.46678520168933
2017-06-12,222.17,2429.39,260.2118634990694
2017-06-13,223.22,2440.35,261.38578865063
2017-06-14,222.97,2437.92,261.1255114500559
2017-06-15,222.67,2432.46,260.5406910734573
2017-06-16,222.58,2433.15,260.6145969452253
2017-06-19,224.09,2453.46,262.79000021422127
2017-06-20,223.18,2437.03,261.03018358647125
2017-06-21,222.81,2435.61,260.878087444572
2017-06-22,222.65,2434.5,260.75919538998875
2017-06-23,222.95,2438.3,261.16621323450795
2017-06-26,223.04,2439.07,261.24868790300263
2017-06-27,221.62,2419.38,259.13969280863876
2017-06-28,223.27,2440.69,261.4222060367187
2017-06-29,221.57,2419.7,259.1739679955456
2017-06-30,221.67,2423.41,259.57134594374725
2017-07-03,222.03,2429.01,260.17116171461765
2017-07-05,222.31,2432.54,260.54925987018413
2017-07-06,220.52,2409.75,258.10822390265986
2017-07-07,221.8,2425.18,259.7609305713259
2017-07-10,222.0,2427.43,260.00192797926485
2017-07-11,221.99,2425.53,259.7984190570053
2017-07-12,223.41,2443.25,261.69640753197365
2017-07-13,223.92,2447.83,262.18697114457837
2017-07-14,224.88,2459.27,263.41230907649924
2017-07-17,225.11,2459.14,263.3983847818183
2017-07-18,225.04,2460.61,263.5558364216718
2017-07-19,226.28,2473.83,264.97183008076223
2017-07-20,226.27,2473.45,264.9311282963103
2017-07-21,226.1,2472.54,264.8336582335439
2017-07-24,226.01,2469.91,264.55195904115294
2017-07-25,226.53,2477.13,265.3252929457394
2017-07-26,226.45,2477.83,265.4002699170982
2017-07-27,226.33,2475.42,265.1421349157058
2017-07-28,226.18,2472.1,264.7865298515469
2017-07-31,225.97,2470.3,264.59373192519575
2017-08-01,226.36,2476.35,265.2417471776539
2017-08-02,226.47,2477.57,265.37242132773645
2017-08-03,226.31,2472.16,264.792956449092
2017-08-04,226.34,2476.83,265.29315995801426
2017-08-07,226.83,2480.91,265.73016859107696
2017-08-08,226.41,2474.92,265.08857993616385
2017-08-09,226.43,2474.02,264.99218097298825
2017-08-10,223.19,2438.21,261.15657333819036
2017-08-11,223.41,2441.32,261.4896853109416
2017-08-14,225.56,2465.84,264.1160215076812
2017-08-15,225.58,2464.61,263.98427625800787
2017-08-16,225.92,2468.11,264.35916111480185
2017-08-17,222.44,2430.01,260.2782716737016
2017-08-18,222.2,2425.55,259.800561256187
2017-08-21,222.31,2428.37,260.10261134080383
2017-08-22,224.58,2452.51,262.68824575309156
2017-08-23,223.54,2444.04,261.7810243996501
2017-08-24,223.48,2438.97,261.23797690709426
2017-08-25,223.63,2443.05,261.674985540157
2017-08-28,223.75,2444.24,261.8024463914669
2017-08-29,224.06,2446.3,262.02309290718
2017-08-30,224.85,2457.59,263.2323643452383
2017-08-31,226.15,2471.65,264.7383303699593
2017-09-01,226.54,2476.55,265.26316916947087
2017-09-05,225.21,2457.85,263.26021293460013
2017-09-06,225.74,2465.54,264.0838885199561
2017-09-07,225.82,2465.1,264.0367601379591
2017-09-08,225.47,2461.43,263.6436665881208
2017-09-11,227.73,2488.11,266.50136029648183
2017-09-12,228.51,2496.48,267.39787065401487
2017-09-13,228.56,2498.37,267.60030847668355
2017-09-14,228.52,2495.62,267.30575608920253
2017-09-15,228.79,2500.23,267.7995330005798
2017-09-18,229.29,2503.87,268.18941325164553
2017-09-19,229.47,2506.65,268.48717893789905
2017-09-20,229.51,2508.24,268.65748377284257
2017-09-21,229.13,2500.6,267.83916368544084
2017-09-22,228.99,2502.22,268.01268181915685
2017-09-25,228.76,2496.66,267.4171504466498
2017-09-26,228.64,2496.84,267.436430239285
2017-09-27,229.45,2507.04,268.52895182194175
2017-09-28,229.75,2510.06,268.85242389837543
2017-09-29,230.51,2519.36,269.8485465178566
2017-10-02,231.45,2529.12,270.8939397185164
2017-10-03,232.04,2534.58,271.478760095115
2017-10-04,232.36,2537.74,271.81722756582036
2017-10-05,233.62,2552.07,273.35211327949406
2017-10-06,233.16,2549.33,273.0586319916039
2017-10-09,233.05,2544.73,272.5659261798175
2017-10-10,233.48,2550.64,273.1989460380039
2017-10-11,233.89,2555.24,273.6916518497903
2017-10-12,233.57,2550.93,273.2300079261382
2017-10-13,233.88,2553.17,273.4699342344864
2017-10-16,234.19,2557.64,273.94871575159186
2017-10-17,234.26,2559.36,274.13294488121636
2017-10-18,234.54,2561.26,274.336453803476
2017-10-19,234.58,2562.1,274.42642616910655
2017-10-20,235.82,2575.21,275.83063773269777
2017-10-23,234.85,2564.98,274.7349028512685
2017-10-24,235.2,2569.13,275.17940918146707
2017-10-25,234.4,2557.15,273.8962318716408
2017-10-26,234.67,2560.4,274.24433923866377
2017-10-27,236.23,2581.07,276.45830209293
2017-10-30,235.29,2572.83,275.57571603007784
2017-10-31,235.7,2575.26,275.835993230652
2017-11-01,235.89,2579.36,276.27514406289635
2017-11-02,236.07,2579.85,276.32762794284747
2017-11-03,236.61,2587.84,277.18343651592863
2017-11-06,237.16,2591.13,277.535828281315
2017-11-07,236.99,2590.64,277.4833444013638
2017-11-08,237.38,2594.38,277.88393564833797
2017-11-09,236.73,2584.62,276.83854244767815
2017-11-10,236.33,2582.3,276.5900473426033
2017-11-13,236.55,2584.84,276.86210663867666
2017-11-14,236.18,2578.87,276.22266018294516
2017-11-15,235.0,2564.62,274.6963432659982
2017-11-16,236.83,2585.64,276.9477946059438
2017-11-17,236.02,2578.85,276.22051798376344
2017-11-20,236.55,2582.14,276.5729097491498
2017-11-21,237.86,2599.03,278.38199695807856
2017-11-22,237.71,2597.08,278.1731325378647
2017-11-24,238.29,2602.42,278.7450997193733
2017-11-27,238.36,2601.42,278.63798976028926
2017-11-28,240.58,2627.04,281.3821469120212
2017-11-29,240.49,2626.07,281.2782502517098
2017-11-30,242.59,2647.58,283.5821854716065
2017-12-01,242.22,2642.22,283.0080760909163
2017-12-04,241.7,2639.44,282.71031040466283
2017-12-05,240.79,2629.57,281.6531351085038
2017-12-06,240.88,2629.27,281.6210021207786
2017-12-07,241.82,2636.98,282.4468199053162
2017-12-08,242.87,2651.5,284.00205651121587
2017-12-11,243.83,2659.99,284.911420063839
2017-12-12,244.14,2664.11,285.3527130952651
2017-12-13,244.25,2662.85,285.2177545468192
2017-12-14,243.05,2652.01,284.0566825903487
2017-12-15,245.43,2675.81,286.6058996165478
2017-12-18,246.57,2690.16,288.1429275294031
2017-12-19,245.63,2681.47,287.2121419849632
2017-12-20,245.4,2679.25,286.9743578757967
2017-12-21,245.97,2684.57,287.5441828581236
2017-12-22,245.81,2683.34,287.41243760845026
2017-12-26,245.9,2680.5,287.1082453246517
2017-12-27,245.75,2682.62,287.3353184379098
2017-12-28,245.77,2687.54,287.86229943660305
2017-12-29,244.89,2673.61,286.370257706563
2018-01-02,246.43,2695.81,288.74809879822766
2018-01-03,248.08,2713.06,290.5957455924266
2018-01-04,249.26,2723.99,291.76645744521466
2018-01-05,250.98,2743.15,293.8186842612641
2018-01-08,251.36,2747.71,294.30710567468714
2018-01-09,251.87,2751.29,294.6905593282079
2018-01-10,251.71,2748.23,294.36280285341087
2018-01-11,253.44,2767.56,296.43323836250454
2018-01-12,255.2,2786.24,298.43405239819356
2018-01-16,254.64,2776.42,297.38223259998875
2018-01-17,256.57,2802.56,300.1820869304444
2018-01-18,255.89,2798.03,299.6968788157939
2018-01-19,257.24,2810.3,301.0111180137545
2018-01-22,259.46,2832.97,303.4393007861887
2018-01-23,259.85,2839.13,304.0990981341462
2018-01-24,259.98,2837.54,303.9287932992026
2018-01-25,260.01,2839.25,304.1119513292362
2018-01-26,263.05,2872.87,307.71298815364014
2018-01-29,261.14,2853.53,305.6414815449557
2018-01-30,258.48,2822.43,302.3103618174434
2018-01-31,258.59,2823.81,302.45817356097933
2018-02-01,258.28,2821.98,302.26216233585563
2018-02-02,252.28,2762.13,295.8516312846785
2018-02-05,238.64,2648.94,283.7278550159609
2018-02-06,246.56,2695.14,288.6763351256415
2018-02-07,244.18,2681.66,287.23249287718926
2018-02-08,237.34,2581.0,276.4508043957942
2018-02-09,239.67,2619.55,280.5798933184822
2018-02-12,242.99,2656.0,284.4840513270938
2018-02-13,243.58,2662.94,285.22739444313675
2018-02-14,246.81,2698.63,289.05014888284455
2018-02-15,250.19,2731.2,292.53872025021025
2018-02-16,250.28,2732.22,292.6479724084759
2018-02-20,248.36,2716.26,290.93849746149533
2018-02-21,246.97,2701.33,289.33934577237125
2018-02-22,248.13,2703.96,289.6210449647622
2018-02-23,251.54,2747.3,294.26319059146255
2018-02-26,254.81,2779.6,297.7228422698756
2018-02-27,251.43,2744.28,293.9397185150289
2018-02-28,248.41,2713.83,290.6782202609212
2018-03-01,245.09,2677.67,286.8051241404439
2018-03-02,246.19,2691.25,288.25967738480455
2018-03-05,248.77,2720.94,291.43977207000836
2018-03-06,249.28,2728.12,292.20882157623146
2018-03-07,249.21,2726.8,292.0674364302406
2018-03-08,250.67,2738.97,293.3709646322928
2018-03-09,254.77,2786.57,298.46939868469104
2018-03-12,254.79,2783.02,298.08915832994285
2018-03-13,253.31,2765.31,296.1922409545653
2018-03-14,251.59,2749.48,294.4966903022656
2018-03-15,251.73,2747.33,294.26640389023504
2018-03-16,251.78,2752.01,294.7676784987481
2018-03-19,248.74,2712.92,290.5807501981547
2018-03-20,248.81,2716.94,291.01133223367236
2018-03-21,248.33,2711.93,290.4747113386615
2018-03-22,241.48,2643.69,283.1655277307696
2018-03-23,237.32,2588.26,277.2284226987437
2018-03-26,242.96,2658.55,284.75718172275776
2018-03-27,238.96,2612.62,279.8376213020298
2018-03-28,238.21,2605.0,279.0214434138097
2018-03-29,241.45,2640.87,282.86347764615266
2018-04-02,235.24,2581.88,276.54506115978774
2018-04-03,238.74,2614.45,280.0336325271535
2018-04-04,241.82,2644.69,283.2726376898535
2018-04-05,243.17,2662.84,285.2166834472281
2018-04-06,238.05,2604.47,278.9646751354952
2018-04-09,239.26,2613.16,279.8954606799351
2018-04-10,242.55,2656.87,284.5772369914966
2018-04-11,241.27,2642.19,283.0048627921435
2018-04-12,243.37,2663.99,285.3398599001746
2018-04-13,242.76,2656.3,284.5161843148187
2018-04-16,244.99,2677.84,286.82333283348794
2018-04-17,247.25,2706.39,289.88132216533603
2018-04-18,247.55,2708.64,290.122319573275
2018-04-19,246.02,2693.13,288.46104410788223
2018-04-20,244.06,2670.14,285.99858614854116
2018-04-23,244.03,2670.29,286.0146526424038
2018-04-24,240.75,2634.56,282.1876138043326
2018-04-25,241.59,2639.4,282.70602600629917
2018-04-26,244.33,2666.94,285.65583427947246
2018-04-27,244.06,2669.91,285.97395085795193
2018-04-30,241.82,2648.05,283.6325271523758
2018-05-01,242.3,2654.8,284.3555193761928
2018-05-02,240.04,2635.67,282.3065058589159
2018-05-03,240.43,2629.73,281.67027270195695
2018-05-04,243.28,2663.42,285.27880722349676
2018-05-07,243.92,2672.63,286.2652899466604
2018-05-08,243.94,2671.92,286.18924187571076
2018-05-09,246.3,2697.79,288.9601765172137
2018-05-10,248.37,2723.07,291.66791628285716
2018-05-11,249.36,2727.72,292.1659775925977
2018-05-14,249.49,2730.13,292.4241125939901
2018-05-15,247.48,2711.45,290.42329855830104
2018-05-16,248.76,2722.46,291.60257920781584
2018-05-17,248.37,2720.13,291.3530130031501
2018-05-18,247.85,2712.97,290.5861056961087
2018-05-21,249.68,2733.01,292.73258927615205
2018-05-22,249.04,2724.44,291.81465692680223
2018-05-23,249.47,2733.29,292.7625800646956
2018-05-24,249.17,2727.76,292.17026199096114
2018-05-25,248.33,2721.33,291.481544954051
2018-05-29,245.95,2689.86,288.11079454167765
2018-05-30,248.9,2724.01,291.76859964439615
2018-05-31,247.16,2705.27,289.761359011162
2018-06-01,249.74,2734.62,292.9050363102773
2018-06-04,250.82,2746.87,294.21713330905624
2018-06-05,251.37,2748.8,294.42385553008836
2018-06-06,253.26,2772.35,296.9462950665164
2018-06-07,253.26,2770.37,296.73421734753015
2018-06-08,253.86,2779.03,297.66178959319757
2018-06-11,254.24,2782.0,297.97990617167704
2018-06-12,254.38,2786.85,298.49938947323443
2018-06-13,253.54,2775.63,297.297615732312
2018-06-14,254.4,2782.49,298.0323900516282
2018-06-15,254.04,2779.66,297.7292688674205
2018-06-18,253.6,2773.75,297.0962490092341
2018-06-19,252.37,2762.59,295.9009018658567
2018-06-20,252.9,2767.32,296.407531972324
2018-06-21,251.12,2749.76,294.52668109080906
2018-06-22,251.76,2754.88,295.0750840813191
2018-06-25,248.36,2717.07,291.0252565283532
2018-06-26,248.93,2723.06,291.66684518326633
2018-06-27,246.78,2699.63,289.1572588419283
2018-06-28,248.11,2716.31,290.9438529594493
2018-06-29,248.29,2718.37,291.16449947516236
2018-07-02,248.81,2726.71,292.0577965339229
2018-07-03,247.54,2713.22,290.61288318587975
2018-07-05,249.84,2736.61,293.11818512885446
2018-07-06,252.08,2759.82,295.604207279194
2018-07-09,254.31,2784.17,298.21233478288923
2018-07-10,255.16,2793.84,299.24808808723145
2018-07-11,253.08,2774.02,297.12516869818666
2018-07-12,255.31,2798.29,299.72472740515525
2018-07-13,255.75,2801.31,300.04819948158894
2018-07-16,255.13,2798.43,299.73972279942706
2018-07-17,256.48,2809.55,300.9307855444411
2018-07-18,256.91,2815.62,301.5809429960809
2018-07-19,255.93,2804.49,300.38880915147604
2018-07-20,255.52,2801.83,300.1038966603126
2018-07-23,256.55,2806.98,300.6555129495952
2018-07-24,257.37,2820.4,302.09292860050243
2018-07-25,259.22,2846.07,304.8424412501886
2018-07-26,259.33,2837.44,303.9180823032937
2018-07-27,257.05,2818.82,301.92369486514974
2018-07-30,255.75,2802.6,300.1863713288073
2018-07-31,257.0,2816.29,301.6527066686672
2018-08-01,256.43,2813.36,301.3388744885511
2018-08-02,258.05,2827.22,302.82341852145527
2018-08-03,259.06,2840.35,304.2297722842281
2018-08-06,260.01,2850.4,305.3062273730223
2018-08-07,260.9,2858.45,306.1684625436484
2018-08-08,260.49,2857.7,306.0881300743354
2018-08-09,260.36,2853.58,305.64683704290934
2018-08-10,258.8,2833.28,303.47250487350425
2018-08-13,257.78,2821.93,302.25680683790085
2018-08-14,259.19,2839.96,304.18799940018533
2018-08-15,257.39,2818.37,301.8754953835618
2018-08-16,259.53,2840.69,304.26618967031663
2018-08-17,260.22,2850.13,305.27730768406957
2018-08-20,260.79,2857.05,306.0185086009308
2018-08-21,261.09,2862.96,306.6515284591172
2018-08-22,261.04,2861.82,306.52942310576145
2018-08-23,260.74,2856.98,306.0110109037949
2018-08-24,262.45,2874.69,307.90792827917244
2018-08-27,264.44,2896.74,310.2697028769745
2018-08-28,264.51,2897.52,310.35324864506003
2018-08-29,265.92,2914.04,312.12270516912764
2018-08-30,264.76,2901.13,310.7399155973533
2018-08-31,264.76,2901.52,310.78168848139603
2018-09-04,264.42,2896.72,310.2675606777928
2018-09-05,263.5,2888.6,309.3978278100308
2018-09-06,262.66,2878.05,308.2678177416946
2018-09-07,262.27,2871.68,307.5855273023295
2018-09-10,262.77,2877.13,308.16927657933735
2018-09-11,263.64,2887.89,309.32177973908114
2018-09-12,263.53,2888.92,309.43210299693766
2018-09-13,265.05,2904.18,311.06660097255946
2018-09-14,265.15,2904.98,311.1522889398267
2018-09-17,263.73,2888.8,309.4192498018477
2018-09-18,265.17,2904.31,311.0805252672405
2018-09-19,265.46,2907.95,311.4704055183062
2018-09-20,267.7,2930.75,313.9125125854213
2018-09-21,267.17,2929.67,313.79683382961065
2018-09-24,266.42,2919.37,312.69360125104544
2018-09-25,266.03,2915.56,312.2855123069354
2018-09-26,265.15,2905.97,311.2583277993199
2018-09-27,265.92,2914.0,312.11842077076443
2018-09-28,265.83,2913.98,312.11627857158277
2018-10-01,266.83,2924.59,313.252715237464
2018-10-02,266.69,2923.43,313.12846768492653
2018-10-03,266.97,2925.51,313.3512563998213
2018-10-04,264.8,2901.61,310.7913283777138
2018-10-05,263.55,2885.57,309.0732846340065
2018-10-08,263.53,2884.43,308.9511792806507
2018-10-09,263.03,2880.34,308.5130995479972
2018-10-10,253.26,2785.68,298.37407082110605
2018-10-11,250.03,2728.37,292.23559906600224
2018-10-12,252.12,2767.13,296.38718108009795
2018-10-15,250.35,2750.79,294.63700434866547
2018-10-16,256.61,2809.92,300.97041622930215
2018-10-17,256.47,2809.21,300.8943681583525
2018-10-18,252.46,2768.78,296.56391251258657
2018-10-19,252.03,2767.78,296.45680255350254
2018-10-22,251.03,2755.88,295.182194040403
2018-10-23,250.1,2740.69,293.55519376191705
2018-10-24,242.63,2656.1,284.4947623230018
2018-10-25,244.81,2705.57,289.79349199888713
2018-10-26,243.11,2658.69,284.7721771170294
2018-10-29,240.74,2641.25,282.90417943060453
2018-10-30,244.54,2682.63,287.3363895375003
2018-10-31,246.89,2711.74,290.4543604464353
2018-11-01,249.34,2740.37,293.52091857501017
2018-11-02,248.09,2723.06,291.6668451832662
2018-11-05,249.48,2738.31,293.30027205929713
2018-11-06,251.26,2755.45,295.1361367579968
2018-11-07,256.49,2813.89,301.3956427668655
2018-11-08,255.79,2806.83,300.63944645573247
2018-11-09,253.08,2781.01,297.87386731218373
2018-11-12,248.41,2726.22,292.00531265397154
2018-11-13,248.39,2722.18,291.57258841927217
2018-11-14,245.75,2701.58,289.36612326214185
2018-11-15,249.03,2730.2,292.4316102911258
2018-11-16,249.8,2736.27,293.0817677427657
2018-11-19,245.54,2690.73,288.20398020608053
2018-11-20,240.42,2641.89,282.9727298044182
2018-11-21,241.24,2649.93,283.8338938754535
2018-11-23,239.46,2632.56,281.9733938861645
2018-11-26,243.15,2673.45,286.3531201131091
2018-11-27,244.38,2682.17,287.2871189563216
2018-11-28,249.66,2743.79,293.88723463507745
2018-11-29,249.91,2737.76,293.24136158180096
2018-11-30,251.19,2760.17,295.6416957648733
2018-12-03,254.15,2790.37,298.8764165292099
2018-12-04,246.04,2700.06,289.2033161243342
2018-12-06,245.06,2695.95,288.76309419249895
2018-12-07,240.06,2633.08,282.0290910648881
2018-12-10,240.69,2637.72,282.5260812750379
2018-12-11,240.53,2636.78,282.42539791349895
2018-12-12,241.56,2651.07,283.9559992288093
2018-12-13,240.92,2650.54,283.8992309504947
2018-12-14,236.96,2599.95,278.48053812043537
2018-12-17,232.44,2545.94,272.69552923030875
2018-12-18,230.82,2546.16,272.7190934213072
2018-12-19,227.77,2506.96,268.5203830252146
2018-12-20,226.11,2467.42,264.2852552430334
2018-12-21,219.5,2416.62,258.8440693215664
2018-12-24,212.97,2351.1,251.826224802383
2018-12-26,224.73,2467.7,264.3152460315769
2018-12-27,226.91,2488.83,266.57847946702174
2018-12-28,226.09,2485.74,266.2475096934522
2018-12-31,227.84,2506.85,268.5086009297153
2019-01-02,228.37,2510.03,268.8492105996025
2019-01-03,222.61,2447.89,262.19339774212295
2019-01-04,230.21,2531.94,271.1959898031328
2019-01-07,231.96,2549.69,273.09719157687374
2019-01-08,233.96,2574.41,275.7449497654301
2019-01-09,234.87,2584.96,276.8749598337663
2019-01-10,235.91,2596.64,278.12600415586735
2019-01-11,236.0,2596.26,278.0853023714155
2019-01-14,234.69,2582.61,276.6232514299189
2019-01-15,236.96,2610.3,279.5891261969548
2019-01-16,237.66,2616.1,280.21036395964194
2019-01-17,239.67,2635.96,282.3375677470501
2019-01-18,242.96,2670.71,286.05963882521894
2019-01-22,239.37,2632.9,282.00981127225305
2019-01-23,239.94,2638.7,282.6310490349402
2019-01-24,239.55,2642.33,283.0198581864151
2019-01-25,242.23,2664.76,285.42233456866916
2019-01-28,240.28,2643.85,283.18266532422274
2019-01-29,240.12,2640.0,282.7702919817494
2019-01-30,243.96,2681.05,287.1671558021474
2019-01-31,245.96,2704.1,289.6360403590335
2019-02-01,245.94,2706.53,289.8963175596076
2019-02-04,247.49,2724.87,291.8607142092081
2019-02-05,248.37,2737.7,293.23493498425574
2019-02-06,248.24,2731.61,292.58263533343427
2019-02-07,245.92,2706.05,289.8449047792473
2019-02-08,246.12,2707.88,290.040916004371
2019-02-11,246.3,2709.8,290.2465671258123
2019-02-12,249.62,2744.73,293.98791799661626
2019-02-13,250.06,2753.03,294.8769306570134
2019-02-14,249.51,2745.73,294.09502795570023
2019-02-15,252.56,2775.6,297.2944024335392
2019-02-19,252.72,2779.76,297.73997986332864
2019-02-20,253.47,2784.7,298.2691030612035
2019-02-21,252.31,2774.88,297.2172832629987
2019-02-22,253.85,2792.67,299.122769435103
2019-02-25,254.38,2796.11,299.49122769435195
2019-02-26,253.88,2793.9,299.2545146847763
2019-02-27,254.19,2792.38,299.0917075469687
2019-02-28,253.26,2784.49,298.24660996979594
2019-03-01,255.1,2803.69,300.3031211842087
2019-03-04,253.88,2792.81,299.1377648293748
2019-03-05,253.88,2789.65,298.7992973586694
2019-03-06,252.06,2771.45,296.8498961033406
2019-03-07,250.1,2748.93,294.43777982476905
2019-03-08,249.83,2743.07,293.81011546453686
2019-03-11,253.19,2783.3,298.119149118486
2019-03-12,253.94,2791.52,298.99959298215646
2019-03-13,255.96,2810.92,301.077526188386
2019-03-14,255.3,2808.48,300.81617788822103
2019-03-15,256.89,2822.48,302.31571731539697
2019-03-18,257.86,2832.94,303.4360874874156
2019-03-19,257.5,2832.57,303.39645680255455
2019-03-20,256.64,2824.23,302.503159743794
2019-03-21,259.86,2854.88,305.7860799897185
2019-03-22,255.16,2800.71,299.9839335061384
2019-03-25,254.82,2798.36,299.732225102291
2019-03-26,256.27,2818.46,301.8851352798793
2019-03-27,255.14,2805.37,300.4830659154698
2019-03-28,256.09,2815.44,301.5616632034457
2019-03-29,257.61,2834.4,303.59246802767825
2019-04-01,260.59,2867.19,307.1046035860425
2019-04-02,260.27,2867.24,307.10995908399667
2019-04-03,261.43,2873.4,307.76975643195414
2019-04-04,261.7,2879.39,308.41134508686724
2019-04-05,262.9,2892.74,309.8412630406386
2019-04-08,263.11,2895.77,310.1658062166631
2019-04-09,261.68,2878.2,308.28388423555725
2019-04-10,262.76,2888.21,309.3560549259881
2019-04-11,262.52,2888.32,309.36783702148733
2019-04-12,264.4,2907.41,311.41256614040077
2019-04-15,264.13,2905.58,311.2165549152771
2019-04-16,264.31,2907.06,311.37507765472134
2019-04-17,263.31,2900.45,310.66708082517613
2019-04-18,264.17,2905.03,311.15764443778085
2019-04-22,264.4,2907.97,311.47254771748777
2019-04-23,266.71,2933.68,314.2263447655373
2019-04-24,266.06,2927.25,313.5376277286272
2019-04-25,265.65,2926.17,313.42194897281655
2019-04-26,267.03,2939.88,314.89042651185815
2019-04-29,267.17,2943.03,315.22782288297276
2019-04-30,267.67,2945.83,315.5277307684079
2019-05-01,265.35,2923.73,313.1606006726516
2019-05-02,264.85,2917.52,312.49544782673996
2019-05-03,267.58,2945.64,315.5073798761819
2019-05-06,266.21,2932.47,314.09674171504565
2019-05-07,262.42,2884.05,308.9104774961986
2019-05-08,262.11,2879.42,308.4145583856397
2019-05-09,260.79,2870.72,307.4827017416089
2019-05-10,262.08,2881.4,308.626636104626
2019-05-13,254.82,2811.87,301.17928064951576
2019-05-14,257.75,2834.41,303.593539127269
2019-05-15,259.18,2850.96,305.3662089501091
2019-05-16,261.31,2876.32,308.0825175124793
2019-05-17,259.81,2859.53,306.284141299459
2019-05-20,258.18,2840.23,304.2169190891379
2019-05-21,260.18,2864.36,306.80148240183473
2019-05-22,259.41,2856.27,305.9349628328452
2019-05-23,255.96,2822.24,302.2900109252168
2019-05-24,257.07,2826.06,302.69917096891766
2019-05-28,254.64,2802.39,300.16387823739944
2019-05-29,252.37,2783.02,298.08915832994245
2019-05-30,253.32,2788.86,298.71468049099303
2019-05-31,249.87,2752.06,294.77303399670194
2019-06-03,249.6,2744.45,293.9579272080727
2019-06-04,254.64,2803.27,300.2581350013934
2019-06-05,256.71,2826.15,302.7088108652352
2019-06-06,258.34,2843.49,304.5660975557517
2019-06-07,260.99,2873.34,307.76332983440903
2019-06-10,262.29,2886.73,309.19753218654375
2019-06-11,262.08,2885.72,309.0893511278689
2019-06-12,261.54,2879.84,308.45954456845504
2019-06-13,262.76,2891.64,309.7234420856461
2019-06-14,262.4,2886.98,309.2243096763147
2019-06-17,262.54,2889.67,309.5124354662507
2019-06-18,265.26,2917.75,312.5200831173293
2019-06-19,265.91,2926.46,313.4530108609509
2019-06-20,268.32,2954.18,316.4220989267592
2019-06-21,267.46,2950.46,316.02364987896675
2019-06-24,267.59,2945.35,315.4763179880475
2019-06-25,264.87,2917.38,312.4804524324682
2019-06-26,264.51,2913.78,312.0948565797658
2019-06-27,265.69,2924.92,313.28806152396146
2019-06-28,266.89,2941.76,315.091793234936
2019-07-01,269.02,2964.33,317.50926501146176
2019-07-02,270.08,2973.01,318.43897945631085
2019-07-03,271.96,2995.82,320.8821576230168
2019-07-05,271.08,2990.41,320.30269274437234
2019-07-08,269.99,2975.95,318.7538827360178
2019-07-09,270.31,2979.63,319.1480473854469
2019-07-10,271.72,2993.07,320.5876052355358
2019-07-11,272.3,2999.91,321.3202373556703
2019-07-12,273.35,3013.77,322.80478138857455
2019-07-15,273.51,3014.3,322.86154966688906
2019-07-16,272.58,3004.04,321.76260148668723
2019-07-17,270.58,2984.42,319.66110408945923
2019-07-18,271.72,2995.11,320.80610955206714
2019-07-19,269.86,2976.61,318.8245753090132
2019-07-22,270.95,2985.03,319.7264411645005
2019-07-23,272.67,3005.47,321.9157687281774
2019-07-24,273.89,3019.56,323.4249480516709
2019-07-25,272.53,3003.67,321.72297080182625
2019-07-26,274.16,3025.86,324.09974079390014
2019-07-29,273.91,3020.97,323.57597309397937
2019-07-30,273.05,3013.18,322.74158651271506
2019-07-31,270.33,2980.38,319.22837985476
2019-08-01,267.59,2953.56,316.35569075212726
2019-08-02,265.82,2932.05,314.0517555322305
2019-08-05,256.53,2844.74,304.6999850046068
2019-08-06,260.7,2881.77,308.66626678948717
2019-08-07,261.11,2883.98,308.90297979906285
2019-08-08,266.5,2938.09,314.6986996850979
2019-08-09,264.67,2918.65,312.616482080505
2019-08-12,261.09,2883.75,308.87834450847356
2019-08-13,265.78,2926.32,313.43801546667925
2019-08-14,257.51,2840.6,304.2565497739991
2019-08-15,258.21,2847.6,305.00631948758706
2019-08-16,262.11,2888.68,309.40639660675765
2019-08-19,265.03,2923.65,313.15203187592505
2019-08-20,262.72,2900.51,310.6735074227214
2019-08-21,265.53,2924.43,313.23557764401056
2019-08-22,264.89,2922.95,313.07705490456624
2019-08-23,258.84,2847.11,304.953835607636
2019-08-26,261.36,2878.38,308.30316402819255
2019-08-27,259.75,2869.16,307.3156102054381
2019-08-28,261.95,2887.94,309.3271352370355
2019-08-29,265.3,2924.58,313.25164413787314
2019-08-30,265.12,2926.46,313.4530108609511
2019-09-03,263.42,2906.27,311.2904607870452
2019-09-04,266.37,2937.78,314.66549559778196
2019-09-05,269.4,2976.0,318.75923823397227
2019-09-06,270.2,2978.71,319.0495062230899
2019-09-09,269.97,2978.43,319.01951543454635
2019-09-10,269.99,2979.39,319.122340995267
2019-09-11,272.12,3000.93,321.4294895139363
2019-09-12,273.01,3009.57,322.35491956042205
2019-09-13,272.53,3007.39,322.1214198496189
2019-09-16,271.9,2997.96,321.11137293545687
2019-09-17,272.49,3005.7,321.94040401876697
2019-09-18,272.53,3006.73,322.0507272766235
2019-09-19,272.49,3006.79,322.05715387416853
2019-09-20,270.81,2992.07,320.48049527645213
2019-09-23,271.49,2991.78,320.4494333883178
2019-09-24,269.07,2966.6,317.7524046185827
2019-09-25,270.52,2984.87,319.70930357104737
2019-09-26,270.0,2977.62,318.9327563676884
2019-09-27,268.48,2961.79,317.23720571538877
2019-09-30,269.81,2976.74,318.8384996036945
2019-10-01,266.12,2940.25,314.93005719671953
2019-10-02,260.94,2887.61,309.291788950538
2019-10-03,263.77,2910.63,311.75746020865154
2019-10-04,267.32,2952.01,316.18967031554735
2019-10-07,266.1,2938.79,314.7736766564569
2019-10-08,262.02,2893.06,309.8755382275458
2019-10-09,264.42,2919.4,312.69681454981827
2019-10-10,266.42,2938.13,314.7029840834615
2019-10-11,269.11,2970.27,318.14549816842117
2019-10-14,268.64,2966.15,317.7042051369951
2019-10-15,271.56,2995.68,320.8671622287455
2019-10-16,270.99,2989.69,320.2255735738324
2019-10-17,271.58,2997.95,321.1103018358662
2019-10-18,270.7,2986.2,319.8517598166292
2019-10-21,272.35,3006.72,322.04965617703283
2019-10-22,271.26,2995.99,320.9003663160616
2019-10-23,272.28,3004.52,321.8140142670481
2019-10-24,272.15,3010.29,322.43203873096274
2019-10-25,273.6,3022.55,323.7452068293326
2019-10-28,275.05,3039.42,325.55215183907956
2019-10-29,275.0,3036.89,325.281163642597
2019-10-30,276.09,3046.77,326.3394100383469
2019-10-31,275.0,3037.56,325.3529273151833
2019-11-01,277.49,3066.91,328.4966046142986
2019-11-04,278.62,3078.27,329.71337374949275
2019-11-05,278.28,3074.62,329.3224223988362
2019-11-06,278.6,3076.78,329.55377991045765
2019-11-07,279.55,3085.18,330.4535035667632
2019-11-08,279.96,3093.08,331.29967224352674
2019-11-11,279.69,3087.01,330.64951479188693
2019-11-12,280.1,3091.84,331.1668558942626
2019-11-13,280.41,3094.04,331.40249780424733
2019-11-14,280.55,3096.63,331.6799125982749
2019-11-15,282.47,3120.46,334.2323429232465
2019-11-18,282.79,3122.03,334.4005055590084
2019-11-19,282.5,3120.18,334.202352134703
2019-11-20,281.64,3108.46,332.9470234142386
2019-11-21,281.18,3103.54,332.4200424155453
2019-11-22,281.86,3110.29,333.14303463936227
2019-11-25,283.79,3133.64,335.6440521839736
2019-11-26,284.78,3140.52,336.3809687024715
2019-11-27,285.69,3153.63,337.7851802660627
2019-11-29,284.78,3140.98,336.4302392836501
2019-12-02,282.11,3113.87,333.52648829288296
2019-12-03,280.0,3093.2,331.3125254386168
2019-12-04,281.82,3112.76,333.4075962382998
2019-12-05,282.43,3117.43,333.907799747222
2019-12-06,284.99,3145.91,336.9582913819342
2019-12-09,283.95,3135.96,335.8925472890485
2019-12-10,284.08,3132.52,335.52408902979954
2019-12-11,284.72,3141.63,336.49986075705476
2019-12-12,286.98,3168.57,339.38540305477767
2019-12-13,287.34,3168.8,339.410038345367
2019-12-16,289.45,3191.45,341.8360789186195
2019-12-17,289.18,3192.52,341.9506865748394
2019-12-18,289.51,3191.14,341.8028748313035
2019-12-19,290.65,3205.37,343.3270495490687
2019-12-20,291.91,3221.22,345.02474240055
2019-12-23,292.05,3224.01,345.3235791863944
2019-12-24,291.91,3223.38,345.25609991217146
2019-12-26,293.61,3239.91,347.0266275358299
2019-12-27,292.98,3240.02,347.03840963132916
2019-12-30,291.71,3221.29,345.03224009768593
2019-12-31,292.39,3230.78,346.0487136093931
2020-01-02,294.92,3257.85,348.94818020179684
2020-01-03,292.79,3234.85,346.48465114286495
2020-01-06,293.52,3246.28,347.70891797519505
2020-01-07,292.77,3237.18,346.73421734753066
2020-01-08,295.03,3253.05,348.4340523981937
2020-01-09,296.46,3274.7,350.7529830123622
2020-01-10,295.44,3265.35,349.7515048949269
2020-01-13,297.7,3288.13,352.1914697628603
2020-01-14,297.55,3283.15,351.658062166622
2020-01-15,298.07,3289.29,352.31571731539776
2020-01-16,300.12,3316.81,355.26338338938933
2020-01-17,300.89,3329.62,356.63546196525533
2020-01-21,300.4,3320.79,355.68968102654367
2020-01-22,300.42,3321.75,355.79250658726426
2020-01-23,300.98,3325.54,356.1984533321926
2020-01-24,298.04,3295.47,352.97765686253683
2020-01-27,293.16,3243.63,347.4250765836225
2020-01-28,296.66,3276.24,350.9179323493516
2020-01-29,296.14,3273.4,350.6137400655531
2020-01-30,297.7,3283.66,351.71268824575486
2020-01-31,291.75,3225.52,345.4853152246113
2020-02-03,293.7,3248.92,347.99168826717687
2020-02-04,298.59,3297.59,353.2047299757949
2020-02-05,301.8,3334.69,357.1785094578111
2020-02-06,302.73,3345.78,358.3663589040526
2020-02-07,300.94,3327.71,356.43088194340476
2020-02-10,303.43,3352.09,359.04222274587255
2020-02-11,303.84,3357.75,359.6484651142879
2020-02-12,305.92,3379.45,361.9727512264106
2020-02-13,305.64,3373.94,361.3825753518578
2020-02-14,305.96,3380.16,362.04879929736023
2020-02-18,304.9,3370.29,360.9916240012012
2020-02-19,306.53,3386.15,362.69038795227345
2020-02-20,304.9,3373.23,361.30652728090826
2020-02-21,302.18,3337.75,357.5062659326081
2020-02-24,291.96,3225.89,345.52494590947225
2020-02-25,283.47,3128.21,335.06244510614755
2020-02-26,281.46,3116.39,333.7964053897747
2020-02-27,267.59,2978.76,319.05486172104435
2020-02-28,267.05,2954.22,316.426383325123
2020-03-02,277.37,3090.23,330.99440886013736
2020-03-03,271.21,3003.37,321.6908378141014
2020-03-04,281.87,3130.12,335.26702512799795
2020-03-05,272.89,3023.94,323.89408967245924
2020-03-06,268.23,2972.37,318.37042908249754
2020-03-09,248.66,2746.56,294.18392922174036
2020-03-10,259.33,2882.23,308.7155373706661
2020-03-11,247.98,2741.38,293.62909963368526
2020-03-12,223.43,2480.64,265.70124890212406
2020-03-13,243.97,2711.02,290.37724127589513
2020-03-16,218.63,2386.13,255.57828666909566
2020-03-17,225.93,2529.19,270.90143741565214
2020-03-18,218.29,2398.1,256.8603928793311
2020-03-19,217.16,2409.39,258.0696643173894
2020-03-20,208.02,2304.92,246.87988689188435
2020-03-23,201.84,2237.4,239.64782245453296
2020-03-24,221.61,2447.33,262.13341616503624
2020-03-25,224.25,2475.56,265.15713030997745
2020-03-26,237.06,2630.07,281.7066900880457
2020-03-27,229.43,2541.47,272.21674771320363
2020-03-30,237.36,2626.65,281.34037402797844
2020-03-31,233.59,2584.59,276.8353291489056
2020-04-01,222.52,2470.5,264.61515391701244
2020-04-02,228.75,2526.9,270.6561556093498
2020-04-03,225.68,2488.65,266.55919967438695
2020-04-06,240.38,2663.68,285.30665581285876
2020-04-07,240.16,2659.41,284.8492962875701
2020-04-08,248.61,2749.98,294.55024528180763
2020-04-09,252.68,2789.82,298.8175060517141
2020-04-13,250.81,2761.63,295.7980763051362
2020-04-14,258.43,2846.06,304.8413701505979
2020-04-15,252.24,2783.36,298.1255757160314
2020-04-16,253.38,2799.55,299.8596859536013
2020-04-17,260.88,2874.56,307.8940039844918
2020-04-20,255.11,2823.16,302.3885520875744
2020-04-21,248.34,2736.56,293.11282963090036
2020-04-22,253.47,2799.31,299.8339795634211
2020-04-23,252.77,2797.8,299.6722435252043
2020-04-24,257.2,2836.74,303.8431053319351
2020-04-27,260.79,2878.48,308.3138750241011
2020-04-28,260.63,2863.39,306.6975857415236
2020-04-29,267.33,2939.51,314.8507958269974
2020-04-30,263.83,2912.43,311.95025813500274
2020-05-01,256.49,2830.71,303.1972322786586
2020-05-04,256.81,2842.74,304.485765086439
2020-05-05,259.81,2868.44,307.2384910348977
2020-05-06,257.56,2848.42,305.09414965403613
2020-05-07,261.79,2881.19,308.6041430132187
2020-05-08,266.2,2929.8,313.81075812429174
2020-05-11,265.68,2930.32,313.8664553030154
2020-05-12,259.29,2870.12,307.41843576615884
2020-05-13,255.7,2820.0,302.05008461686896
2020-05-14,258.79,2852.5,305.53115828709883
2020-05-15,258.74,2863.7,306.73078982883953
2020-05-18,267.97,2953.91,316.3931792378068
2020-05-19,265.31,2922.94,313.07598380497546
2020-05-20,269.83,2971.61,318.2890255135936
2020-05-21,266.97,2948.51,315.8147854587533
2020-05-22,268.42,2955.45,316.55812857479617
2020-05-26,272.2,2991.77,320.44836228872697
2020-05-27,275.92,3036.13,325.199760073693
2020-05-28,276.15,3029.73,324.51425633555544
2020-05-29,276.51,3044.31,326.07591953900015
2020-06-01,277.61,3055.73,327.2991152717394
2020-06-02,279.7,3080.82,329.98650414515686
2020-06-03,283.4,3122.87,334.49047792463887
2020-06-04,282.74,3112.35,333.36368115507526
2020-06-05,289.67,3193.93,342.1017116171476
2020-06-08,293.38,3232.39,346.2211606435181
2020-06-09,291.38,3207.18,343.52091857501057
2020-06-10,289.6,3190.14,341.6957648722193
2020-06-11,273.63,3002.1,321.5548081660647
2020-06-12,275.86,3041.31,325.7545896617481
2020-06-15,279.35,3066.59,328.4623294273916
2020-06-16,284.48,3124.74,334.6907735481259
2020-06-17,283.45,3113.49,333.4857865084309
2020-06-18,282.63,3115.34,333.68393993273634
2020-06-19,279.12,3097.74,331.79880465285794
2020-06-22,283.79,3117.86,333.95385702962795
2020-06-23,284.5,3131.29,335.392343780126
2020-06-24,278.16,3050.33,326.72072149268564
2020-06-25,280.14,3083.76,330.30140742486367
2020-06-26,274.33,3009.05,322.2992223816983
2020-06-29,278.05,3053.24,327.03241147362
2020-06-30,281.92,3100.29,332.07193504852205
2020-07-01,283.09,3115.86,333.7396371114599
2020-07-02,285.46,3130.01,335.25524303249847
2020-07-06,289.38,3179.72,340.5796790985639
2020-07-07,286.14,3145.32,336.8950965060744
2020-07-08,288.61,3169.94,339.5321436987224
2020-07-09,286.55,3152.05,337.6159465307097
2020-07-10,289.97,3185.04,341.1495040808907
2020-07-13,287.21,3155.22,337.95548510100593
2020-07-14,290.43,3197.52,342.48623637025895
2020-07-15,293.71,3226.56,345.59670958205817
2020-07-16,291.43,3215.57,344.41957113172504
2020-07-17,293.21,3224.73,345.4006983569344
2020-07-20,296.06,3251.84,348.30444934770156
2020-07-21,296.61,3257.3,348.8892697243002
2020-07-22,297.91,3276.02,350.89436815835256
2020-07-23,294.44,3235.66,346.5714102097225
2020-07-24,292.3,3215.63,344.4259977292701
2020-07-27,294.88,3239.41,346.9730725562875
2020-07-28,293.12,3218.44,344.7269767142961
2020-07-29,296.72,3258.44,349.01137507765594
2020-07-30,296.38,3246.22,347.7024913776495
2020-07-31,297.73,3271.12,350.369529358841
2020-08-03,300.01,3294.61,352.8855422977241
2020-08-04,301.06,3306.51,354.1601508108236
2020-08-05,302.52,3327.77,356.43730854094935
2020-08-06,305.09,3349.16,358.728390565756
2020-08-07,305.14,3351.28,358.9554636790141
2020-08-10,305.87,3360.47,359.93980420299596
2020-08-11,303.79,3333.69,357.0713994987266
2020-08-12,307.44,3380.35,362.0691501895858
2020-08-13,307.24,3373.43,361.32794927272454
2020-08-14,306.67,3372.85,361.2658254964558
2020-08-17,308.33,3381.99,362.24481052248353
2020-08-18,309.0,3389.78,363.0791971037479
2020-08-19,307.7,3374.85,361.4800454146238
2020-08-20,308.42,3385.51,362.62183757845924
2020-08-21,309.5,3397.16,363.8696686017878
2020-08-24,312.69,3431.28,367.52426040573374
2020-08-25,314.1,3443.62,368.8459973008302
2020-08-26,317.5,3478.73,372.6066279642693
2020-08-27,317.96,3484.55,373.23000792613817
2020-08-28,319.71,3508.01,375.7428075662487
2020-08-31,319.21,3500.31,374.9180608813019
2020-09-01,321.77,3526.65,377.73933720357445
2020-09-02,326.53,3580.84,383.54362588633614
2020-09-03,315.79,3455.06,370.0713352327511
2020-09-04,311.78,3426.96,367.0615453824908
2020-09-08,304.3,3331.84,356.8732460744211
2020-09-09,310.2,3398.96,364.0624665281389
2020-09-10,304.75,3339.19,357.66050427368845
2020-09-11,304.14,3340.97,357.85116000085793
2020-09-14,308.62,3383.54,362.4108309590637
2020-09-15,310.7,3401.2,364.302392836487
2020-09-16,309.28,3385.49,362.61969537927746
2020-09-17,306.68,3357.01,359.5692037445653
2020-09-18,303.5,3319.47,355.548295880552
2020-09-21,299.72,3281.06,351.43420235213574
2020-09-22,301.94,3315.57,355.13056704012445
2020-09-23,295.72,3236.92,346.70636875816814
2020-09-24,296.34,3246.59,347.74212206251036
2020-09-25,300.84,3298.46,353.2979156401972
2020-09-28,306.22,3351.6,358.9897388659207
2020-09-29,305.1,3335.47,357.2620552258958
2020-09-30,306.77,3363.0,360.21079239947824
2020-10-01,308.21,3380.8,362.1173496711734
2020-10-02,305.6,3348.44,358.65127139521525
2020-10-05,310.52,3408.63,365.098219832481
2020-10-06,306.88,3360.95,359.991216983356
2020-10-07,311.78,3419.45,366.2571495897698
2020-10-08,314.59,3446.83,369.18982026948964
2020-10-09,317.86,3477.13,372.4352520297348
2020-10-12,323.31,3534.22,378.5501595938401
2020-10-13,320.75,3511.93,376.1626786058578
2020-10-14,318.57,3488.67,373.6713009575641
2020-10-15,318.07,3483.34,373.1004048756464
2020-10-16,316.86,3483.81,373.1507465564158
2020-10-19,313.24,3426.92,367.0572609841273
2020-10-20,314.11,3443.12,368.792442321288
2020-10-21,314.14,3435.56,367.98269103061295
2020-10-22,315.67,3453.49,369.903172596989
2020-10-23,315.9,3465.39,371.17778111008863
2020-10-26,310.57,3400.97,364.2777575458976
2020-10-27,309.61,3390.68,363.1755960669233
2020-10-28,298.67,3271.03,350.3598894625232
2020-10-29,302.22,3310.11,354.54574666352573
2020-10-30,298.78,3269.96,350.2452818063033
2020-11-02,302.06,3310.24,354.55967095820665
2020-11-03,307.64,3369.16,360.8705897474357
2020-11-04,314.36,3443.44,368.826717508195
2020-11-05,320.75,3510.45,376.0041558664135
2020-11-06,320.38,3509.44,375.8959748077387
2020-11-09,324.34,3550.5,380.29390972772757
2020-11-10,324.07,3545.53,379.76157323108015
2020-11-11,326.54,3572.66,382.66746642102896
2020-11-12,323.29,3537.01,378.84899637968454
2020-11-13,327.82,3585.15,384.00526980998814
2020-11-16,331.57,3626.91,388.4781817013358
2020-11-17,330.08,3609.53,386.616610612456
2020-11-18,326.26,3567.79,382.14584092028997
2020-11-19,327.63,3581.87,383.6539491441926
2020-11-20,325.28,3557.54,381.04796383967897
2020-11-23,327.27,3577.59,383.1955185193131
2020-11-24,332.46,3635.41,389.38861635354976
2020-11-25,331.96,3629.65,388.771662989226
2020-11-27,332.81,3638.35,389.70351963325675
2020-11-30,331.59,3621.63,387.91264111737235
2020-12-01,335.0,3662.45,392.28486964718104
2020-12-02,335.62,3669.01,392.9875109787721
2020-12-03,335.37,3666.72,392.7422291724697
2020-12-04,338.43,3699.12,396.21259184679116
2020-12-07,337.77,3691.96,395.4456845397498
2020-12-08,338.8,3702.25,396.5478460187241
2020-12-09,336.1,3672.82,393.3955999228821
2020-12-10,335.73,3668.1,392.8900409160056
2020-12-11,335.07,3663.46,392.39305070585584
2020-12-14,333.83,3647.49,390.6825046592844
2020-12-15,338.14,3694.62,395.73059703091315
2020-12-16,338.76,3701.17,396.43216726291337
2020-12-17,340.5,3722.48,398.71468049099326
2020-12-18,339.91,3709.41,397.3147533257654
2020-12-21,338.03,3694.92,395.7627300186383
2020-12-22,337.25,3687.26,394.9422677320549
2020-12-23,337.64,3690.01,395.23682011953593
2020-12-24,338.88,3703.06,396.6346050855821
2020-12-28,341.86,3735.36,400.0942567639952
2020-12-29,341.17,3727.04,399.2031019044163
2020-12-30,341.56,3732.04,399.73865169983634
2020-12-31,343.81,3756.07,402.31250401662476
2021-01-04,338.62,3700.65,396.3764700841897
2021-01-05,341.01,3726.86,399.1838221117812
2021-01-06,343.05,3748.14,401.46312204108864
2021-01-07,348.09,3803.79,407.423791264113
2021-01-08,350.11,3824.68,409.66131830937763
2021-01-11,347.77,3799.61,406.97607163514186
2021-01-12,348.0,3801.19,407.14530537049455
2021-01-13,348.85,3809.84,408.07180651657114
2021-01-14,347.7,3795.54,406.54013410167
2021-01-15,345.04,3768.25,403.61710331826777
2021-01-19,347.63,3798.91,406.90109466378306
2021-01-20,352.63,3851.85,412.57149589768983
2021-01-21,352.72,3853.07,412.7021700477723
2021-01-22,351.65,3841.47,411.4596945223979
2021-01-25,352.95,3855.36,412.94745185407464
2021-01-26,352.4,3849.62,412.3326406889325
2021-01-27,343.39,3750.77,401.74482123347946
2021-01-28,346.6,3787.38,405.6661168355446
2021-01-29,339.82,3714.24,397.8320944281411
2021-02-01,345.36,3773.86,404.217990188729
2021-02-02,350.18,3826.31,409.83590754268454
2021-02-03,350.66,3830.17,410.2493519847488
2021-02-04,354.42,3871.74,414.7019129838705
2021-02-05,355.87,3886.83,416.318202266448
2021-02-08,358.41,3915.59,419.3986846897037
2021-02-09,358.18,3911.23,418.93168526809745
2021-02-10,357.95,3909.88,418.7870868233341
2021-02-11,358.78,3916.38,419.48330155738006
2021-02-12,360.52,3934.83,421.45948030247973
2021-02-16,360.22,3932.59,421.2195539941316
2021-02-17,360.25,3931.33,421.08459544568575
2021-02-18,358.55,3913.97,419.2251665559876
2021-02-19,357.95,3906.71,418.44754825303784
2021-02-22,355.25,3876.5,415.21175638911035
2021-02-23,355.66,3881.37,415.73338188984934
2021-02-24,359.74,3925.43,420.4526466870902
2021-02-25,351.07,3829.34,410.16045071870906
2021-02-26,349.35,3811.15,408.21212056297117
2021-03-01,357.56,3901.82,417.92378055311707
2021-03-02,354.7,3870.29,414.5466035431986
2021-03-03,350.04,3819.72,409.13005291232093
2021-03-04,345.34,3768.47,403.64066750926617
2021-03-05,352.08,3841.94,411.5100362031674
2021-03-08,350.27,3821.35,409.3046421456279
2021-03-09,355.22,3875.44,415.0982198324813
2021-03-10,357.36,3898.81,417.60137957627427
2021-03-11,361.05,3939.34,421.94254621794863
2021-03-12,361.55,3943.34,422.3709860542846
2021-03-15,363.9,3968.94,425.1130010068349
2021-03-16,363.37,3962.71,424.4457059617416
2021-03-17,364.38,3974.12,425.66783059488995
2021-03-18,359.09,3915.46,419.3847603950228
2021-03-19,358.52,3913.1,419.13198089158453
2021-03-22,361.3,3940.59,422.0764336668036
2021-03-23,358.52,3910.52,418.85563719714787
2021-03-24,356.77,3889.14,416.565626271932
2021-03-25,358.59,3909.52,418.7485272380638
2021-03-26,364.49,3974.54,425.71281677770526
2021-03-29,363.97,3971.09,425.3432874188655
2021-03-30,362.93,3958.55,424.0001285319522
2021-03-31,364.75,3972.89,425.5360853452167
2021-04-01,368.65,4019.87,430.56811122298285
2021-04-05,373.96,4077.91,436.78477324821796
2021-04-06,373.62,4073.94,436.3595467106545
2021-04-07,374.17,4079.95,437.00327756474934
2021-04-08,375.92,4097.17,438.8477110601758
2021-04-09,378.72,4128.8,442.23559906600264
2021-04-12,378.79,4127.99,442.14883999914457
2021-04-13,379.94,4141.59,443.60553544268697
2021-04-14,378.58,4124.66,441.7921638353949
2021-04-15,382.67,4170.42,446.69351556307856
2021-04-16,383.94,4185.47,448.30552044729274
2021-04-19,382.03,4163.26,445.9266082560372
2021-04-20,379.36,4134.94,442.8932542147783
2021-04-21,382.88,4173.42,447.01484544033053
2021-04-22,379.48,4134.98,442.89753861314165
2021-04-23,383.5,4180.17,447.7378376641475
2021-04-26,384.24,4187.62,448.53580685932326
2021-04-27,384.19,4186.72,448.43940789614766
2021-04-28,383.94,4183.18,448.06023864099035
2021-04-29,386.44,4211.47,451.09037938347655
2021-04-30,383.78,4181.17,447.84494762323146
2021-05-03,384.81,4192.66,449.0756410531066
2021-05-04,382.28,4164.66,446.07656219875474
2021-05-05,382.44,4167.59,446.39039437887084
2021-05-06,385.59,4201.62,450.03534628649913
2021-05-07,388.44,4232.6,453.3536128189214
2021-05-10,384.6,4188.43,448.6225659261813
2021-05-11,381.18,4152.1,444.73126111265975
2021-05-12,373.14,4063.04,435.19204815663903
2021-05-13,377.57,4112.5,440.4897067329334
2021-05-14,383.27,4173.85,447.0609027227366
2021-05-17,382.24,4163.29,445.9298215548096
2021-05-18,379.04,4127.83,442.1317024056911
2021-05-19,377.99,4115.68,440.8303164028206
2021-05-20,381.92,4159.12,445.48317302542927
2021-05-21,381.69,4155.86,445.1339945588154
2021-05-24,385.55,4197.05,449.54585377348525
2021-05-25,384.79,4188.13,448.590432938456
2021-05-26,385.48,4195.99,449.4323172168562
2021-05-27,386.03,4200.88,449.95608491677694
2021-05-28,386.35,4204.11,450.3020500846182
2021-06-01,385.98,4202.04,450.0803324693144
2021-06-02,386.7,4208.12,450.7315610205451
2021-06-03,385.32,4192.85,449.0959919453325
2021-06-04,388.72,4229.89,453.0633448298038
2021-06-07,388.47,4226.52,452.7023842676907
2021-06-08,388.49,4227.26,452.78164563741285
2021-06-09,387.82,4219.55,451.95582785287525
2021-06-10,389.61,4239.18,454.0583963496941
2021-06-11,390.33,4247.44,454.94312461172785
2021-06-14,391.18,4255.15,455.76894239626546
2021-06-15,390.33,4246.59,454.8520811465065
2021-06-16,388.16,4223.7,452.4003341830738
2021-06-17,388.09,4221.86,452.20325185835924
2021-06-18,382.68,4166.45,446.26828902551506
2021-06-21,388.23,4224.79,452.51708403847545
2021-06-22,390.3,4246.44,454.8360146526439
2021-06-23,389.87,4241.84,454.34330884085756
2021-06-24,392.12,4266.49,456.983569332278
2021-06-25,393.53,4280.7,458.50560185086164
2021-06-28,394.38,4290.61,459.56706154538404
2021-06-29,394.52,4291.8,459.694522396694
2021-06-30,395.12,4297.5,460.3050491634728
2021-07-01,397.17,4319.94,462.7085966453176
2021-07-02,400.12,4352.34,466.1789593196391
2021-07-06,399.31,4343.54,465.2363916796999
2021-07-07,400.76,4358.13,466.79912598273546
2021-07-08,397.38,4320.82,462.8028534093115
2021-07-09,401.71,4369.55,468.02232171547473
2021-07-12,403.23,4384.63,469.6375398984614
2021-07-13,401.82,4369.21,467.98590432938613
2021-07-14,402.42,4374.3,468.53109402112375
2021-07-15,400.97,4360.03,467.0026349049951
2021-07-16,397.88,4327.16,463.4819305499042
2021-07-19,391.69,4258.49,456.1266896596062
2021-07-20,397.61,4323.06,463.04277971765987
2021-07-21,400.83,4358.69,466.8591075598225
2021-07-22,401.66,4367.48,467.80060410017086
2021-07-23,405.67,4411.79,472.5466463871828
2021-07-26,406.7,4422.3,473.6723720571556
2021-07-27,404.88,4401.46,471.4402005098451
2021-07-28,404.82,4400.64,471.3523703433963
2021-07-29,406.47,4419.15,473.33497568604093
2021-07-30,404.42,4395.26,470.7761187635244
2021-08-02,403.53,4387.16,469.908528094944
2021-08-03,406.77,4423.15,473.763415522377
2021-08-04,404.91,4402.66,471.56873246074593
2021-08-05,407.37,4429.1,474.4007197789268
2021-08-06,408.11,4436.52,475.19547567533004
2021-08-09,407.76,4432.35,474.74882714594975
2021-08-10,408.16,4436.75,475.2201109659193
2021-08-11,409.12,4447.7,476.3929650178891
2021-08-12,410.41,4460.83,477.7993187806619
2021-08-13,411.15,4468.0,478.5672971872941
2021-08-16,412.21,4479.71,479.82155480816766
2021-08-17,409.4,4448.08,476.4336668023409
2021-08-18,404.88,4400.27,471.31273965853507
2021-08-19,405.53,4405.8,471.9050577322695
2021-08-20,408.8,4441.67,475.7470919646124
2021-08-23,412.35,4479.53,479.80227501553253
2021-08-24,412.99,4486.23,480.5199117413953
2021-08-25,413.96,4496.19,481.58672693387183
2021-08-26,411.52,4470.0,478.78151710546206
2021-08-27,415.11,4509.37,482.998436194599
2021-08-30,416.93,4528.79,485.07851160001024
2021-08-31,416.49,4522.68,484.42406975000705
2021-09-01,416.56,4524.09,484.5750947923155
2021-09-02,417.85,4536.95,485.95252886613565
2021-09-03,417.78,4535.43,485.789721728328
2021-09-07,416.38,4520.03,484.1402283584344
2021-09-08,415.76,4514.07,483.5018530022938
2021-09-09,413.89,4493.28,481.2750369529375
2021-09-10,410.76,4458.58,477.5583213727229
2021-09-13,411.73,4468.73,478.6454874574255
2021-09-14,409.44,4443.05,475.89490370814855
2021-09-15,412.88,4480.7,479.9275936676609
2021-09-16,412.17,4473.75,479.18317945202716
2021-09-17,408.24,4432.99,474.81737751976345
2021-09-20,401.46,4357.73,466.7562819991019
2021-09-21,400.99,4354.19,466.37711274394456
2021-09-22,404.76,4395.64,470.8168205479763
2021-09-23,409.74,4448.98,476.5300657655166
2021-09-24,410.46,4455.48,477.2262804995626
2021-09-27,409.28,4443.11,475.9013303056936
2021-09-28,401.02,4352.63,466.2100212077737
2021-09-29,401.59,4359.46,466.94158222831743
2021-09-30,396.79,4307.54,461.38043315267635
2021-10-01,401.04,4357.04,466.6823761273341
2021-10-04,396.19,4300.46,460.6220946423616
2021-10-05,400.14,4345.72,465.4698913905033
2021-10-06,401.99,4363.55,467.3796619609709
2021-10-07,405.31,4399.76,471.2581135794024
2021-10-08,404.6,4391.34,470.35624772391515
2021-10-11,401.71,4361.19,467.12688245753264
2021-10-12,400.76,4350.65,465.9979434887873
2021-10-13,402.08,4363.8,467.4064394507419
2021-10-14,408.91,4438.26,475.38184700413626
2021-10-15,412.0,4471.37,478.9282577494073
2021-10-18,413.39,4486.46,480.5445470319848
2021-10-19,416.51,4519.63,484.0973843748009
2021-10-20,418.05,4536.19,485.87112529723186
2021-10-21,419.32,4549.78,487.3267496411834
2021-10-22,418.84,4544.9,486.80405304085355
2021-10-25,420.82,4566.48,489.11548595788616
2021-10-26,421.49,4574.79,490.0055697178742
2021-10-27,419.58,4551.68,487.5302585634431
2021-10-28,423.55,4596.42,492.3223581328611
2021-10-29,424.42,4605.38,493.28206336625374
2021-11-01,425.23,4613.67,494.1700049270601
2021-11-02,426.87,4630.65,495.9887320323063
2021-11-03,429.52,4660.57,499.19346200809946
2021-11-04,431.46,4680.06,501.2810351106466
2021-11-05,433.03,4697.53,503.1522460958439
2021-11-08,433.38,4701.7,503.59889462522415
2021-11-09,431.92,4685.25,501.8369357982925
2021-11-10,428.58,4646.71,497.7089179751953
2021-11-11,428.67,4649.27,497.9831194704504
2021-11-12,431.92,4682.85,501.579871896491
2021-11-15,431.99,4682.8,501.5745163985368
2021-11-16,433.56,4700.9,503.5132066579571
2021-11-17,432.66,4688.67,502.20325185835986
2021-11-18,434.07,4704.54,503.9030869090228
2021-11-19,433.42,4697.96,503.1983033782501
2021-11-22,432.06,4682.94,501.5895117928084
2021-11-23,432.87,4690.7,502.42068507530024
2021-11-24,433.84,4701.46,503.57318823504403
2021-11-26,424.31,4594.62,492.1295602065099
2021-11-29,429.41,4655.27,498.62577922495433
2021-11-30,421.58,4567.0,489.1711831366099
2021-12-01,416.25,4513.04,483.39152974443743
2021-12-02,422.46,4577.1,490.25299372335826
2021-12-03,418.93,4538.43,486.11105160558014
2021-12-06,423.78,4591.67,491.813585827212
2021-12-07,432.55,4686.75,501.99760073691834
2021-12-08,433.84,4701.21,503.54641074527296
2021-12-09,430.89,4667.45,499.9303785265972
2021-12-10,434.95,4712.02,504.704269402971
2021-12-13,430.88,4668.97,500.093185664405
2021-12-14,427.97,4634.09,496.3571902915552
2021-12-15,434.67,4709.85,504.4718407917587
2021-12-16,430.86,4668.67,500.06105267667976
2021-12-17,426.3,4620.64,494.9165613418754
2021-12-20,421.54,4568.02,489.2804352948756
2021-12-21,429.14,4649.23,497.9788350720868
2021-12-22,433.33,4696.56,503.0483494355324
2021-12-23,436.08,4725.79,506.1791735395575
2021-12-27,442.23,4791.19,513.1841648636508
2021-12-28,441.88,4786.35,512.6657526616843
2021-12-29,442.44,4793.06,513.3844604871379
2021-12-30,441.3,4778.73,511.8495747734641
2021-12-31,440.03,4766.18,510.50534478696005
2022-01-03,442.58,4796.56,513.759345343932
2022-01-04,442.41,4793.54,513.4358732674982
2022-01-05,433.93,4700.58,503.47893147105
2022-01-06,433.47,4696.05,502.99372335639947
2022-01-07,431.64,4677.03,500.95649193462185
2022-01-10,431.13,4670.29,500.2345708103958
2022-01-11,435.09,4713.07,504.8167348600091
2022-01-12,436.13,4726.35,506.23915511664467
2022-01-13,430.19,4659.03,499.02851267111
2022-01-14,430.44,4662.85,499.4376727148109
2022-01-18,422.72,4577.11,490.25406482294903
2022-01-19,418.37,4532.76,485.50373813757386
2022-01-20,413.79,4482.73,480.1450268846015
2022-01-21,405.96,4397.94,471.0631734538695
2022-01-24,407.23,4410.13,472.3688438551035
2022-01-25,402.17,4356.45,466.6191812514746
2022-01-26,401.47,4349.93,465.92082431824696
2022-01-27,399.28,4326.51,463.41230907649975
2022-01-28,409.03,4431.85,474.69527216640796
2022-01-31,416.52,4515.55,483.6603757417384
2022-02-01,419.37,4546.54,486.97971337375145
2022-02-02,423.27,4589.38,491.56830402090986
2022-02-03,413.26,4477.44,479.5784152010473
2022-02-04,415.44,4500.53,482.05158415629677
2022-02-07,413.89,4483.87,480.2671322379574
2022-02-08,417.29,4521.54,484.3019643966515
2022-02-09,423.32,4587.18,491.332662110925
2022-02-10,415.9,4504.08,482.4318245110449
2022-02-11,407.76,4418.64,473.2803496069083
2022-02-14,406.33,4401.67,471.46269360125285
2022-02-15,412.85,4471.07,478.8961247616822
2022-02-16,413.35,4475.01,479.31813800047314
2022-02-17,404.52,4380.26,469.16946937726453
2022-02-18,401.66,4348.87,465.80728776161783
2022-02-22,397.63,4304.76,461.0826674664228
2022-02-23,390.42,4225.5,452.59313210942526
2022-02-24,396.15,4288.7,459.36248152353386
2022-02-25,405.03,4384.65,469.6396820976433
2022-02-28,403.92,4373.94,468.4925344358537
2022-03-01,397.98,4306.26,461.24333240504893
2022-03-02,405.19,4386.54,469.84211992031214
2022-03-03,403.11,4363.49,467.373235363426
2022-03-04,400.15,4328.87,463.665088579938
2022-03-07,388.25,4201.09,449.978578008185
2022-03-08,385.5,4170.7,446.72350635162235
2022-03-09,395.35,4277.88,458.2035517662451
2022-03-10,393.68,4259.52,456.23701291746295
2022-03-11,388.53,4204.31,450.3234720764355
2022-03-14,385.84,4173.11,446.98164135301477
2022-03-15,394.2,4262.45,456.55084509757904
2022-03-16,403.08,4357.86,466.770206293783
2022-03-17,407.94,4411.67,472.5337931920929
2022-03-18,412.71,4463.12,478.0446005869645
2022-03-21,412.6,4461.18,477.8368072663416
2022-03-22,417.49,4511.61,483.2383625029475
2022-03-23,412.16,4456.24,477.30768406846664
2022-03-24,418.18,4520.16,484.1541526531157
2022-03-25,420.4,4543.06,486.6069707161393
2022-03-28,423.32,4575.52,490.0837599880058
2022-03-29,428.65,4631.6,496.0904864934363
2022-03-30,425.92,4602.45,492.9682311861377
2022-03-31,419.87,4530.41,485.2520297337266
2022-04-01,420.66,4545.86,486.90687860157436
2022-04-04,424.23,4582.64,490.84638289668385
2022-04-05,418.9,4525.12,484.68541805017236
2022-04-06,414.78,4481.15,479.97579314924906
2022-04-07,416.67,4500.21,482.0173089693901
2022-04-08,415.49,4488.28,480.739487157518
2022-04-11,408.59,4412.53,472.6259077569053
2022-04-12,407.11,4397.45,471.0106895739186
2022-04-13,411.67,4446.59,476.2740729633062
2022-04-14,406.6,4392.59,470.4901351727704
2022-04-18,406.53,4391.69,470.39373620959475
2022-04-19,413.25,4462.21,477.9471305241982
2022-04-20,412.9,4459.45,477.65150703712635
2022-04-21,406.87,4393.66,470.60474282899025
2022-04-22,395.45,4271.78,457.5501810158328
2022-04-25,397.82,4296.12,460.15723741993725
2022-04-26,386.49,4175.2,447.2055011675004
2022-04-27,387.39,4183.96,448.1437844090762
2022-04-28,396.96,4287.5,459.23394957263315
2022-04-29,382.5,4131.93,442.5708532379359
2022-05-02,384.68,4155.38,445.08258177845556
2022-05-03,386.37,4175.48,447.2354919560438
2022-05-04,398.05,4300.17,460.5910327542273
2022-05-05,383.96,4146.87,444.17107602665067
2022-05-06,381.76,4123.34,441.65077868940426
2022-05-09,369.53,3991.24,427.50155309440834
2022-05-10,370.39,4001.05,428.55230179302237
2022-05-11,364.22,3935.18,421.4969687881595
2022-05-12,363.94,3930.08,420.9507079968311
2022-05-13,372.52,4023.89,430.99869325850074
2022-05-16,371.13,4008.01,429.29778710824695
2022-05-17,378.54,4088.85,437.95655620059716
2022-05-18,363.53,3923.68,420.26520425869353
2022-05-19,361.21,3900.79,417.8134572952609
2022-05-20,361.37,3901.36,417.8745099719388
2022-05-23,368.07,3973.75,425.6281999100292
2022-05-24,365.17,3941.48,422.17176153038866
2022-05-25,368.53,3978.73,426.1616075062675
2022-05-26,375.85,4057.84,434.63507636940244
2022-05-27,385.12,4158.24,445.3889162614356
2022-05-31,382.85,4132.15,442.59441742893415
2022-06-01,379.86,4101.23,439.28257749405697
2022-06-02,386.93,4176.82,447.37901930121626
2022-06-03,380.6,4108.54,440.06555129496104
2022-06-06,381.85,4121.43,441.4461986675538
2022-06-07,385.4,4160.68,445.65026456160064
2022-06-08,381.25,4115.77,440.8399562991384
2022-06-09,372.19,4017.82,430.348535806861
2022-06-10,361.33,3900.86,417.82095499239676
2022-06-13,347.71,3749.63,401.622715880124
2022-06-14,346.48,3735.48,400.10710995908545
2022-06-15,351.41,3789.99,405.945673828754
2022-06-16,340.09,3666.77,392.74758467042403
2022-06-17,340.51,3674.84,393.61196204023184
2022-06-21,349.03,3764.79,403.2465028598372
2022-06-22,348.57,3759.89,402.7216640603256
2022-06-23,351.99,3795.73,406.56048499389607
2022-06-24,362.79,3911.74,418.9863113472304
2022-06-27,361.63,3900.11,417.7406225230836
2022-06-28,354.38,3821.55,409.32606413744486
2022-06-29,353.99,3818.83,409.0347250487364
2022-06-30,351.04,3785.38,405.4518969173767
2022-07-01,354.54,3825.33,409.7309397827823
2022-07-05,355.17,3831.39,410.38002613483127
2022-07-06,356.49,3845.08,411.84636147469115
2022-07-07,361.74,3902.62,418.00946852038425
2022-07-08,361.4,3899.38,417.6624322529521
2022-07-11,357.27,3854.43,412.84783959212643
2022-07-12,354.22,3818.8,409.03151174996367
2022-07-13,352.43,3801.78,407.20850024635405
2022-07-14,351.39,3790.38,405.9874467127965
2022-07-15,358.04,3863.16,413.78290953492973
2022-07-18,355.14,3830.85,410.3221867569258
2022-07-19,364.75,3936.69,421.658704826376
2022-07-20,367.07,3959.9,424.1447269767155
2022-07-21,370.66,3998.95,428.32737087894554
2022-07-22,367.3,3961.63,424.33002720593083
2022-07-25,367.76,3966.84,424.8880700927585
2022-07-26,363.43,3921.05,419.9835050663023
2022-07-27,372.81,4023.61,430.96870246995695
2022-07-28,377.35,4072.43,436.1978106724376
2022-07-29,382.91,4130.29,442.3951929050376
2022-08-01,381.71,4118.63,441.14629078211823
2022-08-02,379.23,4091.19,438.20719350485336
2022-08-03,385.02,4155.17,445.0600886870474
2022-08-04,384.65,4151.94,444.71412351920605
2022-08-05,384.14,4145.19,443.9911312953891
2022-08-08,383.68,4140.06,443.4416572052883
2022-08-09,382.08,4122.47,441.5575930250008
2022-08-10,390.0,4210.24,450.95863413380306
2022-08-11,389.97,4207.27,450.64051755532364
2022-08-12,396.57,4280.15,458.4466913733652
2022-08-15,398.17,4297.14,460.26648957820237
2022-08-16,399.05,4305.2,461.1297958484193
2022-08-17,396.18,4274.04,457.792249523362
2022-08-18,397.08,4283.74,458.83121612647676
2022-08-19,391.99,4228.48,452.9123197874951
2022-08-22,383.63,4137.99,443.21993958998434
2022-08-23,382.63,4128.73,442.22810136886653
2022-08-24,383.77,4140.77,443.5177052762379
2022-08-25,389.16,4199.12,449.767571388789
2022-08-26,376.06,4057.66,434.6157965767669
2022-08-29,373.44,4030.61,431.71847218354486
2022-08-30,369.39,3986.16,426.9574345022612
2022-08-31,366.51,3955.0,423.6198881772039
2022-09-01,367.65,3966.85,424.88914119234926
2022-09-02,363.55,3924.26,420.3273280349619
2022-09-06,362.25,3908.19,418.60607099248205
2022-09-07,368.69,3979.87,426.2837128596229
2022-09-08,371.05,4006.18,429.1017758831228
2022-09-09,376.77,4067.36,435.65476317988174
2022-09-12,380.88,4110.41,440.26584691844766
2022-09-13,364.3,3932.69,421.2302649900399
2022-09-14,365.71,3946.01,422.6569696450388
2022-09-15,361.44,3901.35,417.87343887234755
2022-09-16,358.74,3873.33,414.87221781881397
2022-09-19,361.26,3899.89,417.7170583320849
2022-09-20,357.15,3855.93,413.0085045307524
2022-09-21,351.02,3789.93,405.9392472312087
2022-09-22,347.86,3757.99,402.5181551380659
2022-09-23,342.05,3693.23,395.58171418778636
2022-09-26,338.46,3655.04,391.49118485036854
2022-09-27,337.63,3647.29,390.66108266746755
2022-09-28,344.17,3719.04,398.34622223174426
2022-09-29,337.0,3640.47,389.93059274651466
2022-09-30,332.14,3585.62,384.0556114907575
2022-10-03,340.32,3678.43,393.99648679334314
2022-10-04,350.74,3790.93,406.0463571902927
2022-10-05,349.89,3783.28,405.2269660033002
2022-10-06,346.46,3744.52,401.0753839892045
2022-10-07,336.91,3639.66,389.8438336796567
2022-10-10,334.33,3612.39,386.92294509543615
2022-10-11,331.93,3588.84,384.4005055590081
2022-10-12,330.94,3577.03,383.1355369422261
2022-10-13,339.54,3669.91,393.08390994194764
2022-10-14,331.77,3583.07,383.7824810950935
2022-10-17,340.23,3677.95,393.945074012983
2022-10-18,344.24,3719.98,398.4469055932834
2022-10-19,341.89,3695.16,395.7884364088186
2022-10-20,338.94,3665.78,392.64154581093084
2022-10-21,347.12,3752.75,401.9568989524659
2022-10-24,351.3,3797.34,406.7329320280213
2022-10-25,356.92,3859.11,413.34911420063975
2022-10-26,354.23,3830.6,410.295409267155
2022-10-27,352.24,3807.3,407.7997472204979
2022-10-28,360.7,3901.06,417.84237698421333
2022-10-31,358.1,3871.98,414.72761937405073
2022-11-01,356.53,3856.1,413.02671322379683
2022-11-02,347.56,3759.69,402.7002420685088
2022-11-03,343.78,3719.89,398.43726569696577
2022-11-04,348.55,3770.55,403.86345622416104
2022-11-07,351.85,3806.8,407.7461922409559
2022-11-08,353.7,3828.11,410.02870546903586
2022-11-09,346.34,3748.57,401.50917932349483
2022-11-10,365.29,3956.37,423.76662882114914
2022-11-11,368.91,3992.93,427.68256892526006
2022-11-14,365.75,3957.25,423.8608855851431
2022-11-15,368.84,3991.73,427.5540369743593
2022-11-16,365.98,3958.79,424.02583492213245
2022-11-17,364.76,3946.56,422.71588012253517
2022-11-18,366.49,3965.34,424.72740515413267
2022-11-21,365.02,3949.94,423.0779117842391
2022-11-22,369.83,4003.58,428.8232899895047
2022-11-23,371.93,4027.26,431.3596538206138
2022-11-25,371.89,4026.12,431.23754846725797
2022-11-28,366.15,3963.94,424.5774512114151
2022-11-29,365.38,3957.63,423.9015873695951
2022-11-30,376.38,4080.11,437.020415158203
2022-12-01,376.43,4076.57,436.6412459030456
2022-12-02,375.85,4071.7,436.1196204023065
2022-12-05,369.19,3998.84,428.31558878344663
2022-12-06,363.82,3941.26,422.1481973393901
2022-12-07,363.06,3933.92,421.3620102397136
2022-12-08,365.73,3963.51,424.5313939290091
2022-12-09,363.01,3934.38,421.4112808208923
2022-12-12,368.2,3990.56,427.4287183222312
2022-12-13,370.97,4019.65,430.5445470319847
2022-12-14,368.73,3995.32,427.93856172747104
2022-12-15,359.26,3895.75,417.27362310147754
2022-12-16,354.85,3852.36,412.62612197682296
2022-12-19,351.78,3817.66,408.9094063966083
2022-12-20,352.12,3821.62,409.33356183458096
2022-12-21,357.29,3878.44,415.41954970973364
2022-12-22,352.12,3822.39,409.41603650307565
2022-12-23,354.0,3844.82,411.81851288532977
2022-12-27,352.65,3829.25,410.150810822392
2022-12-28,348.3,3783.22,405.22053940575563
2022-12-29,354.18,3849.28,412.2962233028444
2022-12-30,353.2,3839.5,411.2486879030029
2023-01-03,351.83,3824.14,409.60347893147275
2023-01-04,354.43,3852.97,412.6914590518644
2023-01-05,350.27,3808.1,407.8854351877655
2023-01-06,358.18,3895.08,417.2018594288915
2023-01-09,358.02,3892.09,416.8816006512304
2023-01-10,360.49,3919.25,419.7907071399518
2023-01-11,365.0,3969.61,425.18476467942185
2023-01-12,366.23,3983.17,426.63717572460087
2023-01-13,367.58,3999.09,428.3423662732181
2023-01-17,366.78,3990.97,427.472633405456
2023-01-18,360.95,3928.86,420.820033846749
2023-01-19,358.18,3898.85,417.6056639746383
2023-01-20,364.86,3972.61,425.5060945566739
2023-01-23,369.25,4019.81,430.5616846254385
2023-01-24,368.91,4016.95,430.2553501424582
2023-01-25,368.84,4016.22,430.17715987232685
2023-01-26,372.82,4060.43,434.9124911634304
2023-01-27,373.62,4070.56,435.99751504895124
2023-01-30,368.89,4017.77,430.3431803089071
2023-01-31,374.15,4076.6,436.64445920181856
2023-02-01,378.01,4119.21,441.2084145583877
2023-02-02,383.43,4179.76,447.6939225809237
2023-02-03,379.43,4136.48,443.0582035517683
2023-02-06,377.21,4111.08,440.33761059103483
2023-02-07,381.99,4164.0,446.0058696257599
2023-02-08,377.85,4117.86,441.0638161136243
2023-02-09,374.31,4081.5,437.1692980013302
2023-02-10,375.04,4090.46,438.1290032347228
2023-02-13,379.38,4137.29,443.1449626186264
2023-02-14,379.22,4136.13,443.02071506608894
2023-02-15,380.39,4147.6,444.2492662967824
2023-02-16,375.04,4090.41,438.12364773676865
2023-02-17,373.92,4079.09,436.9111629999378
2023-02-21,366.44,3997.34,428.1549238448211
2023-02-22,365.82,3991.05,427.48120220218277
2023-02-23,367.63,4012.32,429.7594310318994
2023-02-24,363.7,3970.04,425.23082196182804
2023-02-27,364.82,3982.24,426.53756346265277
2023-02-28,363.67,3970.15,425.2426040573273
2023-03-01,361.93,3951.39,423.2332212249115
2023-03-02,364.52,3981.35,426.442235599068
2023-03-03,370.47,4045.64,433.3283348685781
2023-03-06,370.72,4048.42,433.6261005548317
2023-03-07,364.98,3986.37,426.9799275936697
2023-03-08,365.46,3992.01,427.5840277629035
2023-03-09,358.6,3918.32,419.6910948780038
2023-03-10,353.36,3861.59,413.6147468991687
2023-03-13,352.57,3855.76,412.990295837709
2023-03-14,358.5,3919.29,419.79499153831523
2023-03-15,355.85,3891.93,416.8644630577771
2023-03-16,362.15,3960.28,424.1854287611683
2023-03-17,357.85,3916.64,419.51115014674264
2023-03-20,361.11,3951.57,423.25250101754665
2023-03-21,365.89,4002.87,428.74724191855563
2023-03-22,359.98,3936.97,421.6886956149203
2023-03-23,360.66,3948.72,422.94723763415726
2023-03-24,362.76,3970.99,425.3325764229578
2023-03-27,363.31,3977.53,426.03307555536713
2023-03-28,362.79,3971.27,425.3625672115013
2023-03-29,367.86,4027.81,431.4185642981104
2023-03-30,369.9,4050.83,433.884235556224
2023-03-31,375.14,4109.31,440.1480259634561
2023-04-03,376.59,4124.51,441.7760973415328
2023-04-04,374.35,4100.6,439.2150982198345
2023-04-05,373.28,4090.38,438.120434437996
2023-04-06,374.62,4105.02,439.68852423898574
2023-04-10,375.0,4109.11,440.12660397163916
2023-04-11,375.03,4108.94,440.10839527859486
2023-04-12,373.44,4091.95,438.2885970737578
2023-04-13,378.31,4146.22,444.10145455324636
2023-04-14,377.5,4137.64,443.18245110430564
2023-04-17,378.68,4151.32,444.64771534457464
2023-04-18,378.97,4154.87,445.02795569932283
2023-04-19,378.83,4154.52,444.9904672136435
2023-04-20,376.48,4129.79,442.34163792549623
2023-04-21,376.86,4133.52,442.7411580728796
2023-04-24,377.11,4137.04,443.11818512885526
2023-04-25,371.11,4071.63,436.1121227051711
2023-04-26,369.54,4055.99,434.43692294509736
2023-04-27,376.59,4135.35,442.93716929800337
2023-04-28,379.74,4169.48,446.59283220154003
2023-05-01,379.49,4167.87,446.42038516741485
2023-05-02,375.05,4119.58,441.2480452432487
2023-05-03,372.4,4090.75,438.16006512285713
2023-05-04,369.52,4061.22,434.9971080311067
2023-05-05,376.27,4136.25,443.0335682611789
2023-05-08,376.5,4138.12,443.233863884666
2023-05-09,374.8,4119.17,441.20413016002425
2023-05-10,376.43,4137.64,443.18245110430564
2023-05-11,375.68,4130.62,442.43053919153596
2023-05-12,375.16,4124.08,441.7300400591266
2023-05-15,376.25,4136.28,443.03678155995135
2023-05-16,373.8,4109.9,440.2112208393155
2023-05-17,378.2,4158.77,445.44568453975046
2023-05-18,381.87,4198.05,449.65296373256973
2023-05-19,381.21,4191.98,449.0028062809298
2023-05-22,381.24,4192.63,449.0724277543344
2023-05-23,377.04,4145.58,444.03290417943236
2023-05-24,374.08,4115.24,440.7831880208239
2023-05-25,377.14,4151.28,444.64343094621114
2023-05-26,381.99,4205.45,450.44557742979123
2023-05-30,382.14,4205.52,450.45307512692716
2023-05-31,379.92,4179.83,447.70142027805923
2023-06-01,383.32,4221.02,452.1132794927291
2023-06-02,388.76,4282.37,458.6844754825322
2023-06-05,388.13,4273.79,457.7654720335915
2023-06-06,388.92,4283.85,458.8429982219765
2023-06-07,387.52,4267.52,457.09389259013483
2023-06-08,389.69,4293.93,459.9226666095431
2023-06-09,390.28,4298.86,460.45071870782715
2023-06-12,393.8,4338.93,464.7426147683229
2023-06-13,396.38,4369.01,467.96448233756945
2023-06-14,396.54,4372.59,468.3479359910901
2023-06-15,401.28,4425.84,474.05154131231285
2023-06-16,399.7,4409.59,472.3110044771979
2023-06-20,398.0,4388.71,470.0745485315241
2023-06-21,395.71,4365.69,467.6088772734104
2023-06-22,397.01,4381.89,469.3440586105712
2023-06-23,393.89,4348.33,465.74944838371226
2023-06-26,392.21,4328.82,463.65973308198346
2023-06-27,396.56,4378.41,468.9713159529588
2023-06-28,396.45,4376.86,468.8052955163785
2023-06-29,398.09,4396.44,470.90250851524314
2023-06-30,402.8,4450.38,476.680019708234
2023-07-03,403.16,4455.59,477.2380625950616
2023-07-05,402.4,4446.82,476.2987082538949
2023-07-06,399.1,4411.59,472.52522439536574
2023-07-07,397.93,4398.95,471.171354512544
2023-07-10,398.85,4409.53,472.30457787965264
2023-07-11,401.48,4439.26,475.48895696321995
2023-07-12,404.53,4472.16,479.01287461708336
2023-07-13,407.76,4510.04,483.0701998671851
2023-07-14,407.15,4505.42,482.5753518562171
2023-07-17,408.68,4522.79,484.435851845506
2023-07-18,411.73,4554.98,487.88372142841985
2023-07-19,412.56,4565.72,489.034082388982
2023-07-20,409.73,4534.87,485.72974015124066
2023-07-21,409.67,4536.34,485.8871917910941
2023-07-24,411.35,4554.64,487.84730404233125
2023-07-25,412.47,4567.46,489.220453717788
2023-07-26,412.4,4566.75,489.1444056468384
2023-07-27,409.62,4537.41,486.0017994473139
2023-07-28,413.41,4582.23,490.8024678134585
2023-07-31,414.13,4588.96,491.52331783809393
2023-08-01,412.94,4576.73,490.21336303849665
2023-08-02,407.2,4513.39,483.4290182301164
2023-08-03,405.81,4501.89,482.19725370065044
2023-08-04,403.68,4478.03,479.6416100769062
2023-08-07,407.24,4518.44,483.9699235234904
2023-08-08,405.52,4499.38,481.9284077033495
2023-08-09,402.58,4467.71,478.53623529915933
2023-08-10,402.58,4468.83,478.65619845333345
2023-08-11,402.13,4464.05,478.144212848912
2023-08-14,404.39,4489.72,480.8937254985982
2023-08-15,399.73,4437.86,475.3390030205021
2023-08-16,396.68,4404.33,471.74760609241577
2023-08-17,393.49,4370.36,468.1090807823324
2023-08-18,393.33,4369.71,468.03945930892786
2023-08-21,396.0,4399.77,471.25918467899277
2023-08-22,394.81,4387.55,469.9503009789863
2023-08-23,399.1,4436.01,475.14084959619674
2023-08-24,393.62,4376.31,468.74638503888224
2023-08-25,396.16,4405.71,471.8954178359517
2023-08-28,398.67,4433.31,474.85165270667005
2023-08-29,404.46,4497.63,481.74096527495266
2023-08-30,406.03,4514.87,483.58754096956073
2023-08-31,405.29,4507.66,482.81527816456514
2023-09-01,405.78,4515.77,483.68393993273645
2023-09-05,404.08,4496.83,481.65527730768554
2023-09-06,401.3,4465.48,478.2973800904022
2023-09-07,399.93,4451.14,476.7614232771378
2023-09-08,400.42,4457.49,477.44157151732105
2023-09-11,402.93,4487.46,480.6516569910685
2023-09-12,400.64,4461.9,477.91392643688147
2023-09-13,400.98,4467.44,478.50731561020683
2023-09-14,404.31,4505.1,482.54107666931026
2023-09-15,399.25,4450.32,476.6735931106889
2023-09-18,399.56,4453.53,477.01741607934855
2023-09-19,398.54,4443.95,475.99130267132387
2023-09-20,394.72,4402.2,471.519461879567
2023-09-21,388.06,4330.0,463.7861228337025
2023-09-22,387.09,4320.06,462.7214498404076
2023-09-25,388.66,4337.44,464.5830209292874
2023-09-26,382.98,4273.53,457.7376234442292
2023-09-27,382.87,4274.51,457.8425912041315
2023-09-28,385.0,4299.7,460.5406910734573
2023-09-29,383.94,4288.05,459.2928600501288
2023-10-02,383.82,4288.39,459.32927743621735
2023-10-03,378.54,4229.45,453.0162164478066
2023-10-04,381.47,4263.75,456.69008804438766
2023-10-05,380.85,4258.19,456.0945566718806
2023-10-06,385.36,4308.5,461.4832587133965
2023-10-09,387.77,4335.66,464.3923652021178
2023-10-10,389.79,4358.24,466.8109080782344
2023-10-11,391.41,4376.95,468.814935412696
2023-10-12,388.82,4349.61,465.88654913133956
2023-10-13,386.75,4327.78,463.54833872453594
2023-10-16,390.64,4373.63,468.4593303485372
2023-10-17,390.7,4373.2,468.41327306613107
2023-10-18,385.42,4314.6,462.13662946380896
2023-10-19,381.94,4278.0,458.21640496133466
2023-10-20,377.1,4224.16,452.4496047642523
2023-10-23,376.5,4217.04,451.68698185557423
2023-10-24,379.12,4247.68,454.9688310019079
2023-10-25,373.66,4186.77,448.44476339410176
2023-10-26,368.93,4137.23,443.1385360210805
2023-10-27,367.27,4117.37,441.01133223367236
2023-10-30,371.53,4166.82,446.3079197103759
2023-10-31,373.88,4193.8,449.1977464064622
2023-11-01,377.77,4237.86,453.91701120370305
2023-11-02,384.84,4317.78,462.477239133696
2023-11-03,388.42,4358.34,466.82161907414286
2023-11-06,389.15,4365.98,467.6399391615445
2023-11-07,390.19,4378.38,468.96810265418605
2023-11-08,390.5,4382.78,469.43938647415564
2023-11-09,387.2,4347.35,465.6444806238097
2023-11-10,393.25,4415.24,472.91617574602213
2023-11-13,392.79,4411.55,472.52093999700224
2023-11-14,400.4,4495.7,481.53424305392053
2023-11-15,401.13,4502.88,482.30329256014363
2023-11-16,401.49,4508.24,482.87740194083375
2023-11-17,401.86,4514.02,483.4964975043393
2023-11-20,404.95,4547.38,487.0696857393814
2023-11-21,403.97,4538.19,486.0853452153994
2023-11-22,405.39,4556.62,488.0593817613175
2023-11-24,405.48,4559.34,488.350720850026
2023-11-27,404.84,4550.43,487.39637111458757
2023-11-28,405.02,4554.89,487.87408153210214
2023-11-29,404.68,4550.58,487.41243760845003
2023-11-30,406.24,4567.8,489.2568711038765
2023-12-01,408.37,4594.63,492.13063130610016
2023-12-04,406.21,4569.78,489.46894882286284
2023-12-05,406.08,4567.18,489.1904629292445
2023-12-06,404.39,4549.34,487.279621259186
2023-12-07,407.37,4585.59,491.1623572759809
2023-12-08,408.97,4604.37,493.17388230757837
2023-12-11,410.57,4622.44,495.1093592682261
2023-12-12,412.21,4643.7,497.38651699835185
2023-12-13,417.79,4707.09,504.17621730468636
2023-12-14,418.95,4719.55,505.510807394873
2023-12-15,418.42,4719.19,505.4722478096027
2023-12-18,420.62,4740.56,507.7611876352278
2023-12-19,423.01,4768.37,510.73991559735373
2023-12-20,416.82,4698.35,503.2400762622924
2023-12-21,420.94,4746.75,508.42419828195773
2023-12-22,421.69,4754.63,509.26822475953963
2023-12-26,423.42,4774.75,511.4232771363096
2023-12-27,424.17,4781.58,512.1548381568533
2023-12-28,424.06,4783.35,512.3444227844321
2023-12-29,422.98,4769.83,510.8962961376165
2024-01-02,420.11,4742.83,508.0043272423486
2024-01-03,416.53,4704.81,503.93200659797515
2024-01-04,415.04,4688.68,502.20432295795024
2024-01-05,415.5,4697.24,503.12118420770923
2024-01-08,421.34,4763.54,510.22257449497823
2024-01-09,420.59,4756.5,509.4685203830269
2024-01-10,423.01,4783.45,512.3551337803406
2024-01-11,422.59,4780.24,512.0113108116809
2024-01-12,422.68,4783.83,512.3958355647925
2024-01-16,421.1,4765.98,510.48392279514314
2024-01-17,418.71,4739.21,507.6165891904646
2024-01-18,422.22,4780.94,512.0862877830397
2024-01-19,427.33,4839.81,518.3918510743146
2024-01-22,428.34,4850.43,519.5293588397865
2024-01-23,429.57,4864.6,521.0471069600068
2024-01-24,429.83,4868.55,521.4701912983886
2024-01-25,432.05,4894.16,524.2132773505298
2024-01-26,431.43,4890.97,523.8715965810519
2024-01-29,434.79,4927.93,527.8303806687965
2024-01-30,434.48,4924.97,527.5133351899078
2024-01-31,427.42,4845.65,519.0173732353652
2024-02-01,432.51,4906.19,525.5018101583103
2024-02-02,437.05,4958.61,531.1165142134934
2024-02-05,435.45,4942.81,529.4241768599663
2024-02-06,436.56,4954.23,530.6473725927056
2024-02-07,440.12,4995.06,535.0206722221052
2024-02-08,440.34,4997.91,535.3259356054945
2024-02-09,442.64,5026.61,538.3999914312051
2024-02-12,442.4,5021.84,537.8890769263745
2024-02-13,436.26,4953.17,530.5338360360765
2024-02-14,440.36,5000.62,535.6162035946122
2024-02-15,442.86,5029.73,538.7341745035473
2024-02-16,440.51,5005.57,536.146397892078
2024-02-20,438.03,4975.51,532.9266725220131
2024-02-21,438.45,4981.8,533.6003941646514
2024-02-22,447.36,5087.03,544.8715751590604
2024-02-23,447.69,5088.8,545.0611597866391
2024-02-26,445.82,5069.53,542.9971508750905
2024-02-27,446.68,5078.18,543.9236520211671
2024-02-28,445.89,5069.76,543.0217861656798
2024-02-29,447.89,5096.27,545.8612711809966
2024-03-01,451.59,5137.08,550.2324286112143
2024-03-04,450.91,5130.95,549.5758445620294
2024-03-05,446.31,5078.65,543.9739937019364
2024-03-06,448.59,5104.76,546.7706347336197
2024-03-07,452.98,5157.36,552.4046185814378
2024-03-08,450.1,5123.69,548.7982262590797
2024-03-11,449.52,5117.94,548.1823439943466
2024-03-12,454.33,5175.27,554.3229579486322
2024-03-13,453.57,5165.31,553.2561427561556
2024-03-14,452.31,5150.48,551.6677020629398
2024-03-15,449.26,5117.09,548.0913005291253
2024-03-18,452.03,5149.42,551.5541655063109
2024-03-19,454.37,5178.51,554.6699942160644
2024-03-20,458.27,5224.62,559.6088344294275
2024-03-21,459.64,5241.53,561.4200638375378
2024-03-22,458.83,5234.18,560.6328056382705
2024-03-25,457.53,5218.19,558.9201173925173
2024-03-26,456.41,5203.58,557.3552408903001
2024-03-27,460.13,5248.49,562.1655491527624
2024-03-28,460.16,5254.35,562.7932135129947
2024-04-01,459.01,5243.77,561.659990145886
2024-04-02,456.0,5205.81,557.5940960990575
2024-04-03,456.52,5211.49,558.2024806666545
2024-04-04,450.51,5147.21,551.3174524967353
2024-04-05,455.35,5204.34,557.436644459204
2024-04-08,455.37,5202.39,557.2277800389902
2024-04-09,455.97,5209.91,558.0332469313017
2024-04-10,451.42,5160.64,552.7559392472333
2024-04-11,454.5,5199.06,556.8711038752405
2024-04-12,447.93,5123.41,548.7682354705362
2024-04-15,442.43,5061.82,542.1713330905528
2024-04-16,441.43,5051.41,541.0563184164885
2024-04-17,438.81,5022.21,537.9287076112358
2024-04-18,437.66,5011.12,536.7408581649943
2024-04-19,433.74,4967.23,532.0398020607977
2024-04-22,437.53,5010.6,536.6851609862707
2024-04-23,442.65,5070.55,543.1064030333563
2024-04-24,442.73,5071.63,543.2220817891671
2024-04-25,440.54,5048.42,540.7360596388276
2024-04-26,444.81,5099.96,546.2565069300167
2024-04-29,446.16,5116.17,547.9927593667683
2024-04-30,439.22,5035.69,539.3725498596882
2024-05-01,437.45,5018.39,537.5195475675351
2024-05-02,441.35,5064.2,542.426254793173
2024-05-03,446.83,5127.79,549.2373770913243
2024-05-06,451.31,5180.74,554.9088494248219
2024-05-07,451.94,5187.7,555.6543347400466
2024-05-08,451.86,5187.67,555.6511214412741
2024-05-09,454.13,5214.08,558.4798954606824
2024-05-10,454.76,5222.68,559.4010411088049
2024-05-13,454.7,5221.42,559.266082560359
2024-05-14,456.78,5246.68,561.9716801268207
2024-05-15,462.28,5308.15,568.5557293117139
2024-05-16,461.18,5297.1,567.3721642638358
2024-05-17,461.78,5303.27,568.0330327113841
2024-05-20,462.17,5308.13,568.5535871125322
2024-05-21,463.34,5321.41,569.9760073691677
2024-05-22,461.85,5307.01,568.4336239583582
2024-05-23,458.14,5267.84,564.2381268610382
2024-05-24,461.28,5304.72,568.188342152056
2024-05-28,461.57,5306.04,568.3297272980468
2024-05-29,458.03,5266.95,564.1427989974534
2024-05-30,455.35,5235.48,560.77204858508
2024-05-31,459.03,5277.51,565.2738801653805
2024-06-03,459.18,5283.4,565.9047578243852
2024-06-04,459.77,5291.34,566.7552108995122
2024-06-05,465.14,5354.03,573.4699342344879
2024-06-06,464.97,5352.96,573.3553265782681
2024-06-07,464.25,5346.99,572.7158801225365
2024-06-10,465.6,5360.79,574.1939975578957
2024-06-11,466.7,5375.32,575.7503052633862
2024-06-12,470.47,5421.03,580.6463014931156
2024-06-13,471.43,5433.74,582.0076690730732
2024-06-14,471.32,5431.6,581.7784537606335
2024-06-17,475.09,5473.23,586.2374413573001
2024-06-18,476.24,5487.03,587.7155587926593
2024-06-20,474.94,5473.17,586.2310147597551
2024-06-21,474.06,5464.62,585.315224609587
2024-06-24,472.58,5447.87,583.52113279493
2024-06-25,474.29,5469.3,585.8164992181
2024-06-26,474.85,5477.9,586.7376448662222
2024-06-27,475.07,5482.87,587.2699813628698
2024-06-28,472.97,5460.48,584.8717893789791
2024-07-01,474.02,5475.09,586.4366658811963
2024-07-02,477.01,5509.01,590.0698356933254
2024-07-03,478.86,5537.02,593.0699856472681
2024-07-05,481.53,5567.19,596.3014931128322
2024-07-08,481.85,5572.85,596.9077354812476
2024-07-09,482.37,5576.98,597.3500996122644
2024-07-10,487.23,5633.91,603.4478695829163
2024-07-11,483.1,5584.54,598.1598509029394
2024-07-12,485.24,5615.35,601.4599087423173
2024-07-15,486.8,5631.22,603.1597437929803
2024-07-16,489.74,5667.2,607.0135601208224
2024-07-17,483.03,5588.27,598.5593710503226
2024-07-18,479.22,5544.59,593.8808080375336
2024-07-19,475.73,5505.0,589.6403247573982
2024-07-22,480.61,5564.41,596.0037274265783
2024-07-23,479.63,5555.74,595.07508408132
2024-07-24,468.73,5427.13,581.2996722435273
2024-07-25,466.09,5399.22,578.310233285493
2024-07-26,471.04,5459.1,584.7239776354428
2024-07-29,471.38,5463.54,585.1995458537757
2024-07-30,468.77,5436.44,582.2968659625993
2024-07-31,476.09,5522.3,591.4933270495513
2024-08-01,469.43,5446.68,583.3936719436196
2024-08-02,460.5,5346.56,572.6698228401299
2024-08-05,446.93,5186.33,555.5075940961011
2024-08-06,451.1,5240.03,561.2593988989116
2024-08-07,447.78,5199.5,556.9182322572373
2024-08-08,458.13,5319.31,569.7510764550909
2024-08-09,460.01,5344.16,572.4127589383282
2024-08-12,459.97,5344.39,572.4373942289176
2024-08-13,467.61,5434.43,582.0815749448406
2024-08-14,469.16,5455.21,584.3073198946059
2024-08-15,476.91,5543.22,593.7340673935885
2024-08-16,477.83,5554.25,594.9154902422849
2024-08-19,482.26,5608.25,600.6994280328207
2024-08-20,481.38,5597.12,599.5072941882158
2024-08-21,483.25,5620.85,602.0490135172791
2024-08-22,479.18,5570.64,596.6710224716717
2024-08-23,484.19,5634.61,603.5228465542748
2024-08-26,482.86,5616.84,601.6195025813522
2024-08-27,483.52,5625.8,602.5792078147448
2024-08-28,480.57,5592.18,598.9781709903408
2024-08-29,480.55,5591.96,598.9546067993423
2024-08-30,484.92,5648.4,604.999892890043
2024-09-03,474.7,5528.93,592.2034660782781
2024-09-04,473.7,5520.07,591.2544718407938
2024-09-05,472.17,5503.41,589.4700199224545
2024-09-06,464.23,5408.42,579.2956449090658
2024-09-09,469.37,5471.05,586.0039416464965
2024-09-10,471.47,5495.52,588.624922345282
2024-09-11,476.37,5554.13,594.902637047195
2024-09-12,479.88,5595.76,599.3616246438618
2024-09-13,482.24,5626.02,602.6027720057435
2024-09-16,482.94,5633.09,603.3600394164674
2024-09-17,483.02,5634.58,603.5196332555025
2024-09-18,481.31,5618.26,601.7715987232517
2024-09-19,489.61,5713.64,611.9877466206833
2024-09-20,488.26,5702.55,610.7998971744418
2024-09-23,489.51,5718.57,612.5157987189673
2024-09-24,490.8,5732.93,614.0538977314135
2024-09-25,489.7,5722.26,612.9110344679872
2024-09-26,491.86,5745.37,615.3863456224183
2024-09-27,490.73,5738.17,614.6151539170136
2024-09-30,492.68,5762.48,617.2189970223454
2024-10-01,488.07,5708.75,611.4639789207624
2024-10-02,488.11,5709.54,611.5485957884388
2024-10-03,487.2,5699.94,610.5203401812324
2024-10-04,491.48,5751.07,615.9968723891972
2024-10-07,486.79,5695.94,610.0919003448964
2024-10-08,491.52,5751.13,616.0032989867423
2024-10-09,494.97,5792.04,620.3851674128686
2024-10-10,493.93,5780.05,619.1009190034515
2024-10-11,496.54,5815.03,622.8476253722097
2024-10-14,500.65,5859.85,627.6482937383545
2024-10-15,496.79,5815.26,622.872260662799
2024-10-16,498.85,5842.47,625.7867226494745
2024-10-17,498.85,5841.47,625.6796126903905
2024-10-18,500.46,5864.67,628.1645637411392
2024-10-21,499.63,5853.98,627.0195582785312
2024-10-22,499.31,5851.2,626.7217925922778
2024-10-23,494.68,5797.42,620.9614189927405
2024-10-24,495.63,5809.86,622.2938668837453
2024-10-25,495.37,5808.12,622.1074955549392
2024-10-28,496.69,5823.52,623.7569889248327
2024-10-29,497.49,5832.92,624.7638225402222
2024-10-30,495.88,5813.67,622.7019558278554
2024-10-31,486.26,5705.45,611.1105160557853
2024-11-01,487.94,5728.8,613.6115336003967
2024-11-04,486.67,5712.69,611.8859921595534
2024-11-05,492.51,5782.76,619.3911869925691
2024-11-06,504.89,5929.04,635.059231807376
2024-11-07,508.74,5973.1,639.778496604617
2024-11-08,510.56,5995.54,642.1820440864618
2024-11-11,511.11,6001.35,642.8043529487398
2024-11-12,509.53,5983.99,640.9449240590416
2024-11-13,509.78,5985.38,641.0938069021684
2024-11-14,506.58,5949.17,637.2153552837369
2024-11-15,499.65,5870.62,628.8018679976891
2024-11-18,501.64,5893.62,631.265397056621
2024-11-19,503.23,5916.98,633.7674857008232
2024-11-20,503.15,5917.11,633.7814099955041
2024-11-21,505.92,5948.71,637.1660847025584
2024-11-22,507.32,5969.34,639.3757631584612
2024-11-25,508.97,5987.37,641.3069557207456
2024-11-26,511.66,6021.63,644.9765429189633
2024-11-27,509.69,5998.74,642.5247959555306
2024-11-29,512.79,6032.38,646.1279749791163
2024-12-02,513.66,6047.15,647.7099890747869
2024-12-03,513.78,6049.88,648.0023992630862
2024-12-04,516.77,6086.49,651.9236948651513
2024-12-05,515.94,6075.11,650.7047835307754
2024-12-06,516.81,6090.27,652.3285705104889
2024-12-09,514.0,6052.85,648.3205158415658
2024-12-10,512.34,6034.91,646.3989631755989
2024-12-11,516.28,6084.19,651.6773419592581
2024-12-12,513.57,6051.25,648.1491399070313
2024-12-13,513.13,6051.09,648.1320023135779
2024-12-16,515.49,6074.08,650.5944602729189
2024-12-17,513.25,6050.61,648.0805895332174
2024-12-18,497.59,5872.16,628.9668173346784
2024-12-19,497.06,5867.08,628.4226987425317
2024-12-20,502.74,5930.85,635.2531008333182
2024-12-23,505.61,5974.07,639.8823932649285
2024-12-24,510.8,6040.04,646.9484372656997
2024-12-26,510.57,6037.59,646.6860178659439
2024-12-27,504.85,5970.84,639.5364280970871
2024-12-30,499.14,5906.94,632.6921017116197
2024-12-31,497.21,5881.63,629.9811486472038
2025-01-02,495.6,5868.55,628.5801503823851
2025-01-03,501.71,5942.47,636.4977185578741
2025-01-06,504.31,5975.38,640.0227073113284
2025-01-07,498.76,5909.03,632.9159615261052
2025-01-08,499.18,5918.25,633.9035153488597
2025-01-09,499.18,5918.25,633.9035153488597
2025-01-10,491.39,5827.04,624.1340159808085
2025-01-13,492.08,5836.22,625.1172854051996
2025-01-14,492.73,5842.91,625.8338510314715
2025-01-15,501.67,5949.91,637.294616653459
2025-01-16,500.54,5937.34,635.9482444677733
2025-01-17,505.4,5996.66,642.3020072406359
2025-01-21,509.65,6049.24,647.9338488892726
2025-01-22,512.69,6086.37,651.9108416700614
2025-01-23,515.33,6118.71,655.3747777468378
2025-01-24,513.75,6101.24,653.5035667616404
2025-01-27,506.51,6012.28,643.9750648015281
2025-01-28,510.72,6067.7,649.9110987339632
2025-01-29,508.25,6039.31,646.8702469955686
2025-01-30,510.91,6071.17,650.2827702919845
2025-01-31,508.23,6040.53,647.0009211456509
2025-02-03,504.46,5994.57,642.0781474261504
2025-02-04,507.87,6037.88,646.7170797540782
2025-02-05,509.84,6061.48,649.2448747884605
2025-02-06,511.47,6083.57,651.610933784626
2025-02-07,506.74,6025.99,645.4435423405695
2025-02-10,510.03,6066.44,649.7761401855171
2025-02-11,510.32,6068.5,649.9967867012301
2025-02-12,508.69,6051.97,648.2262590775716
2025-02-13,513.92,6115.07,654.9848974957717
2025-02-14,513.65,6114.63,654.9377691137748
2025-02-18,514.89,6129.58,656.5390630020806
2025-02-19,516.25,6144.15,658.0996551059344
2025-02-20,514.03,6117.52,655.2473168955277
2025-02-21,505.02,6013.13,644.0661082667492
2025-02-24,502.66,5983.25,640.8656626893194
2025-02-25,500.08,5955.25,637.8665838349675
2025-02-26,500.14,5956.06,637.9533429018255
2025-02-27,492.23,5861.57,627.8325228679787
2025-02-28,499.51,5954.5,637.7862513656545
2025-03-03,490.93,5849.72,626.5632698528334
2025-03-04,484.96,5778.15,618.8974100811918
2025-03-05,490.13,5842.63,625.8038602429278
2025-03-06,481.34,5738.52,614.6526424026931
2025-03-07,483.83,5770.2,618.0458859064739
2025-03-10,470.82,5614.56,601.3752918746409
2025-03-11,467.16,5572.07,596.8241897131618
2025-03-12,469.48,5599.3,599.7407938990191
2025-03-13,463.01,5521.52,591.4097812814659
2025-03-14,472.44,5638.94,603.9866326771086
2025-03-17,475.76,5675.12,607.8618709967676
2025-03-18,470.53,5614.66,601.3860028705492
2025-03-19,475.55,5675.29,607.880079689812
2025-03-20,474.14,5662.89,606.5519161971704
2025-03-21,474.6,5667.56,607.0521197060926
2025-03-24,482.67,5767.57,617.764186714083
2025-03-25,483.58,5776.65,618.7367451425657
2025-03-26,478.02,5712.2,611.8335082796023
2025-03-27,476.34,5693.31,609.8102011525057
2025-03-28,466.69,5580.94,597.7742550502369
2025-03-31,469.2,5611.85,601.0850238855232
2025-04-01,470.96,5633.07,603.3578972172855
2025-04-02,474.1,5670.97,607.417364666569
2025-04-03,450.9,5396.52,578.0210363959663
2025-04-04,424.13,5074.08,543.4845011889226
2025-04-07,423.05,5062.25,542.217390372959
2025-04-08,416.66,4982.77,533.7042908249631
2025-04-09,455.73,5456.9,584.4883357254581
2025-04-10,440.05,5268.05,564.2606199524455
2025-04-11,447.46,5363.36,574.469270152741
2025-04-14,451.56,5405.97,579.0332255093102
2025-04-15,450.53,5396.63,578.0328184914657
2025-04-16,440.36,5275.7,565.080011139438
2025-04-17,440.94,5282.7,565.829780853026
2025-04-21,430.32,5158.2,552.4945909470686
2025-04-22,441.11,5287.76,566.3717572459911
2025-04-23,448.33,5375.86,575.8081446412912
2025-04-24,457.42,5484.77,587.4734902851293
2025-04-25,460.61,5525.21,591.8050170304859
2025-04-28,460.88,5528.75,592.1841862856432
2025-04-29,463.43,5560.83,595.6202737730578
2025-04-30,463.7,5569.06,596.5017887363191
2025-05-01,466.71,5604.14,600.2592061009857
2025-05-02,473.83,5686.67,609.0989910241879
2025-05-05,470.74,5650.38,605.2119706090297
2025-05-06,466.92,5606.91,600.5559006876483
2025-05-07,469.1,5631.28,603.1661703905253
2025-05-08,471.79,5663.94,606.6643816542086
2025-05-09,471.25,5659.91,606.2327285191001
2025-05-12,486.78,5844.19,625.9709517790988
2025-05-13,490.05,5886.55,630.5081296458968
2025-05-14,490.39,5892.58,631.1540026991734
2025-05-15,492.44,5916.93,633.7621302028687
2025-05-16,495.95,5958.38,638.2018380069003
2025-05-19,496.53,5963.6,638.7609519933188
2025-05-20,494.64,5940.46,636.2824275401151
2025-05-21,486.46,5844.61,626.015937961914
2025-05-22,486.09,5842.01,625.7374520682956
2025-05-23,482.79,5802.82,621.5398127717938
2025-05-27,492.52,5921.54,634.2559071142458
2025-05-28,489.91,5888.55,630.7223495640649
2025-05-29,491.57,5912.17,633.2522867976289
2025-05-30,491.01,5911.69,633.2008740172686
2025-06-02,493.6,5935.94,635.7982905250554
2025-06-03,496.44,5970.37,639.4860864163174
2025-06-04,496.4,5970.81,639.5332147983144
2025-06-05,493.5,5939.3,636.1581799875777
2025-06-06,498.54,6000.36,642.6983140892464
2025-06-09,498.83,6005.88,643.2895610633901
2025-06-10,501.71,6038.81,646.8166920160261
2025-06-11,500.39,6022.24,645.0418799940041
2025-06-12,502.09,6045.26,647.5075512521178
2025-06-13,496.21,5976.97,640.1930121462716
2025-06-16,501.0,6033.11,646.2061652492471
2025-06-17,496.78,5982.72,640.8088944110045
2025-06-18,496.43,5980.87,640.610740986699
2025-06-20,495.1,5967.84,639.2150982198347
2025-06-23,499.95,6025.17,645.3557121741202
2025-06-24,505.65,6092.18,652.5331505323388
2025-06-25,505.71,6092.16,652.5310083331572
2025-06-26,509.66,6141.02,657.7644009340013
2025-06-27,512.02,6173.07,661.1972751226433
2025-06-30,514.49,6204.95,664.6119406182411
2025-07-01,514.08,6198.01,663.8685975021982
2025-07-02,516.24,6227.42,667.0187013988585
2025-07-03,520.29,6279.35,672.5809215740904
2025-07-07,516.32,6229.98,667.2929028941135
2025-07-08,515.99,6225.52,666.815192476599
2025-07-09,518.89,6263.26,670.857522332429
2025-07-10,520.29,6280.46,672.6998136286737
2025-07-11,518.3,6259.75,670.4815663760442
2025-07-14,519.2,6268.56,671.4252051155742
2025-07-15,516.98,6243.76,668.768878130291
2025-07-16,518.56,6263.7,670.9046507144258
2025-07-17,521.63,6297.36,674.5099719371931
2025-07-18,521.15,6296.79,674.4489192605153
2025-07-21,521.98,6305.6,675.3925580000453
2025-07-22,522.14,6309.62,675.8231400355629
2025-07-23,526.21,6358.91,681.102589918813
2025-07-24,526.65,6363.35,681.578158137146
2025-07-25,528.58,6388.64,684.2869690023804
2025-07-28,528.39,6389.77,684.4080032561453
2025-07-29,527.02,6370.86,682.3825539298668
2025-07-30,526.21,6362.9,681.5299586555582
2025-07-31,524.4,6339.39,679.0118035174935
2025-08-01,515.37,6238.01,668.152995865558
2025-08-04,522.9,6329.94,677.9996144041497
2025-08-05,520.37,6299.19,674.7059831623168
2025-08-06,524.14,6345.06,679.6191169854998
2025-08-07,523.77,6340.0,679.0771405925346
2025-08-08,527.63,6389.45,684.3737280692383
2025-08-11,526.5,6373.45,682.6599687238943
2025-08-12,532.16,6445.76,690.405089865258
2025-08-13,533.82,6466.58,692.6351192133868
2025-08-14,533.97,6468.54,692.8450547331915
2025-08-15,532.4,6449.8,690.8378140999575
2025-08-18,532.22,6449.15,690.7681926265528
2025-08-19,529.2,6411.37,686.7215783723594
2025-08-20,527.61,6395.78,685.0517341102399
2025-08-21,525.56,6370.17,682.3086480580988
2025-08-22,533.37,6466.91,692.6704654998846
2025-08-25,531.09,6439.32,689.7153017287571
2025-08-26,533.31,6465.94,692.5665688395732
2025-08-27,534.42,6481.4,694.2224888070117
2025-08-28,536.19,6501.86,696.4139585698703
2025-08-29,532.51,6460.26,691.958184271976
2025-09-02,528.62,6415.54,687.1682269017397
2025-09-03,531.23,6448.26,690.6728647629682
2025-09-04,535.63,6502.08,696.4375227608688
2025-09-05,533.91,6481.5,694.2331998029201
2025-09-08,535.24,6495.15,695.6952507444166
2025-09-09,536.54,6512.61,697.5653906300232
2025-09-10,538.02,6532.04,699.6465371350253
2025-09-11,542.36,6587.47,705.5836421670512
2025-09-12,542.01,6584.29,705.243032497164
2025-09-15,544.8,6615.28,708.562370129177
2025-09-16,543.84,6606.76,707.6497932777814
2025-09-17,543.13,6600.35,706.9632184400531
2025-09-18,545.97,6631.96,710.3489642466982
2025-09-19,548.33,6664.36,713.8193269210195
2025-09-22,550.78,6693.75,716.9672886184983
2025-09-23,547.72,6656.92,713.0224288254348
2025-09-24,545.86,6637.97,710.9926951007931
2025-09-25,543.21,6604.72,707.4312889612502
2025-09-26,546.21,6643.7,711.6064351663442
2025-09-29,547.6,6661.21,713.481930549905
2025-09-30,549.66,6688.46,716.4006769349439
2025-10-01,551.51,6711.2,718.836357404514
2025-10-02,551.94,6715.35,719.2808637347127
2025-10-03,551.72,6715.79,719.3279921167097
2025-10-06,553.73,6740.28,721.9511150146767
2025-10-07,551.51,6714.59,719.1994601658089
2025-10-08,554.75,6753.72,723.3906728647656
2025-10-09,552.96,6735.11,721.3973565262124
2025-10-10,537.95,6552.51,701.8390779974748
2025-10-13,546.07,6654.72,712.7867869154501
2025-10-14,545.39,6644.31,711.6717722413856
2025-10-15,547.72,6671.06,714.5369636468826
2025-10-16,543.95,6629.07,710.0394164649455
2025-10-17,546.7,6664.01,713.7818384353403
2025-10-20,552.51,6735.13,721.3994987253942
2025-10-21,552.47,6735.35,721.4230629163927
2025-10-22,549.51,6699.4,717.572459887323
2025-10-23,552.61,6738.44,721.7540326899622
2025-10-24,556.85,6791.69,727.457638011185
2025-10-27,563.48,6875.16,736.3981062959263
2025-10-28,564.91,6890.89,738.0829459523176
2025-10-29,564.66,6890.59,738.0508129645924
2025-10-30,559.18,6822.34,730.7405582571097
2025-10-31,560.69,6840.2,732.6535421263497
2025-11-03,561.4,6851.97,733.9142263447684
2025-11-04,554.79,6771.55,725.3004434352334
2025-11-05,556.71,6796.29,727.9503438229715
2025-11-06,550.37,6720.32,719.8132002313603
2025-11-07,550.88,6728.8,720.7214926843927
2025-11-10,559.28,6832.43,731.8212977442672
2025-11-11,560.48,6846.61,733.3401169640781
2025-11-12,560.83,6850.92,733.8017608877301
2025-11-13,551.39,6737.49,721.6522782288324
2025-11-14,551.0,6734.11,721.2902465671285
2025-11-17,545.84,6672.41,714.681562091646
2025-11-18,541.58,6617.32,708.7808744457086
2025-11-19,543.35,6642.16,711.4414858293551
2025-11-20,534.87,6538.76,700.36631606007
2025-11-21,539.99,6602.99,707.245988732035
2025-11-24,548.23,6705.12,718.1851288532836
2025-11-25,553.14,6765.88,724.6931299672272
2025-11-26,556.94,6812.61,729.6983783552222
2025-11-28,559.51,6849.09,733.6057496626064
2025-12-01,556.83,6812.63,729.7005205544039
2025-12-02,557.93,6829.37,731.4935412694699
2025-12-03,559.71,6849.72,733.6732289368292
2025-12-04,560.1,6857.12,734.4658426340507
2025-12-05,561.03,6870.4,735.8882628906861
2025-12-08,559.2,6846.51,733.3294059681695
2025-12-09,558.59,6840.51,732.6867462136654
2025-12-10,562.14,6886.68,737.6320130245734
2025-12-11,563.4,6901.0,739.1658276386562
2025-12-12,557.16,6827.41,731.283605749665
2025-12-15,556.39,6816.51,730.1161071956494
2025-12-16,554.39,6800.26,728.3755703605345
2025-12-17,548.1,6721.43,719.9320922859431
2025-12-18,552.31,6774.76,725.6442664038925
2025-12-19,556.9,6834.5,732.0430153595704
2025-12-22,560.37,6878.49,736.7547824596754
2025-12-23,562.86,6909.79,740.1073241790045
2025-12-24,564.6,6932.05,742.4915918682143
2025-12-26,564.34,6929.94,742.265589854547
2025-12-29,562.38,6905.74,739.6735288447143
2025-12-30,561.51,6896.24,738.6559842334163
2025-12-31,557.32,6845.5,733.2212249094945
2026-01-02,557.97,6858.47,734.6104410788139
2026-01-05,561.47,6902.05,739.2782930956944
2026-01-06,565.02,6944.82,743.8593860457169
2026-01-07,563.04,6920.93,741.3005291232002
2026-01-08,562.94,6921.46,741.3572974015149
2026-01-09,566.42,6966.28,746.1579657676596
2026-01-12,567.35,6977.27,747.3351042179927
2026-01-13,566.16,6963.74,745.8859064715862
2026-01-14,563.29,6926.6,741.9078425912066
2026-01-15,564.54,6944.47,743.8218975600375
2026-01-16,564.13,6940.01,743.344187142523
2026-01-20,552.23,6796.86,728.0113964996489
2026-01-21,558.74,6875.62,736.4473768771045
2026-01-22,561.57,6913.35,740.4886356333436
2026-01-23,561.63,6915.61,740.7307041408733
2026-01-26,564.5,6950.23,744.4388509243613
2026-01-27,566.7,6978.6,747.4775604635743
2026-01-28,566.6,6978.03,747.4165077868963
2026-01-29,565.43,6969.01,746.4503759559587
2026-01-30,563.24,6939.03,743.2392193826205
2026-02-02,566.22,6976.44,747.2462029519528
2026-02-03,561.3,6917.81,740.9663460508582
2026-02-04,558.43,6882.72,737.2078575866008
2026-02-05,551.52,6798.4,728.1763458366381
2026-02-06,562.19,6932.3,742.5183693579852
2026-02-09,564.66,6964.82,746.0015852273967
2026-02-10,562.9,6941.81,743.5369850688741
2026-02-11,562.82,6941.47,743.5005676827855
2026-02-12,553.97,6832.76,731.8566440307643
2026-02-13,553.93,6836.17,732.2218889912407
2026-02-17,554.73,6843.22,732.9770142027828
2026-02-18,557.46,6881.31,737.0568325442922
2026-02-19,556.07,6861.89,734.976757138881
2026-02-20,559.81,6909.51,740.0773333904609
2026-02-23,554.01,6837.75,732.3911227265934
2026-02-24,558.23,6890.07,737.995115785868
2026-02-25,562.76,6946.13,743.999700092117
2026-02-26,559.55,6908.86,740.0077119170564
2026-02-27,557.04,6878.88,736.7965553437183
2026-03-02,556.98,6881.62,737.0900366316085
2026-03-03,551.84,6816.63,730.1289603907396
2026-03-04,555.99,6869.5,735.7918639275105
2026-03-05,552.69,6830.71,731.6370686146423
2026-03-06,545.29,6740.02,721.9232664253148
2026-03-09,549.92,6795.99,727.9182108352459
2026-03-10,548.81,6781.48,726.3640453289371
2026-03-11,548.18,6775.8,725.7556607613401
2026-03-12,539.94,6672.62,714.7040551830534
2026-03-13,536.58,6632.19,710.3735995372874
2026-03-16,542.18,6699.38,717.5703176881411
2026-03-17,543.6,6716.09,719.3601251044347
2026-03-18,535.88,6624.7,709.5713459437483
2026-03-19,534.51,6606.49,707.6208735888288
2026-03-20,526.41,6506.48,696.9088065808382
2026-03-23,532.49,6581.0,704.8906407317777
2026-03-24,530.18,6556.37,702.2525224395389
2026-03-25,532.97,6591.9,706.0581392857932
2026-03-26,523.68,6477.16,693.7683425804955
2026-03-27,514.63,6368.85,682.167262912108
2026-03-30,512.7,6343.72,679.4755896403271
2026-03-31,527.35,6528.52,699.2695100790496
2026-04-01,531.12,6575.32,704.2822561641805
2026-04-02,531.49,6582.69,705.0716565626294
2026-04-06,533.79,6611.83,708.1928407703372
2026-04-07,534.25,6616.85,708.7305327649389
2026-04-08,547.66,6782.81,726.5065015745188
2026-04-09,550.83,6824.66,730.9890533621839
2026-04-10,550.19,6816.89,730.1568089801013
2026-04-13,555.6,6886.24,737.5848846425763
2026-04-14,562.18,6967.38,746.2757867226517
2026-04-15,566.66,7022.95,752.2278871489492
2026-04-16,567.98,7041.28,754.1912126989588
2026-04-17,574.76,7126.06,763.2719950301
2026-04-20,573.68,7109.14,761.4596945223988
2026-04-21,569.83,7064.01,756.625822068938
2026-04-22,575.55,7137.9,764.5401769456543
2026-04-23,573.32,7108.4,761.3804331526763
2026-04-24,577.43,7165.08,767.4514256335573
2026-04-27,578.34,7173.91,768.3972065722689
2026-04-28,575.53,7138.8,764.6365759088299
2026-04-29,575.29,7135.95,764.3313125254405
2026-04-30,581.37,7209.01,772.1567661361172
2026-05-01,582.51,7230.12,774.4178573723804
2026-05-04,580.28,7200.75,771.2720378740834
2026-05-05,584.86,7259.22,777.5347571817247
2026-05-06,593.06,7365.12,788.8777018487198
2026-05-07,590.94,7337.11,785.877551894777
2026-05-08,595.43,7398.93,792.4990895653497
2026-05-11,596.85,7412.84,793.988989096208
2026-05-12,596.03,7400.96,792.7165227822901
2026-05-13,599.48,7444.25,797.3533129110363
2026-05-14,603.98,7501.24,803.4575094792331
2026-05-15,596.49,7408.5,793.5241318737834
2026-05-18,595.97,7403.05,792.9403825967756
2026-05-19,592.14,7353.61,787.6448662196627
2026-05-20,598.06,7432.97,796.1451125725688
2026-05-21,599.2,7445.72,797.5107645508897
2026-05-22,601.21,7473.47,800.4830659154705
2026-05-26,604.9,7519.12,805.3726355476549
2026-05-27,605.14,7520.36,805.5054518969191
2026-05-28,608.49,7563.63,810.1400998264837
2026-05-29,609.62,7580.06,811.8999164542339
2026-06-01,611.02,7599.96,814.0314046400053
2026-06-02,611.86,7609.78,815.0832244382102
2026-06-03,607.69,7553.68,809.074355733598
2026-06-04,610.04,7584.31,812.3551337803408
2026-06-05,593.95,7383.74,790.8720892868637
2026-06-08,595.19,7405.73,793.2274372871207
2026-06-09,593.32,7386.65,791.1837792677981
2026-06-10,584.15,7266.99,778.3670015638072
2026-06-11,593.58,7394.3,792.0031704547908
2026-06-12,596.69,7431.46,795.9833765343521
2026-06-15,606.95,7554.29,809.1396928086393
2026-06-16,603.83,7511.35,804.5403911655726
2026-06-17,596.31,7420.1,794.766607399158
2026-06-18,602.52,7500.58,803.386816906238
2026-06-22,600.17,7472.79,800.4102311432937
2026-06-23,591.91,7365.46,788.9141192348084
2026-06-24,591.18,7358.22,788.1386431310402
2026-06-25,590.78,7357.49,788.0604528609089
2026-06-26,589.07,7354.02,787.6887813028875
2026-06-29,596.91,7440.43,796.9441528673356
2026-06-30,600.73,7499.36,803.2561427561553
2026-07-01,600.35,7483.23,801.5284591161304
2026-07-02,599.14,7483.24,801.5295302157213
2026-07-06,604.17,7537.43,807.3338188984831
2026-07-07,600.97,7503.85,803.7370664724425
2026-07-08,599.18,7482.71,801.4727619374067
2026-07-09,603.95,7543.64,807.9989717443947
2026-07-10,606.46,7575.39,811.3997129453116
2026-07-13,601.9,7515.34,804.9677599023177
2026-07-14,604.15,7543.59,807.9936162464406
2026-07-15,606.02,7572.4,811.0794541676505
2026-07-16,603.07,7533.77,806.9417964482358
2026-07-17,596.71,7457.69,798.7928707611253
2026-07-20,595.63,7443.28,797.249416250725
2026-07-21,600.53,7509.2,804.310104753542
2026-07-22,600.09,7498.96,803.2132987725219
2026-07-23,592.51,7408.3,793.5027098819668
2026-07-24,592.71,7411.98,793.8968745313957
2026-07-27,592.77,7413.18,794.0254064822966
2026-07-28,594.12,7428.78,795.6963218440069
2026-07-29,585.05,7316.15,783.6325271523765
2026-07-30,594.7,7437.63,796.6442449819003
2026-07-31,598.42,7489.72,802.2236027505858
2026-08-03,607.09,7600.5,814.0892440179108
2026-08-04,618.02,7736.52,828.658340652516
2026-08-05,616.74,7723.55,827.2691244831965
2026-08-06,615.57,7709.96,825.813500139245
2026-08-07,619.15,7757.64,830.9205029883699
2026-08-10,618.91,7753.11,830.4352948737193
2026-08-11,616.58,7728.2,827.767185792937
2026-08-12,618.41,7748.5,829.9415179623421
2026-08-13,622.55,7798.99,835.3494997964931
2026-08-14,621.16,7785.76,833.9324350378118
2026-08-17,618.28,7745.06,829.5730597030932
2026-08-18,613.92,7691.76,823.8640988839162
2026-08-19,615.11,7707.98,825.6014224202586
2026-08-20,609.82,7641.16,818.444334954266
2026-08-21,612.11,7674.37,822.0014566954454
2026-08-24,610.4,7652.86,819.6975214755487
2026-08-25,612.17,7677.28,822.3131466763798
2026-08-26,612.01,7675.7,822.1439129410271
2026-08-27,616.19,7730.99,828.0660225787813
2026-08-28,614.55,7711.76,826.0062980655961
2026-08-31,612.72,7686.14,823.2621409138641
2026-09-01,608.25,7631.47,817.406439450742
2026-09-02,610.93,7666.6,821.1692123133629
2026-09-03,617.16,7747.71,829.8569010946658
2026-09-04,614.55,7718.6,826.7389301857307
2026-09-08,611.25,7673.52,821.9104132302242
2026-09-09,608.33,7636.36,817.9302071506628
2026-09-10,604.73,7591.7,813.1466763779715
2026-09-11,609.58,7656.98,820.1388145069748
2026-09-14,606.86,7619.98,816.1757460208669
