date,px_last
1997-09-09,100
1997-09-10,97.99
1997-09-11,97.28
1997-09-12,98.93
1997-09-15,98.68
1997-09-16,101.28
1997-09-17,101.27
1997-09-18,101.48
1997-09-19,101.77
1997-09-22,102.36
1997-09-23,101.92
1997-09-24,101.11
1997-09-25,100.27
1997-09-26,100.98
1997-09-29,101.89
1997-09-30,101.12
1997-10-01,102.06
1997-10-02,102.67
1997-10-03,103.34
1997-10-06,103.98
1997-10-07,104.84
1997-10-08,104.07
1997-10-09,103.62
1997-10-10,103.47
1997-10-13,103.44
1997-10-14,103.56
1997-10-15,103.13
1997-10-16,101.68
1997-10-17,100.5
1997-10-20,101.94
1997-10-21,103.76
1997-10-22,103.22
1997-10-23,101.23
1997-10-24,100.01
1997-10-27,92.59
1997-10-28,97.94
1997-10-29,97.92
1997-10-30,95.68
1997-10-31,97.89
1997-11-03,100.19
1997-11-04,99.8
1997-11-05,100.33
1997-11-06,99.82
1997-11-07,98.66
1997-11-10,98.12
1997-11-11,98.17
1997-11-12,96.23
1997-11-13,97.38
1997-11-14,98.8
1997-11-17,100.63
1997-11-18,99.86
1997-11-19,100.41
1997-11-20,102.02
1997-11-21,102.72
1997-11-24,100.62
1997-11-25,100.82
1997-11-26,101.17
1997-11-28,101.16
1997-12-01,103.78
1997-12-02,103.3
1997-12-03,103.56
1997-12-04,103.49
1997-12-05,104.52
1997-12-08,104.31
1997-12-09,103.71
1997-12-10,102.78
1997-12-11,101.11
1997-12-12,101.23
1997-12-15,102.04
1997-12-16,102.69
1997-12-17,102.17
1997-12-18,101.07
1997-12-19,100.29
1997-12-22,100.85
1997-12-23,98.98
1997-12-24,98.69
1997-12-26,99.08
1997-12-29,101.16
1997-12-30,102.58
1997-12-31,102.56
1998-01-02,103.14
1998-01-05,103.37
1998-01-06,101.71
1998-01-07,102.02
1998-01-08,100.68
1998-01-09,97.36
1998-01-12,99.04
1998-01-13,100.5
1998-01-14,100.9
1998-01-15,100.04
1998-01-16,101.44
1998-01-20,103.19
1998-01-21,102.17
1998-01-22,101.22
1998-01-23,101.02
1998-01-26,100.93
1998-01-27,101.99
1998-01-28,102.87
1998-01-29,103.39
1998-01-30,103.47
1998-02-02,105.16
1998-02-03,105.87
1998-02-04,105.76
1998-02-05,105.74
1998-02-06,106.69
1998-02-09,106.32
1998-02-10,107.28
1998-02-11,107.23
1998-02-12,107.54
1998-02-13,107.08
1998-02-17,107.63
1998-02-18,108.43
1998-02-19,107.96
1998-02-20,108.67
1998-02-23,109.07
1998-02-24,108.27
1998-02-25,109.52
1998-02-26,110.2
1998-02-27,110.03
1998-03-02,109.99
1998-03-03,110.57
1998-03-04,109.76
1998-03-05,108.8
1998-03-06,110.74
1998-03-09,110.4
1998-03-10,111.55
1998-03-11,111.93
1998-03-12,112.34
1998-03-13,112.02
1998-03-16,113.14
1998-03-17,113.4
1998-03-18,113.76
1998-03-19,114.17
1998-03-20,116.35
1998-03-23,116.07
1998-03-24,117.11
1998-03-25,116.07
1998-03-26,116.33
1998-03-27,115.99
1998-03-30,115.81
1998-03-31,116.33
1998-04-01,117.13
1998-04-02,118.45
1998-04-03,118.61
1998-04-06,118.04
1998-04-07,117.18
1998-04-08,116.43
1998-04-09,117.24
1998-04-13,117
1998-04-14,117.83
1998-04-15,118.17
1998-04-16,116.85
1998-04-17,117.78
1998-04-20,118.25
1998-04-21,118.92
1998-04-22,119.05
1998-04-23,118.01
1998-04-24,116.38
1998-04-27,114.26
1998-04-28,114.1
1998-04-29,114.9
1998-04-30,117.24
1998-05-01,118.25
1998-05-04,118.17
1998-05-05,117.31
1998-05-06,116.28
1998-05-07,115.06
1998-05-08,116.28
1998-05-11,116.54
1998-05-12,117.55
1998-05-13,117.75
1998-05-14,117.26
1998-05-15,116.54
1998-05-18,116.12
1998-05-19,116.85
1998-05-20,117.78
1998-05-21,117.16
1998-05-22,116.72
1998-05-26,114.62
1998-05-27,114.96
1998-05-28,115.29
1998-05-29,114.28
1998-06-01,114.72
1998-06-02,114.77
1998-06-03,112.96
1998-06-04,114.98
1998-06-05,117.05
1998-06-08,117.03
1998-06-09,117.29
1998-06-10,116.61
1998-06-11,114.36
1998-06-12,115.25
1998-06-15,112.46
1998-06-16,113.93
1998-06-17,116.28
1998-06-18,115.86
1998-06-19,115.18
1998-06-22,115.72
1998-06-23,117.1
1998-06-24,118.7
1998-06-25,118.49
1998-06-26,118.91
1998-06-29,119.32
1998-06-30,118.44
1998-07-01,119.84
1998-07-02,120
1998-07-06,121.19
1998-07-07,120.96
1998-07-08,121.76
1998-07-09,120.98
1998-07-10,121.5
1998-07-13,121.63
1998-07-14,122.87
1998-07-15,122.64
1998-07-16,123.44
1998-07-17,123.81
1998-07-20,123.68
1998-07-21,121.53
1998-07-22,121.42
1998-07-23,118.91
1998-07-24,118.91
1998-07-27,119.5
1998-07-28,117.65
1998-07-29,117.02
1998-07-30,118.75
1998-07-31,116.37
1998-08-03,115.8
1998-08-04,111.29
1998-08-05,112.87
1998-08-06,113.21
1998-08-07,113.44
1998-08-10,112.74
1998-08-11,111.03
1998-08-12,113
1998-08-13,111.47
1998-08-14,110.08
1998-08-17,112.38
1998-08-18,114.61
1998-08-19,114.27
1998-08-20,113.42
1998-08-21,112.61
1998-08-24,113.29
1998-08-25,113.52
1998-08-26,112.72
1998-08-27,107.35
1998-08-28,107.02
1998-08-31,98.88
1998-09-01,103.57
1998-09-02,102.67
1998-09-03,102.12
1998-09-04,101.22
1998-09-08,106.47
1998-09-09,103.94
1998-09-10,100.46
1998-09-11,105.03
1998-09-14,106.77
1998-09-15,107.39
1998-09-16,108.57
1998-09-17,105.65
1998-09-18,105.8
1998-09-21,105.75
1998-09-22,106.67
1998-09-23,110.57
1998-09-24,108.13
1998-09-25,107.85
1998-09-28,109.11
1998-09-29,108.52
1998-09-30,105.29
1998-10-01,102.08
1998-10-02,103.93
1998-10-05,102.05
1998-10-06,102.03
1998-10-07,100.46
1998-10-08,99.44
1998-10-09,101.7
1998-10-12,103.16
1998-10-13,102.93
1998-10-14,103.72
1998-10-15,109.19
1998-10-16,109.42
1998-10-19,109.75
1998-10-20,110.21
1998-10-21,110.08
1998-10-22,111.52
1998-10-23,110.21
1998-10-26,110.88
1998-10-27,110.26
1998-10-28,109.9
1998-10-29,112.52
1998-10-30,113.41
1998-11-02,115.06
1998-11-03,114.32
1998-11-04,115.39
1998-11-05,117.06
1998-11-06,117.83
1998-11-09,116.63
1998-11-10,115.86
1998-11-11,115.57
1998-11-12,115.32
1998-11-13,116.37
1998-11-16,117.22
1998-11-17,117.34
1998-11-18,118.01
1998-11-19,118.91
1998-11-20,119.78
1998-11-23,122.53
1998-11-24,121.78
1998-11-25,121.71
1998-11-27,122.55
1998-11-30,119.29
1998-12-01,120.5
1998-12-02,120.29
1998-12-03,118.32
1998-12-04,121.12
1998-12-07,121.86
1998-12-08,121.24
1998-12-09,121.55
1998-12-10,119.7
1998-12-11,119.4
1998-12-14,116.68
1998-12-15,119.37
1998-12-16,119.35
1998-12-17,121.13
1998-12-18,121.63
1998-12-21,123.39
1998-12-22,123.54
1998-12-23,126.23
1998-12-24,125.93
1998-12-28,125.32
1998-12-29,127.45
1998-12-30,126.18
1998-12-31,126.54
1999-01-04,126.08
1999-01-05,127.32
1999-01-06,130.07
1999-01-07,129.81
1999-01-08,130.85
1999-01-11,129.41
1999-01-12,127.1
1999-01-13,125.88
1999-01-14,123.84
1999-01-15,126.84
1999-01-19,127.71
1999-01-20,128.85
1999-01-21,125.27
1999-01-22,125.22
1999-01-25,126.33
1999-01-26,128.57
1999-01-27,126.89
1999-01-28,128.59
1999-01-29,130.19
1999-02-01,129.46
1999-02-02,128.54
1999-02-03,129.89
1999-02-04,127.93
1999-02-05,126.33
1999-02-08,126.71
1999-02-09,123.84
1999-02-10,124.56
1999-02-11,128.26
1999-02-12,125.8
1999-02-16,126.21
1999-02-17,124.89
1999-02-18,125.83
1999-02-19,126.33
1999-02-22,129.48
1999-02-23,129.59
1999-02-24,127.32
1999-02-25,126.13
1999-02-26,125.52
1999-03-01,125.88
1999-03-02,124.91
1999-03-03,125.37
1999-03-04,126.97
1999-03-05,129.99
1999-03-08,130.37
1999-03-09,130.02
1999-03-10,130.96
1999-03-11,132.53
1999-03-12,131.2
1999-03-15,132.76
1999-03-16,132.73
1999-03-17,132
1999-03-18,133.97
1999-03-19,131.78
1999-03-22,131.95
1999-03-23,128.03
1999-03-24,128.76
1999-03-25,131.22
1999-03-26,130.52
1999-03-29,132.41
1999-03-30,132.41
1999-03-31,130.14
1999-04-01,131.1
1999-04-05,134.19
1999-04-06,133.89
1999-04-07,134.69
1999-04-08,136.41
1999-04-09,136.68
1999-04-12,138.07
1999-04-13,137.08
1999-04-14,134.77
1999-04-15,134.04
1999-04-16,133.21
1999-04-19,130.92
1999-04-20,132.33
1999-04-21,136.03
1999-04-22,137.76
1999-04-23,137.36
1999-04-26,138.02
1999-04-27,138.52
1999-04-28,136.76
1999-04-29,135.6
1999-04-30,134.62
1999-05-03,136.78
1999-05-04,135.15
1999-05-05,136.05
1999-05-06,135.07
1999-05-07,136.08
1999-05-10,135.55
1999-05-11,136.68
1999-05-12,137.76
1999-05-13,138.37
1999-05-14,134.87
1999-05-17,134.95
1999-05-18,134.97
1999-05-19,135.78
1999-05-20,135.1
1999-05-21,134.32
1999-05-24,132.08
1999-05-25,129.26
1999-05-26,131.27
1999-05-27,129.41
1999-05-28,130.49
1999-06-01,130.37
1999-06-02,130.44
1999-06-03,131.32
1999-06-04,133.79
1999-06-07,134.07
1999-06-08,132.96
1999-06-09,132.68
1999-06-10,131.58
1999-06-11,130.43
1999-06-14,130.48
1999-06-15,131.38
1999-06-16,133.82
1999-06-17,135.06
1999-06-18,135.19
1999-06-21,135.51
1999-06-22,134.44
1999-06-23,133.74
1999-06-24,132.8
1999-06-25,132.42
1999-06-28,133.92
1999-06-29,135.19
1999-06-30,137.68
1999-07-01,137.68
1999-07-02,140.09
1999-07-06,139.82
1999-07-07,139.95
1999-07-08,139.99
1999-07-09,140.89
1999-07-12,140.39
1999-07-13,139.87
1999-07-14,140.42
1999-07-15,141.44
1999-07-16,142.24
1999-07-19,141.29
1999-07-20,138.25
1999-07-21,138.05
1999-07-22,136.28
1999-07-23,135.79
1999-07-26,134.99
1999-07-27,135.88
1999-07-28,136.28
1999-07-29,134.49
1999-07-30,132.7
1999-08-02,133.14
1999-08-03,132.4
1999-08-04,130.43
1999-08-05,131.65
1999-08-06,130.13
1999-08-09,129.88
1999-08-10,128.59
1999-08-11,129.93
1999-08-12,130.01
1999-08-13,132.82
1999-08-16,133.47
1999-08-17,134.22
1999-08-18,132.97
1999-08-19,132.22
1999-08-20,133.59
1999-08-23,136.18
1999-08-24,136.56
1999-08-25,137.8
1999-08-26,136.28
1999-08-27,134.66
1999-08-30,132.12
1999-08-31,131.5
1999-09-01,132.92
1999-09-02,131.55
1999-09-03,135.76
1999-09-07,134.76
1999-09-08,134.12
1999-09-09,134.02
1999-09-10,134.98
1999-09-13,134.21
1999-09-14,133.28
1999-09-15,131.23
1999-09-16,131.38
1999-09-17,133.15
1999-09-20,132.88
1999-09-21,130.25
1999-09-22,130.22
1999-09-23,127.19
1999-09-24,127.02
1999-09-27,127.71
1999-09-28,127.51
1999-09-29,126.11
1999-09-30,127.91
1999-10-01,127.49
1999-10-04,129.93
1999-10-05,129.63
1999-10-06,131.5
1999-10-07,130.94
1999-10-08,132.69
1999-10-11,132.71
1999-10-12,130.64
1999-10-13,127.05
1999-10-14,127.1
1999-10-15,123.79
1999-10-18,124.71
1999-10-19,125.57
1999-10-20,127.34
1999-10-21,127.69
1999-10-22,128.79
1999-10-25,128.18
1999-10-26,126.65
1999-10-27,128.62
1999-10-28,133.06
1999-10-29,135.59
1999-11-01,134.24
1999-11-02,133.25
1999-11-03,134.04
1999-11-04,134.83
1999-11-05,136.36
1999-11-08,136.28
1999-11-09,135.17
1999-11-10,135.96
1999-11-11,136.75
1999-11-12,138.2
1999-11-15,138.23
1999-11-16,140.99
1999-11-17,139.71
1999-11-18,140.74
1999-11-19,140.69
1999-11-22,140.62
1999-11-23,139.12
1999-11-24,140.05
1999-11-26,139.36
1999-11-29,138.97
1999-11-30,137.1
1999-12-01,138.18
1999-12-02,139.14
1999-12-03,141.65
1999-12-06,140.45
1999-12-07,139.48
1999-12-08,138.47
1999-12-09,138.97
1999-12-10,139.62
1999-12-13,139.67
1999-12-14,138.58
1999-12-15,138.92
1999-12-16,139.75
1999-12-17,140.43
1999-12-20,139.53
1999-12-21,141.42
1999-12-22,141.71
1999-12-23,143.95
1999-12-27,143.68
1999-12-28,143.78
1999-12-29,144.12
1999-12-30,143.97
1999-12-31,144.31
2000-01-03,142.61
2000-01-04,137.27
2000-01-05,137.44
2000-01-06,136.51
2000-01-07,141.93
2000-01-10,143.42
2000-01-11,141.4
2000-01-12,140.21
2000-01-13,141.86
2000-01-14,143.71
2000-01-18,142.88
2000-01-19,143.17
2000-01-20,141.59
2000-01-21,141.4
2000-01-24,137.27
2000-01-25,137.92
2000-01-26,137.63
2000-01-27,137.07
2000-01-28,132.87
2000-01-31,136.22
2000-02-01,137.75
2000-02-02,137.63
2000-02-03,139.67
2000-02-04,139.19
2000-02-07,138.77
2000-02-08,140.62
2000-02-09,137.9
2000-02-10,137.99
2000-02-11,135.81
2000-02-14,136
2000-02-15,137.1
2000-02-16,135.42
2000-02-17,134.71
2000-02-18,131.58
2000-02-22,131.16
2000-02-23,132.74
2000-02-24,131.77
2000-02-25,130.09
2000-02-28,131.04
2000-02-29,133.4
2000-03-01,134.66
2000-03-02,134.66
2000-03-03,137.17
2000-03-06,135.64
2000-03-07,131.43
2000-03-08,132.84
2000-03-09,136.54
2000-03-10,136.08
2000-03-13,134.52
2000-03-14,132.46
2000-03-15,135.65
2000-03-16,141.86
2000-03-17,142.92
2000-03-20,141.86
2000-03-21,144.7
2000-03-22,145.65
2000-03-23,148.2
2000-03-24,149.3
2000-03-27,147.67
2000-03-28,146.88
2000-03-29,146.9
2000-03-30,144.38
2000-03-31,145.44
2000-04-03,146.69
2000-04-04,145.85
2000-04-05,144.5
2000-04-06,145.56
2000-04-07,146.76
2000-04-10,146.04
2000-04-11,145.8
2000-04-12,141.74
2000-04-13,139.75
2000-04-14,131.26
2000-04-17,135.6
2000-04-18,139.44
2000-04-19,138.24
2000-04-20,138.91
2000-04-24,137.93
2000-04-25,142.94
2000-04-26,141.62
2000-04-27,140.83
2000-04-28,140.14
2000-05-01,141.77
2000-05-02,139.22
2000-05-03,136.54
2000-05-04,136.61
2000-05-05,138.12
2000-05-08,137.26
2000-05-09,136.27
2000-05-10,133.2
2000-05-11,135.82
2000-05-12,137.33
2000-05-15,139.92
2000-05-16,141.26
2000-05-17,139.82
2000-05-18,138.41
2000-05-19,135.82
2000-05-22,134.74
2000-05-23,132.7
2000-05-24,134.54
2000-05-25,133.32
2000-05-26,132.58
2000-05-30,136.99
2000-05-31,136.51
2000-06-01,139.32
2000-06-02,141.67
2000-06-05,141.14
2000-06-06,140.42
2000-06-07,141.29
2000-06-08,140.76
2000-06-09,140.33
2000-06-12,138.87
2000-06-13,141.28
2000-06-14,141.61
2000-06-15,141.56
2000-06-16,140.67
2000-06-19,142.23
2000-06-20,141.71
2000-06-21,141.66
2000-06-22,139.56
2000-06-23,138.35
2000-06-26,139.81
2000-06-27,139.06
2000-06-28,139.08
2000-06-29,137.83
2000-06-30,138.77
2000-07-03,140.9
2000-07-05,138.33
2000-07-06,139.32
2000-07-07,141.3
2000-07-10,141
2000-07-11,141.3
2000-07-12,142.34
2000-07-13,142.7
2000-07-14,144.07
2000-07-17,143.88
2000-07-18,142.89
2000-07-19,141.82
2000-07-20,143.34
2000-07-21,140.81
2000-07-24,140.05
2000-07-25,140.33
2000-07-26,138.87
2000-07-27,138.37
2000-07-28,135.37
2000-07-31,136.03
2000-08-01,136.84
2000-08-02,137.31
2000-08-03,138.16
2000-08-04,139.13
2000-08-07,140.5
2000-08-08,141.02
2000-08-09,140
2000-08-10,139.37
2000-08-11,139.77
2000-08-14,141.61
2000-08-15,141.3
2000-08-16,141
2000-08-17,142.13
2000-08-18,141.87
2000-08-21,142.44
2000-08-22,142.51
2000-08-23,142.77
2000-08-24,143.24
2000-08-25,143.08
2000-08-28,143.57
2000-08-29,143.52
2000-08-30,142.13
2000-08-31,143.81
2000-09-01,144
2000-09-05,142.96
2000-09-06,141.23
2000-09-07,142.41
2000-09-08,141.48
2000-09-11,141.02
2000-09-12,140.09
2000-09-13,140.41
2000-09-14,139.97
2000-09-15,138.18
2000-09-18,136.66
2000-09-19,137.71
2000-09-20,136.83
2000-09-21,136.87
2000-09-22,136.78
2000-09-25,136.08
2000-09-26,134.4
2000-09-27,134.78
2000-09-28,137.48
2000-09-29,135.41
2000-10-02,135.64
2000-10-03,134.26
2000-10-04,135.08
2000-10-05,135.61
2000-10-06,132.89
2000-10-09,131.94
2000-10-10,129.56
2000-10-11,128.42
2000-10-12,125.23
2000-10-13,129.05
2000-10-16,129.61
2000-10-17,126.65
2000-10-18,126
2000-10-19,130.49
2000-10-20,131.42
2000-10-23,132.01
2000-10-24,130.68
2000-10-25,127.98
2000-10-26,127.72
2000-10-27,130.49
2000-10-30,131.44
2000-10-31,134.15
2000-11-01,133.38
2000-11-02,133.66
2000-11-03,133.78
2000-11-06,134.73
2000-11-07,134.5
2000-11-08,131.63
2000-11-09,130.7
2000-11-10,127.84
2000-11-13,126.56
2000-11-14,129.89
2000-11-15,130.17
2000-11-16,128.47
2000-11-17,127.65
2000-11-20,125.46
2000-11-21,126.28
2000-11-22,123.23
2000-11-24,125.42
2000-11-27,126.56
2000-11-28,124.67
2000-11-29,124.37
2000-11-30,123.09
2000-12-01,122.99
2000-12-04,123.93
2000-12-05,128
2000-12-06,126.11
2000-12-07,124.51
2000-12-08,124.6
2000-12-11,128.78
2000-12-12,128.43
2000-12-13,126.46
2000-12-14,124.65
2000-12-15,121.71
2000-12-18,123.59
2000-12-19,120.97
2000-12-20,117.44
2000-12-21,118.22
2000-12-22,121.78
2000-12-26,122.72
2000-12-27,123.96
2000-12-28,124.21
2000-12-29,122.53
2001-01-02,119.3
2001-01-03,124.76
2001-01-04,123.75
2001-01-05,119.73
2001-01-08,120.19
2001-01-09,120.19
2001-01-10,121.8
2001-01-11,122.49
2001-01-12,122.1
2001-01-16,122.58
2001-01-17,123.15
2001-01-18,124.46
2001-01-19,123.77
2001-01-22,124.69
2001-01-23,125.38
2001-01-24,125.77
2001-01-25,125.24
2001-01-26,125.13
2001-01-29,125.75
2001-01-30,126.85
2001-01-31,126.02
2001-02-01,126.89
2001-02-02,124.21
2001-02-05,125.01
2001-02-06,124.48
2001-02-07,123.87
2001-02-08,122.53
2001-02-09,121.3
2001-02-12,122.4
2001-02-13,121.71
2001-02-14,121.13
2001-02-15,122.35
2001-02-16,119.83
2001-02-20,117.97
2001-02-21,115.33
2001-02-22,115.42
2001-02-23,114.5
2001-02-26,116.89
2001-02-27,116.02
2001-02-28,114
2001-03-01,114.14
2001-03-02,113.38
2001-03-05,114.16
2001-03-06,115.37
2001-03-07,116.13
2001-03-08,116.22
2001-03-09,112.99
2001-03-12,108.22
2001-03-13,109.85
2001-03-14,107.24
2001-03-15,107.61
2001-03-16,105.52
2001-03-19,107.22
2001-03-20,104.68
2001-03-21,102.82
2001-03-22,101.68
2001-03-23,104.77
2001-03-26,105.99
2001-03-27,108.08
2001-03-28,105.31
2001-03-29,105.5
2001-03-30,106.2
2001-04-02,104.47
2001-04-03,100.68
2001-04-04,101.04
2001-04-05,104.9
2001-04-06,103.57
2001-04-09,104.47
2001-04-10,106.45
2001-04-11,106.56
2001-04-12,108.29
2001-04-16,107.36
2001-04-17,108.58
2001-04-18,113.19
2001-04-19,114.33
2001-04-20,113.6
2001-04-23,111.35
2001-04-24,110.49
2001-04-25,111.9
2001-04-26,112.67
2001-04-27,114.31
2001-04-30,113.92
2001-05-01,115.55
2001-05-02,115.44
2001-05-03,113.92
2001-05-04,115.65
2001-05-07,114.76
2001-05-08,114.76
2001-05-09,114.24
2001-05-10,114.58
2001-05-11,113.69
2001-05-14,113.72
2001-05-15,114.21
2001-05-16,117.03
2001-05-17,117.3
2001-05-18,117.67
2001-05-21,119.39
2001-05-22,119.23
2001-05-23,117.21
2001-05-24,117.58
2001-05-25,116.17
2001-05-29,115.21
2001-05-30,113.53
2001-05-31,114.21
2001-06-01,114.9
2001-06-04,115.28
2001-06-05,116.67
2001-06-06,115.71
2001-06-07,115.94
2001-06-08,115.03
2001-06-11,114.09
2001-06-12,113.93
2001-06-13,112.89
2001-06-14,110.21
2001-06-15,110.48
2001-06-18,109.92
2001-06-19,110.3
2001-06-20,110.77
2001-06-21,112.01
2001-06-22,111.29
2001-06-25,110.26
2001-06-26,109.99
2001-06-27,109.85
2001-06-28,110.57
2001-06-29,110.99
2001-07-02,112.27
2001-07-03,112.25
2001-07-05,110.15
2001-07-06,107.58
2001-07-09,108.16
2001-07-10,106.92
2001-07-11,106.81
2001-07-12,109.42
2001-07-13,110.41
2001-07-16,109.08
2001-07-17,109.99
2001-07-18,109.24
2001-07-19,110.21
2001-07-20,109.49
2001-07-23,107.42
2001-07-24,106.18
2001-07-25,107.37
2001-07-26,108.63
2001-07-27,109.02
2001-07-30,109.02
2001-07-31,109.51
2001-08-01,110.08
2001-08-02,110.48
2001-08-03,109.94
2001-08-06,108.41
2001-08-07,108.84
2001-08-08,106.83
2001-08-09,107.03
2001-08-10,107.35
2001-08-13,107.46
2001-08-14,107.44
2001-08-15,106.4
2001-08-16,106.76
2001-08-17,105.03
2001-08-20,105.95
2001-08-21,104.2
2001-08-22,105.19
2001-08-23,104.85
2001-08-24,107.01
2001-08-27,106.38
2001-08-28,104.86
2001-08-29,103.85
2001-08-30,101.76
2001-08-31,102.28
2001-09-04,101.92
2001-09-05,102.15
2001-09-06,99.44
2001-09-07,97.62
2001-09-10,98.74
2001-09-13,96.72
2001-09-14,96.72
2001-09-17,91.58
2001-09-18,91.27
2001-09-19,89.27
2001-09-20,86.42
2001-09-21,85.43
2001-09-24,88.46
2001-09-25,89.41
2001-09-26,89.08
2001-09-27,89.78
2001-09-28,91.65
2001-10-01,91.6
2001-10-02,92.68
2001-10-03,94.35
2001-10-04,94.35
2001-10-05,94.1
2001-10-08,93.53
2001-10-09,93.03
2001-10-10,95.11
2001-10-11,96.56
2001-10-12,96.06
2001-10-15,95.93
2001-10-16,96.54
2001-10-17,94.48
2001-10-18,94.21
2001-10-19,94.17
2001-10-22,96.01
2001-10-23,95.55
2001-10-24,95.27
2001-10-25,96.83
2001-10-26,96.76
2001-10-29,94.21
2001-10-30,93.01
2001-10-31,93.14
2001-11-01,95
2001-11-02,95.66
2001-11-05,96.91
2001-11-06,98.43
2001-11-07,98.3
2001-11-08,98.65
2001-11-09,98.65
2001-11-12,98.06
2001-11-13,100.25
2001-11-14,100.4
2001-11-15,100.56
2001-11-16,100.1
2001-11-19,101.33
2001-11-20,100.47
2001-11-21,99.83
2001-11-23,101.22
2001-11-26,101.44
2001-11-27,101.02
2001-11-28,99.15
2001-11-29,100.49
2001-11-30,100.1
2001-12-03,99.17
2001-12-04,100.78
2001-12-05,102.62
2001-12-06,102.6
2001-12-07,101.9
2001-12-10,100.03
2001-12-11,99.79
2001-12-12,99.92
2001-12-13,97.97
2001-12-14,98.8
2001-12-17,99.81
2001-12-18,100.49
2001-12-19,101.15
2001-12-20,100.18
2001-12-21,100.73
2001-12-24,100.62
2001-12-26,101.13
2001-12-27,101.7
2001-12-28,101.67
2001-12-31,100.79
2002-01-02,101.21
2002-01-03,102.31
2002-01-04,103.08
2002-01-07,102.33
2002-01-08,102.02
2002-01-09,101.26
2002-01-10,101.65
2002-01-11,100.67
2002-01-14,100.01
2002-01-15,100.77
2002-01-16,98.76
2002-01-17,99.48
2002-01-18,99.02
2002-01-22,98.35
2002-01-23,99.02
2002-01-24,99.39
2002-01-25,99.39
2002-01-28,99.59
2002-01-29,96.52
2002-01-30,97.84
2002-01-31,99.15
2002-02-01,98.54
2002-02-04,96.06
2002-02-05,95.51
2002-02-06,95.01
2002-02-07,94.46
2002-02-08,96.17
2002-02-11,97.38
2002-02-12,97.14
2002-02-13,98.12
2002-02-14,97.95
2002-02-15,96.89
2002-02-19,95.05
2002-02-20,96.56
2002-02-21,94.64
2002-02-22,95.75
2002-02-25,97.31
2002-02-26,97.18
2002-02-27,97.49
2002-02-28,97.09
2002-03-01,99.33
2002-03-04,101.02
2002-03-05,100.77
2002-03-06,101.96
2002-03-07,101.67
2002-03-08,102.07
2002-03-11,102.29
2002-03-12,102.33
2002-03-13,101.26
2002-03-14,101.11
2002-03-15,102.09
2002-03-18,102.13
2002-03-19,102.75
2002-03-20,100.82
2002-03-21,100.87
2002-03-22,100.58
2002-03-25,99.38
2002-03-26,99.92
2002-03-27,100.19
2002-03-28,100.56
2002-04-01,100.14
2002-04-02,99.57
2002-04-03,98.9
2002-04-04,98.5
2002-04-05,98.48
2002-04-08,98.66
2002-04-09,98.04
2002-04-10,99.05
2002-04-11,96.6
2002-04-12,97.3
2002-04-15,96.62
2002-04-16,98.85
2002-04-17,98.7
2002-04-18,98.26
2002-04-19,98.59
2002-04-22,96.97
2002-04-23,96.53
2002-04-24,95.53
2002-04-25,95.59
2002-04-26,93.8
2002-04-29,93.19
2002-04-30,94.26
2002-05-01,95.24
2002-05-02,94.89
2002-05-03,93.89
2002-05-06,92.03
2002-05-07,91.66
2002-05-08,95.07
2002-05-09,93.97
2002-05-10,92.22
2002-05-13,94.11
2002-05-14,96.12
2002-05-15,95.77
2002-05-16,96.16
2002-05-17,96.71
2002-05-20,95.68
2002-05-21,94.76
2002-05-22,94.94
2002-05-23,95.99
2002-05-24,94.72
2002-05-28,94.19
2002-05-29,93.43
2002-05-30,93.25
2002-05-31,93.41
2002-06-03,90.89
2002-06-04,91.13
2002-06-05,91.92
2002-06-06,90.08
2002-06-07,89.97
2002-06-10,90.3
2002-06-11,88.75
2002-06-12,89.27
2002-06-13,88.44
2002-06-14,88.29
2002-06-17,90.6
2002-06-18,91.37
2002-06-19,89.18
2002-06-20,88.09
2002-06-21,86.71
2002-06-24,87.15
2002-06-25,85.18
2002-06-26,85.21
2002-06-27,86.71
2002-06-28,86.54
2002-07-01,84.75
2002-07-02,82.82
2002-07-03,83.33
2002-07-05,86.63
2002-07-08,85.51
2002-07-09,83.39
2002-07-10,80.33
2002-07-11,81.03
2002-07-12,80.18
2002-07-15,80.46
2002-07-16,78.96
2002-07-17,79.11
2002-07-18,76.53
2002-07-19,73.78
2002-07-22,71.66
2002-07-23,69.65
2002-07-24,73.78
2002-07-25,73.14
2002-07-26,74.63
2002-07-29,78.13
2002-07-30,79.15
2002-07-31,79.68
2002-08-01,77.27
2002-08-02,75.61
2002-08-05,72.9
2002-08-06,75.26
2002-08-07,76.57
2002-08-08,79.17
2002-08-09,79.35
2002-08-12,78.89
2002-08-13,77.38
2002-08-14,80.25
2002-08-15,81.34
2002-08-16,81.12
2002-08-19,82.96
2002-08-20,82.15
2002-08-21,83.24
2002-08-22,84
2002-08-23,82.26
2002-08-26,82.82
2002-08-27,81.86
2002-08-28,80.11
2002-08-29,80.07
2002-08-30,80.07
2002-09-03,76.73
2002-09-04,77.78
2002-09-05,77.21
2002-09-06,78.19
2002-09-09,78.72
2002-09-10,79.63
2002-09-11,79.2
2002-09-12,77.73
2002-09-13,77.89
2002-09-16,78.04
2002-09-17,76.25
2002-09-18,75.48
2002-09-19,73.56
2002-09-20,73.6
2002-09-23,72.93
2002-09-24,71.72
2002-09-25,73.52
2002-09-26,74.67
2002-09-27,72.12
2002-09-30,71.22
2002-10-01,74.63
2002-10-02,72.58
2002-10-03,71.7
2002-10-04,70.41
2002-10-07,68.91
2002-10-08,70
2002-10-09,67.97
2002-10-10,70.13
2002-10-11,73.28
2002-10-14,73.54
2002-10-15,77.14
2002-10-16,75.35
2002-10-17,76.81
2002-10-18,77.19
2002-10-21,78.54
2002-10-22,77.91
2002-10-23,78.5
2002-10-24,76.95
2002-10-25,78.54
2002-10-28,77.93
2002-10-29,77.03
2002-10-30,77.75
2002-10-31,77.38
2002-11-01,78.52
2002-11-04,79.31
2002-11-05,79.87
2002-11-06,80.9
2002-11-07,78.87
2002-11-08,77.91
2002-11-11,76.71
2002-11-12,77.32
2002-11-13,77.4
2002-11-14,78.87
2002-11-15,79.44
2002-11-18,78.65
2002-11-19,78.47
2002-11-20,80.29
2002-11-21,81.75
2002-11-22,81.16
2002-11-25,81.25
2002-11-26,79.65
2002-11-27,81.97
2002-11-29,81.8
2002-12-02,81.73
2002-12-03,80.73
2002-12-04,80.31
2002-12-05,79.39
2002-12-06,79.85
2002-12-09,77.73
2002-12-10,78.82
2002-12-11,78.85
2002-12-12,78.82
2002-12-13,77.56
2002-12-16,79.57
2002-12-17,78.91
2002-12-18,77.99
2002-12-19,77.4
2002-12-20,78.45
2002-12-23,78.48
2002-12-24,77.99
2002-12-26,77.93
2002-12-27,76.27
2002-12-30,76.77
2002-12-31,76.9
2003-01-02,79.39
2003-01-03,79.61
2003-01-06,81.06
2003-01-07,80.82
2003-01-08,79.61
2003-01-09,80.9
2003-01-10,81.06
2003-01-13,81.06
2003-01-14,81.3
2003-01-15,80.58
2003-01-16,80.18
2003-01-17,79
2003-01-21,77.73
2003-01-22,76.77
2003-01-23,77.25
2003-01-24,75.26
2003-01-27,74.12
2003-01-28,74.76
2003-01-29,75.3
2003-01-30,73.49
2003-01-31,74.78
2003-02-03,75.11
2003-02-04,74.3
2003-02-05,73.88
2003-02-06,73.53
2003-02-07,72.66
2003-02-10,73.14
2003-02-11,72.59
2003-02-12,71.46
2003-02-13,71.65
2003-02-14,73.23
2003-02-18,74.5
2003-02-19,74.08
2003-02-20,73.38
2003-02-21,74.12
2003-02-24,72.83
2003-02-25,73.47
2003-02-26,72.42
2003-02-27,73.33
2003-02-28,73.58
2003-03-03,73.1
2003-03-04,71.94
2003-03-05,72.57
2003-03-06,71.89
2003-03-07,72.48
2003-03-10,70.67
2003-03-11,70.01
2003-03-12,70.49
2003-03-13,72.9
2003-03-14,72.99
2003-03-17,75.44
2003-03-18,75.9
2003-03-19,76.47
2003-03-20,76.64
2003-03-21,78.27
2003-03-24,75.66
2003-03-25,76.43
2003-03-26,76.05
2003-03-27,76.01
2003-03-28,75.61
2003-03-31,74.21
2003-04-01,75.07
2003-04-02,76.86
2003-04-03,76.51
2003-04-04,76.97
2003-04-07,76.84
2003-04-08,76.95
2003-04-09,75.94
2003-04-10,76.38
2003-04-11,76.07
2003-04-14,77.63
2003-04-15,78.31
2003-04-16,76.99
2003-04-17,78.09
2003-04-21,78.24
2003-04-22,79.69
2003-04-23,80.39
2003-04-24,79.71
2003-04-25,78.73
2003-04-28,80.04
2003-04-29,80.26
2003-04-30,80.26
2003-05-01,80.17
2003-05-02,81.27
2003-05-05,81.16
2003-05-06,81.9
2003-05-07,81.44
2003-05-08,80.65
2003-05-09,81.68
2003-05-12,82.73
2003-05-13,82.6
2003-05-14,82.38
2003-05-15,82.91
2003-05-16,82.73
2003-05-19,80.83
2003-05-20,80.54
2003-05-21,80.78
2003-05-22,81.55
2003-05-23,81.68
2003-05-27,83.19
2003-05-28,83.41
2003-05-29,83.17
2003-05-30,84.4
2003-06-02,84.84
2003-06-03,85.19
2003-06-04,86.41
2003-06-05,86.81
2003-06-06,86.55
2003-06-09,85.6
2003-06-10,86.46
2003-06-11,87.38
2003-06-12,87.66
2003-06-13,86.72
2003-06-16,88.54
2003-06-17,88.56
2003-06-18,88.45
2003-06-19,87.18
2003-06-20,86.98
2003-06-23,86.06
2003-06-24,86.11
2003-06-25,85.27
2003-06-26,86.28
2003-06-27,85.38
2003-06-30,85.38
2003-07-01,86.08
2003-07-02,87.12
2003-07-03,86.19
2003-07-07,87.95
2003-07-08,88.39
2003-07-09,87.82
2003-07-10,86.74
2003-07-11,87.49
2003-07-14,87.95
2003-07-15,87.82
2003-07-16,87.29
2003-07-17,86.04
2003-07-18,86.9
2003-07-21,85.8
2003-07-22,86.57
2003-07-23,86.63
2003-07-24,86
2003-07-25,87.44
2003-07-28,87.2
2003-07-29,86.76
2003-07-30,86.54
2003-07-31,86.79
2003-08-01,85.93
2003-08-04,86
2003-08-05,84.18
2003-08-06,84.66
2003-08-07,85.49
2003-08-08,85.8
2003-08-11,86.08
2003-08-12,86.85
2003-08-13,86.39
2003-08-14,86.65
2003-08-15,86.9
2003-08-18,87.62
2003-08-19,87.99
2003-08-20,87.64
2003-08-21,87.9
2003-08-22,87.07
2003-08-25,87.18
2003-08-26,87.33
2003-08-27,87.36
2003-08-28,87.84
2003-08-29,88.41
2003-09-02,89.66
2003-09-03,90.1
2003-09-04,90.21
2003-09-05,89.68
2003-09-08,90.41
2003-09-09,89.83
2003-09-10,88.91
2003-09-11,89.2
2003-09-12,89.31
2003-09-15,88.96
2003-09-16,90.3
2003-09-17,90.1
2003-09-18,91.13
2003-09-19,90.76
2003-09-22,89.73
2003-09-23,90.1
2003-09-24,88.5
2003-09-25,87.66
2003-09-26,87.38
2003-09-29,88.23
2003-09-30,87.33
2003-10-01,89.31
2003-10-02,89.57
2003-10-03,90.36
2003-10-06,90.8
2003-10-07,91.13
2003-10-08,90.93
2003-10-09,91.24
2003-10-10,91.42
2003-10-13,91.77
2003-10-14,92.03
2003-10-15,91.77
2003-10-16,92.19
2003-10-17,91.18
2003-10-20,91.83
2003-10-21,91.68
2003-10-22,90.54
2003-10-23,90.36
2003-10-24,90.49
2003-10-27,90.56
2003-10-28,91.79
2003-10-29,91.92
2003-10-30,92.12
2003-10-31,92.21
2003-11-03,92.63
2003-11-04,92.45
2003-11-05,92.56
2003-11-06,93
2003-11-07,92.3
2003-11-10,91.92
2003-11-11,91.88
2003-11-12,92.87
2003-11-13,92.95
2003-11-14,92.16
2003-11-17,91.68
2003-11-18,90.74
2003-11-19,91.46
2003-11-20,90.67
2003-11-21,91.04
2003-11-24,92.21
2003-11-25,92.54
2003-11-26,92.84
2003-11-28,92.93
2003-12-01,93.92
2003-12-02,93.75
2003-12-03,93.57
2003-12-04,93.96
2003-12-05,93.33
2003-12-08,93.92
2003-12-09,93.17
2003-12-10,93.2
2003-12-11,94.21
2003-12-12,94.36
2003-12-15,93.92
2003-12-16,94.45
2003-12-17,94.69
2003-12-18,95.77
2003-12-19,95.5
2003-12-22,96.14
2003-12-23,96.21
2003-12-24,96.16
2003-12-26,96.21
2003-12-29,97.46
2003-12-30,97.46
2003-12-31,97.7
2004-01-02,97.57
2004-01-05,98.54
2004-01-06,98.72
2004-01-07,99.02
2004-01-08,99.38
2004-01-09,98.54
2004-01-12,99.27
2004-01-13,98.65
2004-01-14,99.53
2004-01-15,99.71
2004-01-16,100.12
2004-01-20,100.08
2004-01-21,100.83
2004-01-22,100.65
2004-01-23,100.32
2004-01-26,101.55
2004-01-27,100.52
2004-01-28,99.35
2004-01-29,99.44
2004-01-30,99.42
2004-02-02,99.82
2004-02-03,99.68
2004-02-04,98.89
2004-02-05,99.11
2004-02-06,100.21
2004-02-09,100.3
2004-02-10,100.59
2004-02-11,101.64
2004-02-12,101.27
2004-02-13,100.8
2004-02-17,101.75
2004-02-18,101.29
2004-02-19,100.94
2004-02-20,100.63
2004-02-23,100.3
2004-02-24,100.17
2004-02-25,100.56
2004-02-26,100.59
2004-02-27,100.7
2004-03-01,101.66
2004-03-02,101.09
2004-03-03,101.24
2004-03-04,101.55
2004-03-05,101.86
2004-03-08,100.65
2004-03-09,100.26
2004-03-10,98.56
2004-03-11,97.26
2004-03-12,98.47
2004-03-15,97.33
2004-03-16,97.79
2004-03-17,98.87
2004-03-18,98.89
2004-03-19,97.53
2004-03-22,96.29
2004-03-23,96.12
2004-03-24,96.14
2004-03-25,97.42
2004-03-26,97.42
2004-03-29,98.8
2004-03-30,99.18
2004-03-31,99.09
2004-04-01,99.84
2004-04-02,100.59
2004-04-05,101.14
2004-04-06,100.83
2004-04-07,100.61
2004-04-08,100.37
2004-04-12,100.76
2004-04-13,99.38
2004-04-14,99.51
2004-04-15,99.09
2004-04-16,99.88
2004-04-19,99.86
2004-04-20,98.17
2004-04-21,98.87
2004-04-22,100.12
2004-04-23,100.37
2004-04-26,100.24
2004-04-27,100.24
2004-04-28,98.96
2004-04-29,98.12
2004-04-30,97.42
2004-05-03,98.3
2004-05-04,98.25
2004-05-05,98.83
2004-05-06,98.03
2004-05-07,96.49
2004-05-10,95.43
2004-05-11,96.21
2004-05-12,96.78
2004-05-13,96.34
2004-05-14,96.43
2004-05-17,95.61
2004-05-18,96.03
2004-05-19,95.72
2004-05-20,96.05
2004-05-21,96.23
2004-05-24,96.58
2004-05-25,97.99
2004-05-26,98.3
2004-05-27,98.89
2004-05-28,98.67
2004-06-01,98.76
2004-06-02,99.13
2004-06-03,98.21
2004-06-04,98.94
2004-06-07,100.43
2004-06-08,100.59
2004-06-09,99.66
2004-06-10,100.1
2004-06-14,99.16
2004-06-15,99.88
2004-06-16,99.82
2004-06-17,99.68
2004-06-18,99.9
2004-06-21,99.49
2004-06-22,99.99
2004-06-23,100.79
2004-06-24,100.54
2004-06-25,100.01
2004-06-28,99.71
2004-06-29,100.06
2004-06-30,100.48
2004-07-01,99.22
2004-07-02,99.18
2004-07-06,98.23
2004-07-07,98.5
2004-07-08,97.86
2004-07-09,98.03
2004-07-12,98.1
2004-07-13,98.16
2004-07-14,97.9
2004-07-15,97.22
2004-07-16,97.15
2004-07-19,96.8
2004-07-20,97.97
2004-07-21,96.07
2004-07-22,96.36
2004-07-23,95.63
2004-07-26,95.41
2004-07-27,96.25
2004-07-28,96.51
2004-07-29,96.93
2004-07-30,97
2004-08-02,97.39
2004-08-03,96.67
2004-08-04,96.65
2004-08-05,95.02
2004-08-06,93.69
2004-08-09,93.76
2004-08-10,94.82
2004-08-11,94.77
2004-08-12,93.72
2004-08-13,93.94
2004-08-16,94.93
2004-08-17,95.41
2004-08-18,96.42
2004-08-19,96.14
2004-08-20,96.8
2004-08-23,96.58
2004-08-24,96.69
2004-08-25,97.24
2004-08-26,97.31
2004-08-27,97.64
2004-08-30,96.82
2004-08-31,97.26
2004-09-01,97.5
2004-09-02,98.63
2004-09-03,98.19
2004-09-07,98.87
2004-09-08,98.56
2004-09-09,98.45
2004-09-10,98.96
2004-09-13,99.33
2004-09-14,99.49
2004-09-15,98.67
2004-09-16,99
2004-09-17,99.4
2004-09-20,98.8
2004-09-21,99.24
2004-09-22,97.99
2004-09-23,97.48
2004-09-24,97.86
2004-09-27,97.31
2004-09-28,97.7
2004-09-29,98.19
2004-09-30,98.17
2004-10-01,99.77
2004-10-04,99.97
2004-10-05,100.06
2004-10-06,100.61
2004-10-07,99.62
2004-10-08,98.78
2004-10-11,99.13
2004-10-12,98.83
2004-10-13,97.92
2004-10-14,97.11
2004-10-15,97.57
2004-10-18,97.99
2004-10-19,97.15
2004-10-20,97
2004-10-21,97.53
2004-10-22,96.49
2004-10-25,96.43
2004-10-26,97.86
2004-10-27,99.02
2004-10-28,99.27
2004-10-29,99.51
2004-11-01,99.55
2004-11-02,99.53
2004-11-03,100.81
2004-11-04,102.17
2004-11-05,102.81
2004-11-08,102.7
2004-11-09,102.5
2004-11-10,102.55
2004-11-11,103.34
2004-11-12,104.13
2004-11-15,104.42
2004-11-16,103.67
2004-11-17,104.26
2004-11-18,104.33
2004-11-19,103.21
2004-11-22,103.71
2004-11-23,103.82
2004-11-24,104.06
2004-11-26,103.95
2004-11-29,103.54
2004-11-30,103.36
2004-12-01,104.75
2004-12-02,104.81
2004-12-03,104.7
2004-12-06,104.7
2004-12-07,103.69
2004-12-08,104.24
2004-12-09,104.64
2004-12-10,104.75
2004-12-13,105.69
2004-12-14,106.04
2004-12-15,106.11
2004-12-16,106.04
2004-12-17,105.32
2004-12-20,105.36
2004-12-21,106.17
2004-12-22,106.44
2004-12-23,106.5
2004-12-27,106.22
2004-12-28,106.83
2004-12-29,106.97
2004-12-30,106.77
2004-12-31,106.68
2005-01-03,106.02
2005-01-04,104.68
2005-01-05,104
2005-01-06,104.44
2005-01-07,104.26
2005-01-10,104.75
2005-01-11,104.07
2005-01-12,104.37
2005-01-13,103.54
2005-01-14,104.04
2005-01-18,105.1
2005-01-19,104.02
2005-01-20,103.41
2005-01-21,102.7
2005-01-24,102.51
2005-01-25,102.81
2005-01-26,103.12
2005-01-27,103.25
2005-01-28,103.25
2005-01-31,103.87
2005-02-01,104.53
2005-02-02,104.88
2005-02-03,104.55
2005-02-04,105.65
2005-02-07,105.54
2005-02-08,105.67
2005-02-09,104.86
2005-02-10,105.16
2005-02-11,106.09
2005-02-14,106.02
2005-02-15,106.42
2005-02-16,106.39
2005-02-17,105.56
2005-02-18,105.67
2005-02-22,104.13
2005-02-23,104.83
2005-02-24,105.54
2005-02-25,106.53
2005-02-28,105.82
2005-03-01,106.35
2005-03-02,106.31
2005-03-03,106.35
2005-03-04,107.6
2005-03-07,107.69
2005-03-08,107.27
2005-03-09,106.09
2005-03-10,106.31
2005-03-11,105.56
2005-03-14,106.13
2005-03-15,105.32
2005-03-16,104.38
2005-03-17,104.55
2005-03-18,104.27
2005-03-21,103.87
2005-03-22,102.82
2005-03-23,102.84
2005-03-24,102.93
2005-03-28,103.11
2005-03-29,102.45
2005-03-30,103.81
2005-03-31,103.68
2005-04-01,103.13
2005-04-04,103.3
2005-04-05,103.79
2005-04-06,104.14
2005-04-07,104.66
2005-04-08,103.63
2005-04-11,103.65
2005-04-12,104.2
2005-04-13,102.98
2005-04-14,101.62
2005-04-15,100.13
2005-04-18,100.41
2005-04-19,101.2
2005-04-20,99.8
2005-04-21,101.71
2005-04-22,101.33
2005-04-25,101.93
2005-04-26,101.03
2005-04-27,101.33
2005-04-28,100.09
2005-04-29,101.44
2005-05-02,101.88
2005-05-03,102.1
2005-05-04,102.91
2005-05-05,102.89
2005-05-06,102.56
2005-05-09,103.17
2005-05-10,102.12
2005-05-11,102.67
2005-05-12,101.51
2005-05-13,101.29
2005-05-16,102.19
2005-05-17,102.91
2005-05-18,103.92
2005-05-19,104.31
2005-05-20,104.22
2005-05-23,104.75
2005-05-24,104.53
2005-05-25,104.42
2005-05-26,104.9
2005-05-27,105.1
2005-05-31,104.4
2005-06-01,105.19
2005-06-02,105.54
2005-06-03,104.95
2005-06-06,104.9
2005-06-07,104.99
2005-06-08,104.73
2005-06-09,105.17
2005-06-10,104.99
2005-06-13,105.3
2005-06-14,105.51
2005-06-15,105.67
2005-06-16,106.01
2005-06-17,106.43
2005-06-20,106.39
2005-06-21,106.47
2005-06-22,106.47
2005-06-23,104.99
2005-06-24,104.27
2005-06-27,104.31
2005-06-28,105.23
2005-06-29,104.9
2005-06-30,104.25
2005-07-01,104.64
2005-07-05,105.43
2005-07-06,104.51
2005-07-07,104.88
2005-07-08,106.08
2005-07-11,106.69
2005-07-12,106.86
2005-07-13,107.08
2005-07-14,107.41
2005-07-15,107.37
2005-07-18,106.95
2005-07-19,107.54
2005-07-20,107.82
2005-07-21,107.26
2005-07-22,107.87
2005-07-25,107.61
2005-07-26,107.69
2005-07-27,108.11
2005-07-28,108.74
2005-07-29,107.85
2005-08-01,107.91
2005-08-02,108.57
2005-08-03,108.81
2005-08-04,107.96
2005-08-05,107.24
2005-08-08,107.02
2005-08-09,107.63
2005-08-10,107.58
2005-08-11,108
2005-08-12,107.34
2005-08-15,107.91
2005-08-16,106.52
2005-08-17,106.52
2005-08-18,106.47
2005-08-19,106.71
2005-08-22,106.73
2005-08-23,106.52
2005-08-24,105.51
2005-08-25,105.82
2005-08-26,105.16
2005-08-29,105.91
2005-08-30,105.39
2005-08-31,106.52
2005-09-01,106.54
2005-09-02,106.36
2005-09-06,107.63
2005-09-07,107.74
2005-09-08,107.43
2005-09-09,108.3
2005-09-12,108.13
2005-09-13,107.48
2005-09-14,107.09
2005-09-15,107
2005-09-16,107.76
2005-09-19,107.39
2005-09-20,106.48
2005-09-21,105.48
2005-09-22,105.81
2005-09-23,105.87
2005-09-26,105.96
2005-09-27,105.98
2005-09-28,106.07
2005-09-29,106.85
2005-09-30,107.07
2005-10-03,106.85
2005-10-04,105.55
2005-10-05,104.16
2005-10-06,103.84
2005-10-07,104.1
2005-10-10,103.23
2005-10-11,103.1
2005-10-12,102.23
2005-10-13,102.19
2005-10-14,103.23
2005-10-17,103.6
2005-10-18,102.49
2005-10-19,104.14
2005-10-20,102.32
2005-10-21,102.69
2005-10-24,104.31
2005-10-25,104.01
2005-10-26,103.75
2005-10-27,102.58
2005-10-28,104.07
2005-10-31,104.94
2005-11-01,104.64
2005-11-02,105.66
2005-11-03,106.16
2005-11-04,106.01
2005-11-07,106.07
2005-11-08,106.07
2005-11-09,106.16
2005-11-10,107.02
2005-11-11,107.39
2005-11-14,107.33
2005-11-15,106.92
2005-11-16,107.11
2005-11-17,108.02
2005-11-18,108.46
2005-11-21,109.04
2005-11-22,109.47
2005-11-23,110.04
2005-11-25,110.17
2005-11-28,109.39
2005-11-29,109.24
2005-11-30,108.52
2005-12-01,109.69
2005-12-02,109.82
2005-12-05,109.61
2005-12-06,109.78
2005-12-07,109.13
2005-12-08,109.02
2005-12-09,109.24
2005-12-12,109.39
2005-12-13,110.06
2005-12-14,110.49
2005-12-15,110.12
2005-12-16,109.82
2005-12-19,109.24
2005-12-20,109.28
2005-12-21,109.45
2005-12-22,109.93
2005-12-23,110.01
2005-12-27,108.93
2005-12-28,109.04
2005-12-29,108.59
2005-12-30,108.14
2006-01-03,109.86
2006-01-04,110.36
2006-01-05,110.42
2006-01-06,111.33
2006-01-09,111.61
2006-01-10,111.69
2006-01-11,112.02
2006-01-12,111.48
2006-01-13,111.41
2006-01-17,111.13
2006-01-18,110.64
2006-01-19,111.02
2006-01-20,109
2006-01-23,109.39
2006-01-24,109.49
2006-01-25,109.54
2006-01-26,110.12
2006-01-27,111.11
2006-01-30,111.05
2006-01-31,110.62
2006-02-01,110.94
2006-02-02,109.62
2006-02-03,109.06
2006-02-06,109.34
2006-02-07,108.37
2006-02-08,109.3
2006-02-09,109.09
2006-02-10,109.3
2006-02-13,109.09
2006-02-14,110.16
2006-02-15,110.51
2006-02-16,111.33
2006-02-17,111.09
2006-02-21,110.77
2006-02-22,111.37
2006-02-23,111.2
2006-02-24,111.43
2006-02-27,111.52
2006-02-28,110.53
2006-03-01,111.35
2006-03-02,111.3
2006-03-03,110.87
2006-03-06,110.27
2006-03-07,110.1
2006-03-08,110.27
2006-03-09,109.62
2006-03-10,110.57
2006-03-13,110.81
2006-03-14,111.92
2006-03-15,112.39
2006-03-16,112.6
2006-03-17,112.67
2006-03-20,112.5
2006-03-21,111.81
2006-03-22,112.41
2006-03-23,112.18
2006-03-24,112.26
2006-03-27,112.11
2006-03-28,111.38
2006-03-29,112.03
2006-03-30,111.81
2006-03-31,111.45
2006-04-03,111.66
2006-04-04,112.43
2006-04-05,112.8
2006-04-06,112.67
2006-04-07,111.51
2006-04-10,111.64
2006-04-11,110.66
2006-04-12,110.79
2006-04-13,110.68
2006-04-17,110.57
2006-04-18,112.33
2006-04-19,112.47
2006-04-20,112.62
2006-04-21,112.62
2006-04-24,112.41
2006-04-25,111.98
2006-04-26,111.94
2006-04-27,112.45
2006-04-28,112.54
2006-05-01,111.88
2006-05-02,112.71
2006-05-03,112.22
2006-05-04,112.62
2006-05-05,113.65
2006-05-08,113.5
2006-05-09,113.67
2006-05-10,113.54
2006-05-11,112.18
2006-05-12,110.68
2006-05-15,110.94
2006-05-16,110.74
2006-05-17,108.52
2006-05-18,108.01
2006-05-19,108.67
2006-05-22,107.92
2006-05-23,107.11
2006-05-24,107.84
2006-05-25,109.12
2006-05-26,109.7
2006-05-30,107.75
2006-05-31,108.78
2006-06-01,109.95
2006-06-02,110.17
2006-06-05,108.56
2006-06-06,108.24
2006-06-07,107.41
2006-06-08,107.37
2006-06-09,106.98
2006-06-12,105.75
2006-06-13,104.52
2006-06-14,105.26
2006-06-15,107.51
2006-06-16,106.85
2006-06-19,105.88
2006-06-20,106.22
2006-06-21,107
2006-06-22,106.51
2006-06-23,106.47
2006-06-26,106.87
2006-06-27,105.98
2006-06-28,106.66
2006-06-29,108.76
2006-06-30,108.51
2006-07-03,109.25
2006-07-05,108.53
2006-07-06,108.78
2006-07-07,108.13
2006-07-10,108.29
2006-07-11,108.74
2006-07-12,107.55
2006-07-13,105.79
2006-07-14,105.35
2006-07-17,105.2
2006-07-18,105.64
2006-07-19,107.07
2006-07-20,106.37
2006-07-21,105.56
2006-07-24,107.49
2006-07-25,107.83
2006-07-26,107.98
2006-07-27,107.89
2006-07-28,108.91
2006-07-31,108.7
2006-08-01,108.27
2006-08-02,108.91
2006-08-03,109.16
2006-08-04,109.06
2006-08-07,108.74
2006-08-08,108.27
2006-08-09,107.83
2006-08-10,108.17
2006-08-11,107.89
2006-08-14,107.98
2006-08-15,109.21
2006-08-16,110.16
2006-08-17,110.33
2006-08-18,110.84
2006-08-21,110.44
2006-08-22,110.42
2006-08-23,110.05
2006-08-24,109.91
2006-08-25,110.03
2006-08-28,110.56
2006-08-29,110.67
2006-08-30,110.67
2006-08-31,110.71
2006-09-01,111.31
2006-09-05,111.48
2006-09-06,110.48
2006-09-07,109.93
2006-09-08,110.18
2006-09-11,110.27
2006-09-12,111.4
2006-09-13,111.74
2006-09-14,111.78
2006-09-15,112.01
2006-09-18,112.18
2006-09-19,111.86
2006-09-20,112.37
2006-09-21,111.84
2006-09-22,111.49
2006-09-25,112.3
2006-09-26,113.23
2006-09-27,113.31
2006-09-28,113.27
2006-09-29,113.12
2006-10-02,112.7
2006-10-03,112.94
2006-10-04,114.2
2006-10-05,114.41
2006-10-06,114.24
2006-10-09,114.28
2006-10-10,114.41
2006-10-11,114.26
2006-10-12,115.25
2006-10-13,115.48
2006-10-16,115.69
2006-10-17,115.33
2006-10-18,115.39
2006-10-19,115.54
2006-10-20,115.6
2006-10-23,116.09
2006-10-24,116.42
2006-10-25,116.8
2006-10-26,117.12
2006-10-27,116.42
2006-10-30,116.3
2006-10-31,116.3
2006-11-01,115.44
2006-11-02,115.29
2006-11-03,115.06
2006-11-06,116.34
2006-11-07,116.78
2006-11-08,116.99
2006-11-09,116.36
2006-11-10,116.42
2006-11-13,116.7
2006-11-14,117.52
2006-11-15,117.83
2006-11-16,118.13
2006-11-17,118.11
2006-11-20,118.15
2006-11-21,118.23
2006-11-22,118.42
2006-11-24,117.96
2006-11-27,116.32
2006-11-28,116.74
2006-11-29,117.9
2006-11-30,117.96
2006-12-01,117.75
2006-12-04,118.61
2006-12-05,119.11
2006-12-06,118.95
2006-12-07,118.44
2006-12-08,118.55
2006-12-11,118.92
2006-12-12,118.78
2006-12-13,118.9
2006-12-14,119.88
2006-12-15,119.88
2006-12-18,119.59
2006-12-19,119.71
2006-12-20,119.63
2006-12-21,119.17
2006-12-22,118.38
2006-12-26,119.09
2006-12-27,119.78
2006-12-28,119.51
2006-12-29,119.07
2007-01-03,118.76
2007-01-04,118.99
2007-01-05,118.07
2007-01-08,118.57
2007-01-09,118.4
2007-01-10,118.73
2007-01-11,119.28
2007-01-12,120.09
2007-01-16,119.92
2007-01-17,119.92
2007-01-18,119.46
2007-01-19,119.76
2007-01-22,119.28
2007-01-23,119.65
2007-01-24,120.55
2007-01-25,119.13
2007-01-26,118.99
2007-01-29,118.88
2007-01-30,119.53
2007-01-31,120.28
2007-02-01,120.92
2007-02-02,121.11
2007-02-05,121.17
2007-02-06,121.13
2007-02-07,121.34
2007-02-08,121.19
2007-02-09,120.28
2007-02-12,119.86
2007-02-13,120.82
2007-02-14,121.57
2007-02-15,121.65
2007-02-16,121.61
2007-02-20,121.84
2007-02-21,121.74
2007-02-22,121.63
2007-02-23,121.17
2007-02-26,121.07
2007-02-27,116.3
2007-02-28,117.44
2007-03-01,117.11
2007-03-02,115.51
2007-03-05,114.38
2007-03-06,116.32
2007-03-07,116.13
2007-03-08,117.09
2007-03-09,117.11
2007-03-12,117.27
2007-03-13,115
2007-03-14,115.81
2007-03-15,115.95
2007-03-16,115.58
2007-03-19,116.97
2007-03-20,117.61
2007-03-21,119.38
2007-03-22,119.38
2007-03-23,119.55
2007-03-26,119.4
2007-03-27,119.01
2007-03-28,118.1
2007-03-29,118.27
2007-03-30,118.25
2007-04-02,118.41
2007-04-03,119.57
2007-04-04,119.67
2007-04-05,120.02
2007-04-09,120.17
2007-04-10,120.29
2007-04-11,119.67
2007-04-12,120.25
2007-04-13,120.72
2007-04-16,121.9
2007-04-17,122.19
2007-04-18,122.29
2007-04-19,122.29
2007-04-20,123.35
2007-04-23,122.95
2007-04-24,122.98
2007-04-25,123.99
2007-04-26,124.15
2007-04-27,124.09
2007-04-30,122.98
2007-05-01,123.33
2007-05-02,124.01
2007-05-03,124.61
2007-05-04,125.1
2007-05-07,125.1
2007-05-08,124.94
2007-05-09,125.21
2007-05-10,123.86
2007-05-11,124.94
2007-05-14,124.65
2007-05-15,124.63
2007-05-16,125.41
2007-05-17,125.19
2007-05-18,126.24
2007-05-21,126.24
2007-05-22,126.01
2007-05-23,126.03
2007-05-24,124.88
2007-05-25,125.35
2007-05-29,125.78
2007-05-30,126.73
2007-05-31,126.65
2007-06-01,127.19
2007-06-04,127.25
2007-06-05,126.71
2007-06-06,125.29
2007-06-07,123.04
2007-06-08,124.59
2007-06-11,124.81
2007-06-12,123.36
2007-06-13,125.22
2007-06-14,125.98
2007-06-15,126.65
2007-06-18,126.51
2007-06-19,126.75
2007-06-20,124.95
2007-06-21,125.67
2007-06-22,124.42
2007-06-25,123.85
2007-06-26,122.56
2007-06-27,124.3
2007-06-28,124.16
2007-06-29,124.01
2007-07-02,125.28
2007-07-03,125.71
2007-07-05,125.57
2007-07-06,126.22
2007-07-09,126.22
2007-07-10,124.38
2007-07-11,125.28
2007-07-12,127.31
2007-07-13,127.66
2007-07-16,127.63
2007-07-17,127.55
2007-07-18,127.23
2007-07-19,127.63
2007-07-20,126.43
2007-07-23,126.75
2007-07-24,124.59
2007-07-25,124.77
2007-07-26,121.76
2007-07-27,119.31
2007-07-30,121.17
2007-07-31,119.64
2007-08-01,120.29
2007-08-02,121.25
2007-08-03,118.08
2007-08-06,120.11
2007-08-07,121.31
2007-08-08,123.07
2007-08-09,119.31
2007-08-10,118.74
2007-08-13,119.06
2007-08-14,117.36
2007-08-15,115.75
2007-08-16,116.57
2007-08-17,118.65
2007-08-20,118.57
2007-08-21,118.67
2007-08-22,120.19
2007-08-23,120
2007-08-24,121.4
2007-08-27,120.27
2007-08-28,117.69
2007-08-29,119.92
2007-08-30,119.59
2007-08-31,120.84
2007-09-04,121.89
2007-09-05,120.82
2007-09-06,121.07
2007-09-07,119.45
2007-09-10,119.08
2007-09-11,120.52
2007-09-12,120.8
2007-09-13,121.52
2007-09-14,121.52
2007-09-17,120.85
2007-09-18,124.36
2007-09-19,125.05
2007-09-20,124.26
2007-09-21,124.48
2007-09-24,124.26
2007-09-25,124.03
2007-09-26,124.62
2007-09-27,125.29
2007-09-28,124.76
2007-10-01,126.26
2007-10-02,126.1
2007-10-03,125.8
2007-10-04,125.92
2007-10-05,127.42
2007-10-08,126.77
2007-10-09,127.87
2007-10-10,127.62
2007-10-11,126.97
2007-10-12,127.72
2007-10-15,126.57
2007-10-16,125.53
2007-10-17,125.94
2007-10-18,125.47
2007-10-19,122.15
2007-10-22,122.78
2007-10-23,123.75
2007-10-24,123.46
2007-10-25,123.71
2007-10-26,125.13
2007-10-29,125.49
2007-10-30,124.6
2007-10-31,126.13
2007-11-01,122.96
2007-11-02,123.1
2007-11-05,122.13
2007-11-06,123.71
2007-11-07,120.28
2007-11-08,119.69
2007-11-09,118.03
2007-11-12,116.83
2007-11-13,120.32
2007-11-14,119.9
2007-11-15,118.27
2007-11-16,118.46
2007-11-19,116.61
2007-11-20,117.3
2007-11-21,115.01
2007-11-23,116.98
2007-11-26,114.32
2007-11-27,115.72
2007-11-28,119.29
2007-11-29,119.37
2007-11-30,120.36
2007-12-03,119.69
2007-12-04,118.7
2007-12-05,120.63
2007-12-06,122.29
2007-12-07,122.27
2007-12-10,123.2
2007-12-11,119.9
2007-12-12,120.89
2007-12-13,120.71
2007-12-14,119.08
2007-12-17,117.33
2007-12-18,118.12
2007-12-19,118
2007-12-20,118.78
2007-12-21,120.65
2007-12-24,121.34
2007-12-26,121.6
2007-12-27,119.99
2007-12-28,119.65
2007-12-31,118.98
2008-01-02,117.47
2008-01-03,117.49
2008-01-04,114.61
2008-01-07,114.49
2008-01-08,112.52
2008-01-09,113.69
2008-01-10,114.45
2008-01-11,113.39
2008-01-14,114.39
2008-01-15,111.8
2008-01-16,110.83
2008-01-17,107.91
2008-01-18,106.74
2008-01-22,105.45
2008-01-23,108.05
2008-01-24,108.92
2008-01-25,107.45
2008-01-28,109.1
2008-01-29,109.7
2008-01-30,108.77
2008-01-31,111.11
2008-02-01,112.52
2008-02-04,111.05
2008-02-05,108.19
2008-02-06,107.12
2008-02-07,107.95
2008-02-08,107.14
2008-02-11,107.79
2008-02-12,108.71
2008-02-13,109.84
2008-02-14,108.81
2008-02-15,108.84
2008-02-19,109.18
2008-02-20,109.46
2008-02-21,108.49
2008-02-22,109.18
2008-02-25,110.47
2008-02-26,111.37
2008-02-27,111.19
2008-02-28,110
2008-02-29,107.22
2008-03-03,107.28
2008-03-04,106.88
2008-03-05,107.57
2008-03-06,105.35
2008-03-07,104.12
2008-03-10,102.73
2008-03-11,106.64
2008-03-12,105.47
2008-03-13,105.77
2008-03-14,103.98
2008-03-17,102.9
2008-03-18,107.28
2008-03-19,104.51
2008-03-20,106.54
2008-03-24,108.69
2008-03-25,108.69
2008-03-26,107.4
2008-03-27,106.94
2008-03-28,106.08
2008-03-31,106.48
2008-04-01,110.22
2008-04-02,110.26
2008-04-03,110.46
2008-04-04,110.34
2008-04-07,110.36
2008-04-08,110.26
2008-04-09,109.39
2008-04-10,109.59
2008-04-11,107.4
2008-04-14,107.06
2008-04-15,107.44
2008-04-16,110.26
2008-04-17,110.36
2008-04-18,111.63
2008-04-21,111.65
2008-04-22,111.04
2008-04-23,110.86
2008-04-24,111.46
2008-04-25,112.35
2008-04-28,112.39
2008-04-29,111.89
2008-04-30,111.46
2008-05-01,113.51
2008-05-02,113.86
2008-05-05,113.25
2008-05-06,114.26
2008-05-07,112.21
2008-05-08,111.95
2008-05-09,111.71
2008-05-12,112.97
2008-05-13,112.97
2008-05-14,113.21
2008-05-15,114.56
2008-05-16,114.66
2008-05-19,114.98
2008-05-20,114
2008-05-21,112.03
2008-05-22,112.05
2008-05-23,110.46
2008-05-27,111.36
2008-05-28,111.91
2008-05-29,112.41
2008-05-30,112.63
2008-06-02,111.42
2008-06-03,110.86
2008-06-04,110.78
2008-06-05,113.01
2008-06-06,109.33
2008-06-09,109.65
2008-06-10,109.07
2008-06-11,107.42
2008-06-12,107.85
2008-06-13,109.17
2008-06-16,109.19
2008-06-17,108.63
2008-06-18,107.49
2008-06-19,107.71
2008-06-20,105.9
2008-06-23,105.84
2008-06-24,105.62
2008-06-25,106.18
2008-06-26,103.13
2008-06-27,102.77
2008-06-30,102.85
2008-07-01,103.27
2008-07-02,101.38
2008-07-03,101.56
2008-07-07,100.5
2008-07-08,102.27
2008-07-09,100.2
2008-07-10,100.72
2008-07-11,99.54
2008-07-14,98.61
2008-07-15,97.27
2008-07-16,99.64
2008-07-17,100.64
2008-07-18,101.2
2008-07-21,101.28
2008-07-22,102.31
2008-07-23,102.97
2008-07-24,100.66
2008-07-25,100.66
2008-07-28,99.16
2008-07-29,101.3
2008-07-30,103.15
2008-07-31,101.73
2008-08-01,101.18
2008-08-04,100.26
2008-08-05,103.01
2008-08-06,103.39
2008-08-07,101.81
2008-08-08,103.75
2008-08-11,104.78
2008-08-12,103.69
2008-08-13,103.13
2008-08-14,103.87
2008-08-15,104.35
2008-08-18,102.93
2008-08-19,101.85
2008-08-20,102.27
2008-08-21,102.41
2008-08-22,103.75
2008-08-25,101.69
2008-08-26,102.11
2008-08-27,102.93
2008-08-28,104.21
2008-08-29,102.97
2008-09-02,102.49
2008-09-03,102.39
2008-09-04,99.28
2008-09-05,99.64
2008-09-08,101.73
2008-09-09,98.47
2008-09-10,99.02
2008-09-11,100.44
2008-09-12,100.94
2008-09-15,95.93
2008-09-16,97.55
2008-09-17,93.28
2008-09-18,96.51
2008-09-19,99.94
2008-09-22,97.35
2008-09-23,95.21
2008-09-24,95.69
2008-09-25,97.33
2008-09-26,97.41
2008-09-29,89.73
2008-09-30,93.76
2008-10-01,93.72
2008-10-02,90.19
2008-10-03,88.89
2008-10-06,84.48
2008-10-07,80.67
2008-10-08,78.68
2008-10-09,73.19
2008-10-10,71.47
2008-10-13,81.55
2008-10-14,80.39
2008-10-15,72.45
2008-10-16,75.48
2008-10-17,74.87
2008-10-20,79.45
2008-10-21,76.94
2008-10-22,72.41
2008-10-23,73.41
2008-10-24,69.46
2008-10-27,66.95
2008-10-28,75.3
2008-10-29,74.35
2008-10-30,77.12
2008-10-31,77.58
2008-11-03,77.76
2008-11-04,80.47
2008-11-05,76.84
2008-11-06,72.55
2008-11-07,75.1
2008-11-10,73.91
2008-11-11,71.63
2008-11-12,68.46
2008-11-13,72.81
2008-11-14,69.1
2008-11-17,68.26
2008-11-18,69.5
2008-11-19,65.17
2008-11-20,60.02
2008-11-21,63.53
2008-11-24,68.02
2008-11-25,68.44
2008-11-26,71.08
2008-11-28,71.81
2008-12-01,65.43
2008-12-02,68.1
2008-12-03,69.66
2008-12-04,67.98
2008-12-05,69.98
2008-12-08,72.57
2008-12-09,71.35
2008-12-10,71.85
2008-12-11,70.18
2008-12-12,71.06
2008-12-15,70
2008-12-16,73.25
2008-12-17,72.47
2008-12-18,71.63
2008-12-19,70.72
2008-12-22,69.92
2008-12-23,68.9
2008-12-24,69.42
2008-12-26,69.74
2008-12-29,69.86
2008-12-30,71.29
2008-12-31,72.23
2009-01-02,74.27
2009-01-05,74.44
2009-01-06,74.68
2009-01-07,72.65
2009-01-08,72.77
2009-01-09,71.06
2009-01-12,69.66
2009-01-13,69.7
2009-01-14,67.39
2009-01-15,67.35
2009-01-16,68.1
2009-01-20,64.68
2009-01-21,67.15
2009-01-22,66.25
2009-01-23,66.09
2009-01-26,66.67
2009-01-27,67.35
2009-01-28,69.94
2009-01-29,67.63
2009-01-30,66.01
2009-02-02,65.91
2009-02-03,66.73
2009-02-04,66.59
2009-02-05,67.45
2009-02-06,69.64
2009-02-09,69.42
2009-02-10,66.37
2009-02-11,66.73
2009-02-12,67.05
2009-02-13,65.81
2009-02-17,63.04
2009-02-18,62.56
2009-02-19,62.56
2009-02-20,61.76
2009-02-23,59.79
2009-02-24,61.7
2009-02-25,61.11
2009-02-26,60.35
2009-02-27,58.93
2009-03-02,56.62
2009-03-03,55.34
2009-03-04,56.86
2009-03-05,55.05
2009-03-06,55.19
2009-03-09,54.25
2009-03-10,57.46
2009-03-11,57.82
2009-03-12,60.31
2009-03-13,60.81
2009-03-16,60.77
2009-03-17,62.48
2009-03-18,63.79
2009-03-19,62.87
2009-03-20,61.58
2009-03-23,65.87
2009-03-24,64.76
2009-03-25,65.14
2009-03-26,66.68
2009-03-27,65.77
2009-03-30,63.21
2009-03-31,64.06
2009-04-01,65.23
2009-04-02,67.34
2009-04-03,67.74
2009-04-06,66.94
2009-04-07,65.61
2009-04-08,66.29
2009-04-09,68.71
2009-04-13,68.83
2009-04-14,67.72
2009-04-15,68.39
2009-04-16,69.44
2009-04-17,69.86
2009-04-20,67.14
2009-04-21,68.33
2009-04-22,67.46
2009-04-23,68.41
2009-04-24,69.84
2009-04-27,69.05
2009-04-28,68.65
2009-04-29,70.04
2009-04-30,70.12
2009-05-01,70.61
2009-05-04,72.76
2009-05-05,72.82
2009-05-06,73.93
2009-05-07,73.1
2009-05-08,74.53
2009-05-11,73.27
2009-05-12,73.08
2009-05-13,71.35
2009-05-14,71.69
2009-05-15,71.17
2009-05-18,73.1
2009-05-19,73.06
2009-05-20,72.54
2009-05-21,71.63
2009-05-22,71.33
2009-05-26,73.24
2009-05-27,71.94
2009-05-28,72.94
2009-05-29,73.99
2009-06-01,75.68
2009-06-02,75.97
2009-06-03,75.1
2009-06-04,75.8
2009-06-05,75.8
2009-06-08,75.66
2009-06-09,75.72
2009-06-10,75.8
2009-06-11,75.92
2009-06-12,76.15
2009-06-15,74.43
2009-06-16,73.48
2009-06-17,73.27
2009-06-18,73.92
2009-06-19,74.12
2009-06-22,71.92
2009-06-23,72.06
2009-06-24,72.69
2009-06-25,74.18
2009-06-26,73.98
2009-06-29,74.57
2009-06-30,74.1
2009-07-01,74.41
2009-07-02,72.3
2009-07-06,72.48
2009-07-07,71.17
2009-07-08,70.72
2009-07-09,71.15
2009-07-10,70.76
2009-07-13,72.48
2009-07-14,72.97
2009-07-15,75.05
2009-07-16,75.74
2009-07-17,75.84
2009-07-20,76.81
2009-07-21,77.18
2009-07-22,76.85
2009-07-23,78.43
2009-07-24,79.14
2009-07-27,79.32
2009-07-28,79
2009-07-29,78.92
2009-07-30,79.51
2009-07-31,79.69
2009-08-03,81
2009-08-04,81.33
2009-08-05,81
2009-08-06,80.54
2009-08-07,81.47
2009-08-10,81.55
2009-08-11,80.38
2009-08-12,81.12
2009-08-13,82.04
2009-08-14,81.41
2009-08-17,79.18
2009-08-18,80.09
2009-08-19,80.7
2009-08-20,81.33
2009-08-21,82.99
2009-08-24,82.93
2009-08-25,83.05
2009-08-26,83.11
2009-08-27,83.31
2009-08-28,83.17
2009-08-31,82.54
2009-09-01,80.66
2009-09-02,80.48
2009-09-03,81.08
2009-09-04,82.08
2009-09-08,82.97
2009-09-09,83.57
2009-09-10,84.32
2009-09-11,84.3
2009-09-14,84.81
2009-09-15,85.01
2009-09-16,86.43
2009-09-17,86.37
2009-09-18,86.23
2009-09-21,86.19
2009-09-22,86.74
2009-09-23,86.07
2009-09-24,84.87
2009-09-25,84.61
2009-09-28,86.07
2009-09-29,85.72
2009-09-30,85.58
2009-10-01,83.51
2009-10-02,83.04
2009-10-05,84.24
2009-10-06,85.22
2009-10-07,85.62
2009-10-08,86.46
2009-10-09,86.8
2009-10-12,87.09
2009-10-13,86.86
2009-10-14,88.41
2009-10-15,88.57
2009-10-16,87.94
2009-10-19,88.67
2009-10-20,88.55
2009-10-21,87.61
2009-10-22,88.65
2009-10-23,87.53
2009-10-26,86.68
2009-10-27,86.19
2009-10-28,84.4
2009-10-29,86.27
2009-10-30,83.96
2009-11-02,84.44
2009-11-03,84.67
2009-11-04,85.09
2009-11-05,86.41
2009-11-06,86.66
2009-11-09,88.73
2009-11-10,88.75
2009-11-11,89.1
2009-11-12,88.37
2009-11-13,88.71
2009-11-16,89.91
2009-11-17,90.01
2009-11-18,90.09
2009-11-19,88.93
2009-11-20,88.59
2009-11-23,89.71
2009-11-24,89.65
2009-11-25,90.13
2009-11-27,88.55
2009-11-30,88.97
2009-12-01,90.09
2009-12-02,90.05
2009-12-03,89.24
2009-12-04,90.05
2009-12-07,89.71
2009-12-08,88.59
2009-12-09,89.04
2009-12-10,89.56
2009-12-11,90.05
2009-12-14,90.48
2009-12-15,90.11
2009-12-16,90.26
2009-12-17,89.32
2009-12-18,89.6
2009-12-21,90.46
2009-12-22,90.89
2009-12-23,91.05
2009-12-24,91.58
2009-12-28,91.66
2009-12-29,91.56
2009-12-30,91.58
2009-12-31,90.66
2010-01-04,92.13
2010-01-05,92.42
2010-01-06,92.48
2010-01-07,92.85
2010-01-08,93.17
2010-01-11,93.26
2010-01-12,92.56
2010-01-13,93.17
2010-01-14,93.48
2010-01-15,92.42
2010-01-19,93.52
2010-01-20,92.56
2010-01-21,90.68
2010-01-22,89.05
2010-01-25,89.17
2010-01-26,88.75
2010-01-27,89.34
2010-01-28,88.09
2010-01-29,87.38
2010-02-01,88.66
2010-02-02,89.56
2010-02-03,89.5
2010-02-04,86.66
2010-02-05,86.5
2010-02-08,86.19
2010-02-09,87.03
2010-02-10,86.79
2010-02-11,87.87
2010-02-12,88.07
2010-02-16,89.24
2010-02-17,89.75
2010-02-18,90.24
2010-02-19,90.3
2010-02-22,90.4
2010-02-23,89.56
2010-02-24,90.07
2010-02-25,89.97
2010-02-26,90.07
2010-03-01,90.97
2010-03-02,91.21
2010-03-03,91.3
2010-03-04,91.6
2010-03-05,92.77
2010-03-08,92.81
2010-03-09,93.09
2010-03-10,93.52
2010-03-11,93.91
2010-03-12,93.97
2010-03-15,93.91
2010-03-16,94.65
2010-03-17,95.16
2010-03-18,95.18
2010-03-19,94.77
2010-03-22,95.24
2010-03-23,95.85
2010-03-24,95.44
2010-03-25,95.3
2010-03-26,95.36
2010-03-29,95.79
2010-03-30,95.85
2010-03-31,95.51
2010-04-01,96.2
2010-04-05,96.96
2010-04-06,97.19
2010-04-07,96.63
2010-04-08,97.02
2010-04-09,97.74
2010-04-12,97.74
2010-04-13,97.78
2010-04-14,98.89
2010-04-15,99.05
2010-04-16,97.56
2010-04-19,97.99
2010-04-20,98.81
2010-04-21,98.4
2010-04-22,98.5
2010-04-23,99.36
2010-04-26,99.03
2010-04-27,96.8
2010-04-28,97.53
2010-04-29,98.78
2010-04-30,97
2010-05-03,98.23
2010-05-04,96.1
2010-05-05,95.4
2010-05-06,92
2010-05-07,90.73
2010-05-10,94.79
2010-05-11,94.44
2010-05-12,95.88
2010-05-13,94.81
2010-05-14,93.05
2010-05-17,92.99
2010-05-18,91.7
2010-05-19,90.98
2010-05-20,87.7
2010-05-21,88.89
2010-05-24,87.78
2010-05-25,87.95
2010-05-26,86.98
2010-05-27,90.24
2010-05-28,89.22
2010-06-01,87.66
2010-06-02,89.89
2010-06-03,90.45
2010-06-04,87.37
2010-06-07,85.9
2010-06-08,86.82
2010-06-09,86.51
2010-06-10,88.83
2010-06-11,89.28
2010-06-14,89.38
2010-06-15,91.27
2010-06-16,91.29
2010-06-17,91.48
2010-06-18,91.35
2010-06-21,91.38
2010-06-22,89.73
2010-06-23,89.48
2010-06-24,88.08
2010-06-25,88.43
2010-06-28,88.13
2010-06-29,85.18
2010-06-30,84.46
2010-07-01,84.07
2010-07-02,83.46
2010-07-06,84.28
2010-07-07,87.16
2010-07-08,87.8
2010-07-09,88.25
2010-07-12,88.58
2010-07-13,89.67
2010-07-14,89.77
2010-07-15,89.73
2010-07-16,87.47
2010-07-19,87.53
2010-07-20,88.87
2010-07-21,87.55
2010-07-22,89.5
2010-07-23,90.55
2010-07-26,91.29
2010-07-27,91.42
2010-07-28,90.68
2010-07-29,90.26
2010-07-30,90.37
2010-08-02,92.3
2010-08-03,92.01
2010-08-04,92.53
2010-08-05,92.45
2010-08-06,92.12
2010-08-09,92.61
2010-08-10,92.14
2010-08-11,89.28
2010-08-12,88.8
2010-08-13,88.54
2010-08-16,88.62
2010-08-17,89.61
2010-08-18,89.42
2010-08-19,88.15
2010-08-20,88.06
2010-08-23,87.67
2010-08-24,86.38
2010-08-25,86.77
2010-08-26,85.97
2010-08-27,87.53
2010-08-30,85.99
2010-08-31,86.25
2010-09-01,89.01
2010-09-02,89.65
2010-09-03,90.8
2010-09-07,89.79
2010-09-08,90.45
2010-09-09,90.72
2010-09-10,91.31
2010-09-13,92.24
2010-09-14,92.2
2010-09-15,92.62
2010-09-16,92.76
2010-09-17,92.53
2010-09-20,93.92
2010-09-21,93.77
2010-09-22,93.36
2010-09-23,92.59
2010-09-24,94.47
2010-09-27,94.02
2010-09-28,94.35
2010-09-29,94.29
2010-09-30,93.94
2010-10-01,94.39
2010-10-04,93.77
2010-10-05,95.42
2010-10-06,95.51
2010-10-07,95.57
2010-10-08,95.9
2010-10-11,96.04
2010-10-12,96.23
2010-10-13,97.04
2010-10-14,96.97
2010-10-15,97.1
2010-10-18,97.37
2010-10-19,96.17
2010-10-20,97.08
2010-10-21,97.16
2010-10-22,97.57
2010-10-25,97.74
2010-10-26,97.74
2010-10-27,97.41
2010-10-28,97.45
2010-10-29,97.49
2010-11-01,97.76
2010-11-02,98.57
2010-11-03,98.94
2010-11-04,100.69
2010-11-05,100.98
2010-11-08,100.82
2010-11-09,100.07
2010-11-10,100.32
2010-11-11,100.07
2010-11-12,98.79
2010-11-15,98.81
2010-11-16,97.08
2010-11-17,97.3
2010-11-18,98.98
2010-11-19,99.02
2010-11-22,99
2010-11-23,97.37
2010-11-24,98.87
2010-11-26,97.78
2010-11-29,98.05
2010-11-30,97.47
2010-12-01,99.54
2010-12-02,101.04
2010-12-03,101.11
2010-12-06,100.98
2010-12-07,101.09
2010-12-08,101.54
2010-12-09,101.89
2010-12-10,102.55
2010-12-13,102.57
2010-12-14,102.61
2010-12-15,102.22
2010-12-16,102.76
2010-12-17,102.76
2010-12-20,102.99
2010-12-21,102.99
2010-12-22,104.09
2010-12-23,103.96
2010-12-27,103.98
2010-12-28,104.05
2010-12-29,104.19
2010-12-30,104.19
2010-12-31,103.96
2011-01-03,104.98
2011-01-04,104.98
2011-01-05,105.52
2011-01-06,105.39
2011-01-07,105.17
2011-01-10,105
2011-01-11,105.41
2011-01-12,106.49
2011-01-13,106.31
2011-01-14,106.99
2011-01-18,107.43
2011-01-19,106.08
2011-01-20,106.08
2011-01-21,106.18
2011-01-24,106.91
2011-01-25,106.91
2011-01-26,107.32
2011-01-27,107.51
2011-01-28,105.5
2011-01-31,106.4
2011-02-01,108.09
2011-02-02,107.86
2011-02-03,108.13
2011-02-04,108.46
2011-02-07,109.17
2011-02-08,109.67
2011-02-09,109.46
2011-02-10,109.42
2011-02-11,110.13
2011-02-14,110.16
2011-02-15,110.04
2011-02-16,110.6
2011-02-17,110.99
2011-02-18,111.39
2011-02-22,109.07
2011-02-23,108.32
2011-02-24,108.09
2011-02-25,109.42
2011-02-28,110.02
2011-03-01,107.95
2011-03-02,108.34
2011-03-03,110.33
2011-03-04,109.54
2011-03-07,108.61
2011-03-08,109.52
2011-03-09,109.15
2011-03-10,107.39
2011-03-11,108.36
2011-03-14,107.47
2011-03-15,106.2
2011-03-16,104.43
2011-03-17,105.65
2011-03-18,106.11
2011-03-21,107.67
2011-03-22,107.28
2011-03-23,107.59
2011-03-24,108.69
2011-03-25,109.09
2011-03-28,108.44
2011-03-29,109.63
2011-03-30,110.25
2011-03-31,110
2011-04-01,110.57
2011-04-04,110.69
2011-04-05,110.48
2011-04-06,110.67
2011-04-07,110.63
2011-04-08,110.23
2011-04-11,109.88
2011-04-12,108.94
2011-04-13,108.98
2011-04-14,109.11
2011-04-15,109.82
2011-04-18,108.34
2011-04-19,108.96
2011-04-20,110.61
2011-04-21,110.84
2011-04-25,110.82
2011-04-26,111.67
2011-04-27,112.5
2011-04-28,112.84
2011-04-29,113.23
2011-05-02,113.07
2011-05-03,112.59
2011-05-04,111.84
2011-05-05,111.17
2011-05-06,111.13
2011-05-09,111.82
2011-05-10,112.73
2011-05-11,111.48
2011-05-12,112.21
2011-05-13,111.09
2011-05-16,110.38
2011-05-17,110.38
2011-05-18,111.46
2011-05-19,111.73
2011-05-20,110.57
2011-05-23,109.53
2011-05-24,109.38
2011-05-25,109.63
2011-05-26,110.46
2011-05-27,110.75
2011-05-31,111.92
2011-06-01,109.26
2011-06-02,109.3
2011-06-03,107.94
2011-06-06,107.01
2011-06-07,106.99
2011-06-08,106.34
2011-06-09,107.22
2011-06-10,105.7
2011-06-13,105.9
2011-06-14,107.43
2011-06-15,105.38
2011-06-16,105.67
2011-06-17,105.88
2011-06-20,106.53
2011-06-21,107.72
2011-06-22,107.03
2011-06-23,106.8
2011-06-24,105.72
2011-06-27,106.74
2011-06-28,108.27
2011-06-29,109.08
2011-06-30,110.02
2011-07-01,111.63
2011-07-05,111.8
2011-07-06,111.72
2011-07-07,113.06
2011-07-08,112.22
2011-07-11,110.27
2011-07-12,109.63
2011-07-13,109.75
2011-07-14,109.29
2011-07-15,109.98
2011-07-18,108.77
2011-07-19,110.5
2011-07-20,110.5
2011-07-21,112.28
2011-07-22,112.16
2011-07-25,111.53
2011-07-26,110.92
2011-07-27,108.64
2011-07-28,108.46
2011-07-29,107.77
2011-08-01,107.03
2011-08-02,104.32
2011-08-03,104.92
2011-08-04,100.26
2011-08-05,100.18
2011-08-08,92.94
2011-08-09,98
2011-08-10,93.97
2011-08-11,97.73
2011-08-12,98.42
2011-08-15,100.24
2011-08-16,99.72
2011-08-17,99.53
2011-08-18,95.64
2011-08-19,94.01
2011-08-22,93.94
2011-08-23,96.89
2011-08-24,98.02
2011-08-25,96.81
2011-08-26,98.36
2011-08-29,101.03
2011-08-30,100.76
2011-08-31,101.85
2011-09-01,100.47
2011-09-02,97.79
2011-09-06,97.39
2011-09-07,100.28
2011-09-08,99.17
2011-09-09,96.85
2011-09-12,97.27
2011-09-13,97.94
2011-09-14,99.37
2011-09-15,101.22
2011-09-16,101.85
2011-09-19,100.68
2011-09-20,100.53
2011-09-21,97.15
2011-09-22,94.43
2011-09-23,94.96
2011-09-26,97.38
2011-09-27,98.3
2011-09-28,96.56
2011-09-29,97.19
2011-09-30,94.64
2011-10-03,91.3
2011-10-04,93.59
2011-10-05,95.4
2011-10-06,97.29
2011-10-07,97.08
2011-10-10,100.11
2011-10-11,99.98
2011-10-12,100.72
2011-10-13,100.7
2011-10-14,102.48
2011-10-17,100.36
2011-10-18,102.8
2011-10-19,101.41
2011-10-20,101.71
2011-10-21,103.83
2011-10-24,104.82
2011-10-25,102.92
2011-10-26,104.02
2011-10-27,107.8
2011-10-28,107.67
2011-10-31,105
2011-11-01,102.92
2011-11-02,103.74
2011-11-03,105.55
2011-11-04,105.15
2011-11-07,105.7
2011-11-08,107.02
2011-11-09,103.03
2011-11-10,104.02
2011-11-11,106.03
2011-11-14,105.28
2011-11-15,105.4
2011-11-16,103.47
2011-11-17,102.1
2011-11-18,102.04
2011-11-21,100.09
2011-11-22,99.41
2011-11-23,97.5
2011-11-25,96.96
2011-11-28,100.11
2011-11-29,100.57
2011-11-30,104.73
2011-12-01,104.52
2011-12-02,104.52
2011-12-05,105.49
2011-12-06,105.49
2011-12-07,106.24
2011-12-08,103.89
2011-12-09,105.8
2011-12-12,103.8
2011-12-13,103.04
2011-12-14,101.86
2011-12-15,102.32
2011-12-16,102.26
2011-12-19,101.24
2011-12-20,104.37
2011-12-21,104.39
2011-12-22,105.46
2011-12-23,106.41
2011-12-27,106.41
2011-12-28,105.08
2011-12-29,106.18
2011-12-30,105.76
2012-01-03,107.41
2012-01-04,107.49
2012-01-05,107.49
2012-01-06,107.6
2012-01-09,107.7
2012-01-10,108.59
2012-01-11,108.78
2012-01-12,109.07
2012-01-13,108.84
2012-01-17,108.86
2012-01-18,109.96
2012-01-19,110.66
2012-01-20,110.68
2012-01-23,110.7
2012-01-24,110.74
2012-01-25,111.48
2012-01-26,111.06
2012-01-27,110.83
2012-01-30,110.53
2012-01-31,110.47
2012-02-01,111.44
2012-02-02,111.69
2012-02-03,113.06
2012-02-06,113.06
2012-02-07,113.55
2012-02-08,113.74
2012-02-09,113.85
2012-02-10,113.19
2012-02-13,113.91
2012-02-14,113.8
2012-02-15,113.34
2012-02-16,114.39
2012-02-17,114.82
2012-02-21,114.84
2012-02-22,114.5
2012-02-23,115.09
2012-02-24,115.11
2012-02-27,115.45
2012-02-28,115.81
2012-02-29,115.22
2012-03-01,116.06
2012-03-02,115.58
2012-03-05,115.22
2012-03-06,113.32
2012-03-07,114.23
2012-03-08,115.39
2012-03-09,115.89
2012-03-12,115.89
2012-03-13,117.93
2012-03-14,117.76
2012-03-15,118.37
2012-03-16,118.59
2012-03-19,119.05
2012-03-20,118.71
2012-03-21,118.5
2012-03-22,117.78
2012-03-23,118.2
2012-03-26,119.98
2012-03-27,119.26
2012-03-28,118.73
2012-03-29,118.56
2012-03-30,118.99
2012-04-02,119.77
2012-04-03,119.45
2012-04-04,118.14
2012-04-05,117.89
2012-04-09,116.59
2012-04-10,115.07
2012-04-11,115.66
2012-04-12,117.53
2012-04-13,115.74
2012-04-16,115.66
2012-04-17,117.31
2012-04-18,116.87
2012-04-19,116.38
2012-04-20,116.61
2012-04-23,115.55
2012-04-24,116.17
2012-04-25,117.63
2012-04-26,118.44
2012-04-27,118.59
2012-04-30,118.16
2012-05-01,118.75
2012-05-02,118.5
2012-05-03,117.53
2012-05-04,115.53
2012-05-07,115.81
2012-05-08,115.19
2012-05-09,114.56
2012-05-10,115.11
2012-05-11,114.47
2012-05-14,113.12
2012-05-15,112.63
2012-05-16,112.14
2012-05-17,110.34
2012-05-18,109.45
2012-05-21,111.57
2012-05-22,111.48
2012-05-23,111.57
2012-05-24,112.14
2012-05-25,111.51
2012-05-29,113.07
2012-05-30,110.95
2012-05-31,111.02
2012-06-01,108.03
2012-06-04,107.94
2012-06-05,108.96
2012-06-06,111.55
2012-06-07,111.65
2012-06-08,112.67
2012-06-11,110.82
2012-06-12,112.5
2012-06-13,111.54
2012-06-14,113.03
2012-06-15,113.99
2012-06-18,114.29
2012-06-19,115.1
2012-06-20,115.12
2012-06-21,112.35
2012-06-22,113.08
2012-06-25,111.35
2012-06-26,112.12
2012-06-27,112.97
2012-06-28,112.71
2012-06-29,115.61
2012-07-02,115.7
2012-07-03,116.59
2012-07-05,116.04
2012-07-06,115.21
2012-07-09,114.99
2012-07-10,113.82
2012-07-11,113.89
2012-07-12,113.29
2012-07-13,115.21
2012-07-16,114.84
2012-07-17,115.78
2012-07-18,116.53
2012-07-19,116.93
2012-07-20,115.76
2012-07-23,114.52
2012-07-24,113.31
2012-07-25,113.78
2012-07-26,115.46
2012-07-27,117.83
2012-07-30,117.66
2012-07-31,117.15
2012-08-01,116.8
2012-08-02,116.08
2012-08-03,118.38
2012-08-06,118.47
2012-08-07,119.06
2012-08-08,119.17
2012-08-09,119.36
2012-08-10,119.53
2012-08-13,119.53
2012-08-14,119.45
2012-08-15,119.62
2012-08-16,120.43
2012-08-17,120.62
2012-08-20,120.58
2012-08-21,120.38
2012-08-22,120.36
2012-08-23,119.32
2012-08-24,120.15
2012-08-27,120.02
2012-08-28,119.98
2012-08-29,119.94
2012-08-30,119.06
2012-08-31,119.74
2012-09-04,119.83
2012-09-05,119.62
2012-09-06,121.96
2012-09-07,122.58
2012-09-10,121.58
2012-09-11,121.92
2012-09-12,122.69
2012-09-13,124.2
2012-09-14,124.92
2012-09-17,124.49
2012-09-18,124.41
2012-09-19,124.43
2012-09-20,124.47
2012-09-21,124.32
2012-09-24,124.28
2012-09-25,123.06
2012-09-26,122.18
2012-09-27,123.38
2012-09-28,122.8
2012-10-01,123.04
2012-10-02,123.38
2012-10-03,123.7
2012-10-04,124.64
2012-10-05,124.62
2012-10-08,124.13
2012-10-09,122.95
2012-10-10,122.12
2012-10-11,122.31
2012-10-12,121.71
2012-10-15,122.91
2012-10-16,124.09
2012-10-17,124.75
2012-10-18,124.28
2012-10-19,121.93
2012-10-22,122.44
2012-10-23,120.45
2012-10-24,120.32
2012-10-25,120.58
2012-10-26,120.51
2012-10-31,120.45
2012-11-01,121.86
2012-11-02,120.34
2012-11-05,120.9
2012-11-06,122.03
2012-11-07,118.93
2012-11-08,117.75
2012-11-09,117.79
2012-11-12,118.01
2012-11-13,117.39
2012-11-14,115.85
2012-11-15,115.7
2012-11-16,116.42
2012-11-19,118.37
2012-11-20,118.69
2012-11-21,118.86
2012-11-23,120.32
2012-11-26,120.15
2012-11-27,119.66
2012-11-28,120.47
2012-11-29,121.22
2012-11-30,121.11
2012-12-03,120.48
2012-12-04,120.34
2012-12-05,120.58
2012-12-06,120.98
2012-12-07,121.24
2012-12-10,121.6
2012-12-11,122.57
2012-12-12,122.2
2012-12-13,121.41
2012-12-14,121.16
2012-12-17,122.68
2012-12-18,123.88
2012-12-19,123.2
2012-12-20,123.84
2012-12-21,122.6
2012-12-24,122.06
2012-12-26,121.52
2012-12-27,121.28
2012-12-28,118.98
2012-12-31,122.08
2013-01-02,125.26
2013-01-03,124.96
2013-01-04,125.32
2013-01-07,125.15
2013-01-08,124.85
2013-01-09,125.15
2013-01-10,126.12
2013-01-11,126.14
2013-01-14,125.88
2013-01-15,125.97
2013-01-16,125.99
2013-01-17,126.87
2013-01-18,127.15
2013-01-22,128.05
2013-01-23,128.12
2013-01-24,128.25
2013-01-25,128.59
2013-01-28,128.7
2013-01-29,129.39
2013-01-30,128.55
2013-01-31,128.38
2013-02-01,129.54
2013-02-04,128.4
2013-02-05,129.47
2013-02-06,129.54
2013-02-07,129.41
2013-02-08,130.03
2013-02-11,130.07
2013-02-12,130.35
2013-02-13,130.44
2013-02-14,130.55
2013-02-15,130.42
2013-02-19,131.36
2013-02-20,129.56
2013-02-21,129.04
2013-02-22,130.2
2013-02-25,127.86
2013-02-26,128.31
2013-02-27,130.31
2013-02-28,130.1
2013-03-01,130.38
2013-03-04,131.17
2013-03-05,132.14
2013-03-06,132.31
2013-03-07,132.63
2013-03-08,133.21
2013-03-11,133.73
2013-03-12,133.41
2013-03-13,133.69
2013-03-14,134.2
2013-03-15,133.99
2013-03-18,133.41
2013-03-19,133.02
2013-03-20,133.6
2013-03-21,132.74
2013-03-22,133.86
2013-03-25,133.43
2013-03-26,134.31
2013-03-27,134.27
2013-03-28,134.79
2013-04-01,134.2
2013-04-02,134.94
2013-04-03,133.56
2013-04-04,134.08
2013-04-05,133.34
2013-04-08,134.48
2013-04-09,134.83
2013-04-10,136.51
2013-04-11,136.94
2013-04-12,136.45
2013-04-15,133.13
2013-04-16,135.3
2013-04-17,133.34
2013-04-18,132.31
2013-04-19,133.47
2013-04-22,134.2
2013-04-23,135.71
2013-04-24,135.76
2013-04-25,136.43
2013-04-26,135.97
2013-04-29,136.99
2013-04-30,137.33
2013-05-01,136.04
2013-05-02,137.33
2013-05-03,138.73
2013-05-06,139.16
2013-05-07,139.77
2013-05-08,140.48
2013-05-09,140.11
2013-05-10,140.54
2013-05-13,140.65
2013-05-14,142.14
2013-05-15,142.68
2013-05-16,142.14
2013-05-17,143.43
2013-05-20,143.56
2013-05-21,143.65
2013-05-22,142.79
2013-05-23,142.31
2013-05-24,142.36
2013-05-28,142.7
2013-05-29,142.05
2013-05-30,142.61
2013-05-31,140.5
2013-06-03,141.13
2013-06-04,140.69
2013-06-05,138.69
2013-06-06,139.96
2013-06-07,141.32
2013-06-10,141.62
2013-06-11,140.33
2013-06-12,138.86
2013-06-13,141.17
2013-06-14,140.09
2013-06-17,141.41
2013-06-18,142.41
2013-06-19,140.55
2013-06-20,137.1
2013-06-21,137.1
2013-06-24,135.57
2013-06-25,136.89
2013-06-26,138.1
2013-06-27,139.05
2013-06-28,138.42
2013-07-01,139.07
2013-07-02,139.12
2013-07-03,139.27
2013-07-05,140.85
2013-07-08,141.56
2013-07-09,142.43
2013-07-10,142.69
2013-07-11,144.55
2013-07-12,144.57
2013-07-15,145.2
2013-07-16,144.66
2013-07-17,145.02
2013-07-18,145.46
2013-07-19,146.24
2013-07-22,146.3
2013-07-23,146.13
2013-07-24,145.74
2013-07-25,145.76
2013-07-26,145.98
2013-07-29,145.63
2013-07-30,145.83
2013-07-31,145.46
2013-08-01,147.17
2013-08-02,147.49
2013-08-05,147.36
2013-08-06,146.63
2013-08-07,146.13
2013-08-08,146.6
2013-08-09,145.96
2013-08-12,146.02
2013-08-13,146.34
2013-08-14,145.59
2013-08-15,143.32
2013-08-16,142.9
2013-08-19,142.38
2013-08-20,142.86
2013-08-21,141.65
2013-08-22,143.23
2013-08-23,143.81
2013-08-26,143.19
2013-08-27,140.93
2013-08-28,141.28
2013-08-29,141.67
2013-08-30,141.19
2013-09-03,141.87
2013-09-04,143.12
2013-09-05,143.08
2013-09-06,143.12
2013-09-09,144.46
2013-09-10,145.63
2013-09-11,146.17
2013-09-12,145.85
2013-09-13,146.15
2013-09-16,146.95
2013-09-17,147.56
2013-09-18,149.26
2013-09-19,149.23
2013-09-20,147.93
2013-09-23,147.08
2013-09-24,147.06
2013-09-25,146.48
2013-09-26,147.06
2013-09-27,146.54
2013-09-30,145.48
2013-10-01,146.8
2013-10-02,146.24
2013-10-03,145.09
2013-10-04,146.39
2013-10-07,144.91
2013-10-08,143.41
2013-10-09,143.26
2013-10-10,146.41
2013-10-11,147.63
2013-10-14,148.08
2013-10-15,147.02
2013-10-16,148.87
2013-10-17,150.13
2013-10-18,150.89
2013-10-21,151.04
2013-10-22,152.02
2013-10-23,151.34
2013-10-24,151.93
2013-10-25,152.41
2013-10-28,152.84
2013-10-29,153.58
2013-10-30,152.97
2013-10-31,152.15
2013-11-01,152.47
2013-11-04,153.19
2013-11-05,152.62
2013-11-06,153.41
2013-11-07,151.65
2013-11-08,153.45
2013-11-11,153.58
2013-11-12,153.36
2013-11-13,154.56
2013-11-14,155.34
2013-11-15,155.84
2013-11-18,155.43
2013-11-19,155.12
2013-11-20,154.64
2013-11-21,155.86
2013-11-22,156.51
2013-11-25,156.62
2013-11-26,156.58
2013-11-27,156.77
2013-11-29,156.75
2013-12-02,156.38
2013-12-03,155.66
2013-12-04,155.69
2013-12-05,155.01
2013-12-06,156.84
2013-12-09,157.18
2013-12-10,156.66
2013-12-11,154.73
2013-12-12,154.23
2013-12-13,154.21
2013-12-16,155.23
2013-12-17,154.6
2013-12-18,157.37
2013-12-19,157.13
2013-12-20,158.22
2013-12-23,158.94
2013-12-24,159.48
2013-12-26,160.14
2013-12-27,160.14
2013-12-30,159.99
2013-12-31,160.53
2014-01-02,159.27
2014-01-03,159.18
2014-01-06,158.77
2014-01-07,159.64
2014-01-08,159.79
2014-01-09,159.83
2014-01-10,160.25
2014-01-13,158.26
2014-01-14,159.83
2014-01-15,160.57
2014-01-16,160.12
2014-01-17,159.94
2014-01-21,160.31
2014-01-22,160.31
2014-01-23,159.07
2014-01-24,155.39
2014-01-27,154.84
2014-01-28,155.93
2014-01-29,154.45
2014-01-30,155.32
2014-01-31,154.91
2014-02-03,151.09
2014-02-04,152.05
2014-02-05,152.07
2014-02-06,154.03
2014-02-07,156.39
2014-02-10,156.5
2014-02-11,158.13
2014-02-12,158.44
2014-02-13,159.07
2014-02-14,160.01
2014-02-18,160.23
2014-02-19,159.18
2014-02-20,160.12
2014-02-21,159.94
2014-02-24,160.97
2014-02-25,160.99
2014-02-26,160.62
2014-02-27,161.66
2014-02-28,161.97
2014-03-03,160.71
2014-03-04,163.19
2014-03-05,163.28
2014-03-06,163.6
2014-03-07,163.76
2014-03-10,163.69
2014-03-11,162.65
2014-03-12,162.86
2014-03-13,161.03
2014-03-14,160.44
2014-03-17,162
2014-03-18,163.14
2014-03-19,162.13
2014-03-20,163.33
2014-03-21,162.54
2014-03-24,161.89
2014-03-25,162.74
2014-03-26,161.28
2014-03-27,161.1
2014-03-28,161.98
2014-03-31,163.2
2014-04-01,164.36
2014-04-02,164.82
2014-04-03,164.82
2014-04-04,162.81
2014-04-07,160.88
2014-04-08,161.49
2014-04-09,163.22
2014-04-10,159.92
2014-04-11,158.58
2014-04-14,159.7
2014-04-15,161.01
2014-04-16,162.17
2014-04-17,162.63
2014-04-21,163.2
2014-04-22,164.03
2014-04-23,163.94
2014-04-24,163.94
2014-04-25,162.81
2014-04-28,163.33
2014-04-29,163.84
2014-04-30,164.38
2014-05-01,164.36
2014-05-02,164.08
2014-05-05,164.19
2014-05-06,163.18
2014-05-07,164.05
2014-05-08,163.88
2014-05-09,163.99
2014-05-12,165.67
2014-05-13,165.8
2014-05-14,165.02
2014-05-15,163.44
2014-05-16,164.1
2014-05-19,164.75
2014-05-20,163.51
2014-05-21,165
2014-05-22,165.45
2014-05-23,166.05
2014-05-27,167.12
2014-05-28,167.1
2014-05-29,167.88
2014-05-30,168.19
2014-06-02,168.21
2014-06-03,168.23
2014-06-04,168.56
2014-06-05,169.68
2014-06-06,170.62
2014-06-09,170.71
2014-06-10,170.73
2014-06-11,170.16
2014-06-12,168.98
2014-06-13,169.44
2014-06-16,169.53
2014-06-17,169.92
2014-06-18,171.26
2014-06-19,171.37
2014-06-20,171.63
2014-06-23,171.61
2014-06-24,170.76
2014-06-25,171.3
2014-06-26,171.24
2014-06-27,171.52
2014-06-30,171.57
2014-07-01,172.73
2014-07-02,172.91
2014-07-03,173.77
2014-07-07,173.19
2014-07-08,172.27
2014-07-09,172.86
2014-07-10,172.03
2014-07-11,172.45
2014-07-14,173.19
2014-07-15,172.93
2014-07-16,173.52
2014-07-17,171.66
2014-07-18,173.24
2014-07-21,172.78
2014-07-22,173.55
2014-07-23,174.05
2014-07-24,174.05
2014-07-25,173.24
2014-07-28,173.37
2014-07-29,172.49
2014-07-30,172.67
2014-07-31,169.13
2014-08-01,168.58
2014-08-04,169.77
2014-08-05,168.1
2014-08-06,168.25
2014-08-07,167.42
2014-08-08,169.04
2014-08-11,169.81
2014-08-12,169.64
2014-08-13,170.89
2014-08-14,171.66
2014-08-15,171.57
2014-08-18,172.89
2014-08-19,173.74
2014-08-20,174.27
2014-08-21,174.82
2014-08-22,174.67
2014-08-25,175.3
2014-08-26,175.61
2014-08-27,175.48
2014-08-28,175.46
2014-08-29,175.87
2014-09-02,175.72
2014-09-03,175.63
2014-09-04,175.54
2014-09-05,176.27
2014-09-08,175.79
2014-09-09,174.84
2014-09-10,175.3
2014-09-11,175.48
2014-09-12,174.4
2014-09-15,174.34
2014-09-16,175.7
2014-09-17,175.9
2014-09-18,176.85
2014-09-19,176.78
2014-09-22,175.24
2014-09-23,174.01
2014-09-24,175.66
2014-09-25,173.06
2014-09-26,174.34
2014-09-29,173.76
2014-09-30,173.41
2014-10-01,171.23
2014-10-02,171.03
2014-10-03,172.95
2014-10-06,172.57
2014-10-07,170.1
2014-10-08,173.08
2014-10-09,169.84
2014-10-10,167.12
2014-10-13,164.59
2014-10-14,165.4
2014-10-15,162.93
2014-10-16,163.26
2014-10-17,165.95
2014-10-20,167.63
2014-10-21,170.98
2014-10-22,169.84
2014-10-23,171.69
2014-10-24,172.9
2014-10-27,172.66
2014-10-28,174.69
2014-10-29,174.01
2014-10-30,175.44
2014-10-31,177.47
2014-11-03,177.42
2014-11-04,176.94
2014-11-05,178.11
2014-11-06,178.92
2014-11-07,178.75
2014-11-10,179.45
2014-11-11,179.67
2014-11-12,179.63
2014-11-13,179.45
2014-11-14,179.81
2014-11-17,179.96
2014-11-18,180.73
2014-11-19,180.62
2014-11-20,181.04
2014-11-21,181.9
2014-11-24,182.41
2014-11-25,182.41
2014-11-26,182.83
2014-11-28,182.3
2014-12-01,180.93
2014-12-02,182.28
2014-12-03,182.85
2014-12-04,182.81
2014-12-05,183.16
2014-12-08,181.7
2014-12-09,181.53
2014-12-10,178.79
2014-12-11,179.19
2014-12-12,176.21
2014-12-15,175.57
2014-12-16,173.95
2014-12-17,177.78
2014-12-18,182.36
2014-12-19,182.98
2014-12-22,183.47
2014-12-23,184.05
2014-12-24,184.02
2014-12-26,184.51
2014-12-29,184.64
2014-12-30,183.85
2014-12-31,181.7
2015-01-02,181.15
2015-01-05,178.47
2015-01-06,176.56
2015-01-07,178.78
2015-01-08,181.92
2015-01-09,180.17
2015-01-12,179.04
2015-01-13,178.47
2015-01-14,177.72
2015-01-15,176.08
2015-01-16,178.2
2015-01-20,178.53
2015-01-21,179.4
2015-01-22,182.05
2015-01-23,180.95
2015-01-26,181.79
2015-01-27,179.71
2015-01-28,176.3
2015-01-29,178.69
2015-01-30,176.03
2015-02-02,178.56
2015-02-03,180.77
2015-02-04,179.71
2015-02-05,181.92
2015-02-06,181.74
2015-02-09,180.81
2015-02-10,182.56
2015-02-11,182.87
2015-02-12,184.49
2015-02-13,185.33
2015-02-17,185.55
2015-02-18,185.51
2015-02-19,185.48
2015-02-20,186.52
2015-02-23,186.5
2015-02-24,187.12
2015-02-25,186.81
2015-02-26,186.79
2015-02-27,186.15
2015-03-02,187.14
2015-03-03,186.32
2015-03-04,185.59
2015-03-05,185.88
2015-03-06,183.31
2015-03-09,183.93
2015-03-10,180.77
2015-03-11,180.55
2015-03-12,182.72
2015-03-13,181.46
2015-03-16,183.79
2015-03-17,183.59
2015-03-18,185.92
2015-03-19,184.94
2015-03-20,186.52
2015-03-23,186.12
2015-03-24,185.25
2015-03-25,182.48
2015-03-26,182.01
2015-03-27,182.37
2015-03-30,184.41
2015-03-31,183.1
2015-04-01,182.41
2015-04-02,182.99
2015-04-06,184.21
2015-04-07,183.72
2015-04-08,184.45
2015-04-09,185.32
2015-04-10,186.19
2015-04-13,185.39
2015-04-14,185.79
2015-04-15,186.56
2015-04-16,186.65
2015-04-17,184.41
2015-04-20,185.79
2015-04-21,185.79
2015-04-22,186.61
2015-04-23,187.21
2015-04-24,187.63
2015-04-27,187.01
2015-04-28,187.65
2015-04-29,186.5
2015-04-30,184.72
2015-05-01,186.72
2015-05-04,187.41
2015-05-05,185.17
2015-05-06,184.3
2015-05-07,185.19
2015-05-08,187.34
2015-05-11,186.39
2015-05-12,186.14
2015-05-13,186.1
2015-05-14,188.14
2015-05-15,188.28
2015-05-18,188.9
2015-05-19,188.76
2015-05-20,188.59
2015-05-21,189.07
2015-05-22,188.76
2015-05-26,187.03
2015-05-27,188.45
2015-05-28,188.52
2015-05-29,187.12
2015-06-01,187.41
2015-06-02,187.19
2015-06-03,188.01
2015-06-04,186.5
2015-06-05,185.9
2015-06-08,184.65
2015-06-09,184.81
2015-06-10,187.21
2015-06-11,187.41
2015-06-12,185.97
2015-06-15,185.12
2015-06-16,186.32
2015-06-17,186.34
2015-06-18,188.62
2015-06-19,187.1
2015-06-22,188.44
2015-06-23,188.77
2015-06-24,187.26
2015-06-25,186.77
2015-06-26,186.92
2015-06-29,182.89
2015-06-30,183.24
2015-07-01,184.72
2015-07-02,184.52
2015-07-06,184.14
2015-07-07,184.96
2015-07-08,181.88
2015-07-09,182.06
2015-07-10,184.54
2015-07-13,186.81
2015-07-14,187.48
2015-07-15,187.68
2015-07-16,188.82
2015-07-17,188.98
2015-07-20,189.27
2015-07-21,188.6
2015-07-22,188.02
2015-07-23,187.17
2015-07-24,185.3
2015-07-27,184.14
2015-07-28,186.17
2015-07-29,187.44
2015-07-30,187.64
2015-07-31,187.17
2015-08-03,186.5
2015-08-04,185.79
2015-08-05,186.75
2015-08-06,185.47
2015-08-07,184.94
2015-08-10,187.28
2015-08-11,185.5
2015-08-12,185.9
2015-08-13,185.56
2015-08-14,186.37
2015-08-17,187.24
2015-08-18,186.77
2015-08-19,184.87
2015-08-20,180.66
2015-08-21,175.84
2015-08-24,166.9
2015-08-25,167.03
2015-08-26,172.85
2015-08-27,177.42
2015-08-28,177.47
2015-08-31,175.64
2015-09-01,170.89
2015-09-02,173.66
2015-09-03,173.57
2015-09-04,171.4
2015-09-08,175.33
2015-09-09,173.28
2015-09-10,173.88
2015-09-11,174.84
2015-09-14,174.28
2015-09-15,176.61
2015-09-16,178.22
2015-09-17,177.26
2015-09-18,174.86
2015-09-21,175.98
2015-09-22,173.2
2015-09-23,172.89
2015-09-24,172.01
2015-09-25,172.06
2015-09-28,167.82
2015-09-29,168.05
2015-09-30,171.12
2015-10-01,171.84
2015-10-02,174.19
2015-10-05,177.03
2015-10-06,176.47
2015-10-07,178.16
2015-10-08,179.88
2015-10-09,179.97
2015-10-12,180.28
2015-10-13,178.76
2015-10-14,177.86
2015-10-15,181
2015-10-16,181.58
2015-10-19,181.76
2015-10-20,181.14
2015-10-21,180.06
2015-10-22,184.05
2015-10-23,185.22
2015-10-26,184.88
2015-10-27,184.72
2015-10-28,186.87
2015-10-29,186.74
2015-10-30,185.91
2015-11-02,187.86
2015-11-03,188.53
2015-11-04,187.79
2015-11-05,187.73
2015-11-06,187.7
2015-11-09,185.84
2015-11-10,186.29
2015-11-11,185.48
2015-11-12,182.93
2015-11-13,180.96
2015-11-16,183.6
2015-11-17,183.69
2015-11-18,186.45
2015-11-19,186.4
2015-11-20,187.25
2015-11-23,186.85
2015-11-24,186.9
2015-11-25,187.19
2015-11-27,187.37
2015-11-30,186.45
2015-12-01,188.26
2015-12-02,186.6
2015-12-03,183.89
2015-12-04,187.23
2015-12-07,186.56
2015-12-08,184.57
2015-12-09,183.06
2015-12-10,183.71
2015-12-11,180.17
2015-12-14,180.92
2015-12-15,183.39
2015-12-16,185.8
2015-12-17,182.29
2015-12-18,179.34
2015-12-21,181.41
2015-12-22,183.3
2015-12-23,184.83
2015-12-24,184.67
2015-12-28,184.45
2015-12-29,186.61
2015-12-30,184.97
2015-12-31,183.26
2016-01-04,180.87
2016-01-05,181.12
2016-01-06,178.8
2016-01-07,174.03
2016-01-08,172.09
2016-01-11,172.34
2016-01-12,173.31
2016-01-13,169.39
2016-01-14,172.36
2016-01-15,168.81
2016-01-19,168.63
2016-01-20,167.01
2016-01-21,167.55
2016-01-22,170.99
2016-01-25,168.38
2016-01-26,170.7
2016-01-27,168.81
2016-01-28,169.32
2016-01-29,173.76
2016-02-01,173.87
2016-02-02,170.83
2016-02-03,171.82
2016-02-04,171.75
2016-02-05,168.83
2016-02-08,166.74
2016-02-09,166.4
2016-02-10,166.26
2016-02-11,164.26
2016-02-12,167.3
2016-02-16,170.04
2016-02-17,173.11
2016-02-18,172.54
2016-02-19,172.36
2016-02-22,174.32
2016-02-23,172.5
2016-02-24,173.78
2016-02-25,175.6
2016-02-26,174.91
2016-02-29,173.71
2016-03-01,178.08
2016-03-02,178.57
2016-03-03,179.2
2016-03-04,179.61
2016-03-07,179.97
2016-03-08,178.35
2016-03-09,179.07
2016-03-10,179.05
2016-03-11,181.86
2016-03-14,181.75
2016-03-15,181.5
2016-03-16,182.47
2016-03-17,183.65
2016-03-18,184.3
2016-03-21,184.78
2016-03-22,184.76
2016-03-23,183.51
2016-03-24,183.49
2016-03-28,183.44
2016-03-29,185.21
2016-03-30,185.91
2016-03-31,185.57
2016-04-01,186.79
2016-04-04,186.11
2016-04-05,184.42
2016-04-06,186.36
2016-04-07,184.08
2016-04-08,184.6
2016-04-11,184.03
2016-04-12,185.95
2016-04-13,187.79
2016-04-14,187.83
2016-04-15,187.69
2016-04-18,188.76
2016-04-19,189.39
2016-04-20,189.78
2016-04-21,188.4
2016-04-22,188.69
2016-04-25,188.44
2016-04-26,188.92
2016-04-27,189.12
2016-04-28,187.47
2016-04-29,186.25
2016-05-02,187.63
2016-05-03,186.07
2016-05-04,185.16
2016-05-05,184.89
2016-05-06,185.68
2016-05-09,185.82
2016-05-10,187.92
2016-05-11,186.16
2016-05-12,186.23
2016-05-13,184.85
2016-05-16,186.59
2016-05-17,184.85
2016-05-18,184.66
2016-05-19,184.42
2016-05-20,185.43
2016-05-23,185
2016-05-24,187.69
2016-05-25,188.8
2016-05-26,189.03
2016-05-27,189.71
2016-05-31,189.5
2016-06-01,189.78
2016-06-02,190.3
2016-06-03,189.75
2016-06-06,190.7
2016-06-07,190.88
2016-06-08,191.58
2016-06-09,191.25
2016-06-10,189.62
2016-06-13,188.03
2016-06-14,187.69
2016-06-15,187.46
2016-06-16,188.1
2016-06-17,187.05
2016-06-20,188.44
2016-06-21,189
2016-06-22,188.66
2016-06-23,191.3
2016-06-24,183.37
2016-06-27,180.33
2016-06-28,184.28
2016-06-29,187.75
2016-06-30,189.89
2016-07-01,190.43
2016-07-05,189.21
2016-07-06,190.23
2016-07-07,190.05
2016-07-08,192.64
2016-07-11,193.52
2016-07-12,194.93
2016-07-13,194.95
2016-07-14,195.98
2016-07-15,195.57
2016-07-18,196.23
2016-07-19,196.11
2016-07-20,196.91
2016-07-21,196.04
2016-07-22,196.91
2016-07-25,196.43
2016-07-26,196.52
2016-07-27,196.27
2016-07-28,196.66
2016-07-29,196.98
2016-08-01,196.63
2016-08-02,195.57
2016-08-03,195.95
2016-08-04,196.16
2016-08-05,197.75
2016-08-08,197.63
2016-08-09,197.82
2016-08-10,197.38
2016-08-11,198.2
2016-08-12,198.07
2016-08-15,198.58
2016-08-16,197.75
2016-08-17,198.02
2016-08-18,198.37
2016-08-19,198.2
2016-08-22,198.17
2016-08-23,198.52
2016-08-24,197.58
2016-08-25,197.46
2016-08-26,196.99
2016-08-29,197.98
2016-08-30,197.61
2016-08-31,197.09
2016-09-01,196.89
2016-09-02,197.86
2016-09-06,198.45
2016-09-07,198.46
2016-09-08,197.82
2016-09-09,192.84
2016-09-12,196.11
2016-09-13,193.4
2016-09-14,192.59
2016-09-15,194.83
2016-09-16,194.34
2016-09-19,194.38
2016-09-20,194.21
2016-09-21,196.5
2016-09-22,197.6
2016-09-23,196.67
2016-09-26,195
2016-09-27,196.19
2016-09-28,197.14
2016-09-29,195.8
2016-09-30,196.88
2016-10-03,196.23
2016-10-04,195.45
2016-10-05,196.24
2016-10-06,196.53
2016-10-07,195.62
2016-10-10,196.77
2016-10-11,194.51
2016-10-12,194.25
2016-10-13,193.78
2016-10-14,193.83
2016-10-17,193.48
2016-10-18,194.29
2016-10-19,194.85
2016-10-20,194.76
2016-10-21,194.54
2016-10-24,195.42
2016-10-25,194.84
2016-10-26,194.49
2016-10-27,193.51
2016-10-28,193.55
2016-10-31,193.21
2016-11-01,191.73
2016-11-02,190.68
2016-11-03,189.88
2016-11-04,189.56
2016-11-07,194.03
2016-11-08,194.61
2016-11-09,196.87
2016-11-10,197.5
2016-11-11,196.99
2016-11-14,196.88
2016-11-15,198.61
2016-11-16,198.01
2016-11-17,199.06
2016-11-18,198.74
2016-11-21,199.85
2016-11-22,200.52
2016-11-23,200.57
2016-11-25,201.52
2016-11-28,200.57
2016-11-29,200.84
2016-11-30,200.38
2016-12-01,199.77
2016-12-02,199.77
2016-12-05,200.88
2016-12-06,201.41
2016-12-07,203.84
2016-12-08,204.84
2016-12-09,205.97
2016-12-12,205.58
2016-12-13,207.17
2016-12-14,205.72
2016-12-15,206.31
2016-12-16,206.02
2016-12-19,206.46
2016-12-20,207.05
2016-12-21,206.49
2016-12-22,206.34
2016-12-23,206.45
2016-12-27,206.54
2016-12-28,205.11
2016-12-29,205.09
2016-12-30,204.28
2017-01-03,205.78
2017-01-04,206.85
2017-01-05,206.85
2017-01-06,207.5
2017-01-09,206.91
2017-01-10,206.79
2017-01-11,207.42
2017-01-12,206.76
2017-01-13,207.6
2017-01-17,206.7
2017-01-18,207.06
2017-01-19,206.6
2017-01-20,206.99
2017-01-23,206.64
2017-01-24,207.79
2017-01-25,209.55
2017-01-26,209.57
2017-01-27,209.11
2017-01-30,207.92
2017-01-31,207.78
2017-02-01,207.78
2017-02-02,207.86
2017-02-03,209.29
2017-02-06,208.87
2017-02-07,209.05
2017-02-08,209.21
2017-02-09,210.5
2017-02-10,211.27
2017-02-13,212.51
2017-02-14,213.49
2017-02-15,214.71
2017-02-16,214.27
2017-02-17,214.48
2017-02-21,215.59
2017-02-22,215.67
2017-02-23,215.84
2017-02-24,216.04
2017-02-27,216.35
2017-02-28,215.84
2017-03-01,218.65
2017-03-02,217.59
2017-03-03,217.53
2017-03-06,217
2017-03-07,216.17
2017-03-08,215.96
2017-03-09,216.16
2017-03-10,216.67
2017-03-13,216.96
2017-03-14,216.16
2017-03-15,217.76
2017-03-16,217.63
2017-03-17,217.27
2017-03-20,216.82
2017-03-21,214.25
2017-03-22,214.29
2017-03-23,214.05
2017-03-24,214.49
2017-03-27,213.9
2017-03-28,215.09
2017-03-29,215.61
2017-03-30,216.3
2017-03-31,215.81
2017-04-03,215.52
2017-04-04,215.57
2017-04-05,214.65
2017-04-06,215.3
2017-04-07,215.17
2017-04-10,215.19
2017-04-11,215.07
2017-04-12,214.12
2017-04-13,212.9
2017-04-17,214.51
2017-04-18,213.8
2017-04-19,213.47
2017-04-20,215.16
2017-04-21,214.73
2017-04-24,216.8
2017-04-25,218.17
2017-04-26,217.91
2017-04-27,218.27
2017-04-28,217.76
2017-05-01,218.34
2017-05-02,218.24
2017-05-03,218
2017-05-04,218.21
2017-05-05,219.33
2017-05-08,219.08
2017-05-09,218.93
2017-05-10,219.11
2017-05-11,218.73
2017-05-12,218.51
2017-05-15,219.39
2017-05-16,219.27
2017-05-17,215.65
2017-05-18,216.21
2017-05-19,217.85
2017-05-22,218.88
2017-05-23,219.36
2017-05-24,219.72
2017-05-25,220.77
2017-05-26,220.8
2017-05-30,220.52
2017-05-31,220.55
2017-06-01,222.24
2017-06-02,222.99
2017-06-05,222.7
2017-06-06,222.35
2017-06-07,222.47
2017-06-08,222.51
2017-06-09,222.33
2017-06-12,222.17
2017-06-13,223.22
2017-06-14,222.97
2017-06-15,222.67
2017-06-16,222.58
2017-06-19,224.09
2017-06-20,223.18
2017-06-21,222.81
2017-06-22,222.65
2017-06-23,222.95
2017-06-26,223.04
2017-06-27,221.62
2017-06-28,223.27
2017-06-29,221.57
2017-06-30,221.67
2017-07-03,222.03
2017-07-05,222.31
2017-07-06,220.52
2017-07-07,221.8
2017-07-10,222
2017-07-11,221.99
2017-07-12,223.41
2017-07-13,223.92
2017-07-14,224.88
2017-07-17,225.11
2017-07-18,225.04
2017-07-19,226.28
2017-07-20,226.27
2017-07-21,226.1
2017-07-24,226.01
2017-07-25,226.53
2017-07-26,226.45
2017-07-27,226.33
2017-07-28,226.18
2017-07-31,225.97
2017-08-01,226.36
2017-08-02,226.47
2017-08-03,226.31
2017-08-04,226.34
2017-08-07,226.83
2017-08-08,226.41
2017-08-09,226.43
2017-08-10,223.19
2017-08-11,223.41
2017-08-14,225.56
2017-08-15,225.58
2017-08-16,225.92
2017-08-17,222.44
2017-08-18,222.2
2017-08-21,222.31
2017-08-22,224.58
2017-08-23,223.54
2017-08-24,223.48
2017-08-25,223.63
2017-08-28,223.75
2017-08-29,224.06
2017-08-30,224.85
2017-08-31,226.15
2017-09-01,226.54
2017-09-05,225.21
2017-09-06,225.74
2017-09-07,225.82
2017-09-08,225.47
2017-09-11,227.73
2017-09-12,228.51
2017-09-13,228.56
2017-09-14,228.52
2017-09-15,228.79
2017-09-18,229.29
2017-09-19,229.47
2017-09-20,229.51
2017-09-21,229.13
2017-09-22,228.99
2017-09-25,228.76
2017-09-26,228.64
2017-09-27,229.45
2017-09-28,229.75
2017-09-29,230.51
2017-10-02,231.45
2017-10-03,232.04
2017-10-04,232.36
2017-10-05,233.62
2017-10-06,233.16
2017-10-09,233.05
2017-10-10,233.48
2017-10-11,233.89
2017-10-12,233.57
2017-10-13,233.88
2017-10-16,234.19
2017-10-17,234.26
2017-10-18,234.54
2017-10-19,234.58
2017-10-20,235.82
2017-10-23,234.85
2017-10-24,235.2
2017-10-25,234.4
2017-10-26,234.67
2017-10-27,236.23
2017-10-30,235.29
2017-10-31,235.7
2017-11-01,235.89
2017-11-02,236.07
2017-11-03,236.61
2017-11-06,237.16
2017-11-07,236.99
2017-11-08,237.38
2017-11-09,236.73
2017-11-10,236.33
2017-11-13,236.55
2017-11-14,236.18
2017-11-15,235
2017-11-16,236.83
2017-11-17,236.02
2017-11-20,236.55
2017-11-21,237.86
2017-11-22,237.71
2017-11-24,238.29
2017-11-27,238.36
2017-11-28,240.58
2017-11-29,240.49
2017-11-30,242.59
2017-12-01,242.22
2017-12-04,241.7
2017-12-05,240.79
2017-12-06,240.88
2017-12-07,241.82
2017-12-08,242.87
2017-12-11,243.83
2017-12-12,244.14
2017-12-13,244.25
2017-12-14,243.05
2017-12-15,245.43
2017-12-18,246.57
2017-12-19,245.63
2017-12-20,245.4
2017-12-21,245.97
2017-12-22,245.81
2017-12-26,245.9
2017-12-27,245.75
2017-12-28,245.77
2017-12-29,244.89
2018-01-02,246.43
2018-01-03,248.08
2018-01-04,249.26
2018-01-05,250.98
2018-01-08,251.36
2018-01-09,251.87
2018-01-10,251.71
2018-01-11,253.44
2018-01-12,255.2
2018-01-16,254.64
2018-01-17,256.57
2018-01-18,255.89
2018-01-19,257.24
2018-01-22,259.46
2018-01-23,259.85
2018-01-24,259.98
2018-01-25,260.01
2018-01-26,263.05
2018-01-29,261.14
2018-01-30,258.48
2018-01-31,258.59
2018-02-01,258.28
2018-02-02,252.28
2018-02-05,238.64
2018-02-06,246.56
2018-02-07,244.18
2018-02-08,237.34
2018-02-09,239.67
2018-02-12,242.99
2018-02-13,243.58
2018-02-14,246.81
2018-02-15,250.19
2018-02-16,250.28
2018-02-20,248.36
2018-02-21,246.97
2018-02-22,248.13
2018-02-23,251.54
2018-02-26,254.81
2018-02-27,251.43
2018-02-28,248.41
2018-03-01,245.09
2018-03-02,246.19
2018-03-05,248.77
2018-03-06,249.28
2018-03-07,249.21
2018-03-08,250.67
2018-03-09,254.77
2018-03-12,254.79
2018-03-13,253.31
2018-03-14,251.59
2018-03-15,251.73
2018-03-16,251.78
2018-03-19,248.74
2018-03-20,248.81
2018-03-21,248.33
2018-03-22,241.48
2018-03-23,237.32
2018-03-26,242.96
2018-03-27,238.96
2018-03-28,238.21
2018-03-29,241.45
2018-04-02,235.24
2018-04-03,238.74
2018-04-04,241.82
2018-04-05,243.17
2018-04-06,238.05
2018-04-09,239.26
2018-04-10,242.55
2018-04-11,241.27
2018-04-12,243.37
2018-04-13,242.76
2018-04-16,244.99
2018-04-17,247.25
2018-04-18,247.55
2018-04-19,246.02
2018-04-20,244.06
2018-04-23,244.03
2018-04-24,240.75
2018-04-25,241.59
2018-04-26,244.33
2018-04-27,244.06
2018-04-30,241.82
2018-05-01,242.3
2018-05-02,240.04
2018-05-03,240.43
2018-05-04,243.28
2018-05-07,243.92
2018-05-08,243.94
2018-05-09,246.3
2018-05-10,248.37
2018-05-11,249.36
2018-05-14,249.49
2018-05-15,247.48
2018-05-16,248.76
2018-05-17,248.37
2018-05-18,247.85
2018-05-21,249.68
2018-05-22,249.04
2018-05-23,249.47
2018-05-24,249.17
2018-05-25,248.33
2018-05-29,245.95
2018-05-30,248.9
2018-05-31,247.16
2018-06-01,249.74
2018-06-04,250.82
2018-06-05,251.37
2018-06-06,253.26
2018-06-07,253.26
2018-06-08,253.86
2018-06-11,254.24
2018-06-12,254.38
2018-06-13,253.54
2018-06-14,254.4
2018-06-15,254.04
2018-06-18,253.6
2018-06-19,252.37
2018-06-20,252.9
2018-06-21,251.12
2018-06-22,251.76
2018-06-25,248.36
2018-06-26,248.93
2018-06-27,246.78
2018-06-28,248.11
2018-06-29,248.29
2018-07-02,248.81
2018-07-03,247.54
2018-07-05,249.84
2018-07-06,252.08
2018-07-09,254.31
2018-07-10,255.16
2018-07-11,253.08
2018-07-12,255.31
2018-07-13,255.75
2018-07-16,255.13
2018-07-17,256.48
2018-07-18,256.91
2018-07-19,255.93
2018-07-20,255.52
2018-07-23,256.55
2018-07-24,257.37
2018-07-25,259.22
2018-07-26,259.33
2018-07-27,257.05
2018-07-30,255.75
2018-07-31,257
2018-08-01,256.43
2018-08-02,258.05
2018-08-03,259.06
2018-08-06,260.01
2018-08-07,260.9
2018-08-08,260.49
2018-08-09,260.36
2018-08-10,258.8
2018-08-13,257.78
2018-08-14,259.19
2018-08-15,257.39
2018-08-16,259.53
2018-08-17,260.22
2018-08-20,260.79
2018-08-21,261.09
2018-08-22,261.04
2018-08-23,260.74
2018-08-24,262.45
2018-08-27,264.44
2018-08-28,264.51
2018-08-29,265.92
2018-08-30,264.76
2018-08-31,264.76
2018-09-04,264.42
2018-09-05,263.5
2018-09-06,262.66
2018-09-07,262.27
2018-09-10,262.77
2018-09-11,263.64
2018-09-12,263.53
2018-09-13,265.05
2018-09-14,265.15
2018-09-17,263.73
2018-09-18,265.17
2018-09-19,265.46
2018-09-20,267.7
2018-09-21,267.17
2018-09-24,266.42
2018-09-25,266.03
2018-09-26,265.15
2018-09-27,265.92
2018-09-28,265.83
2018-10-01,266.83
2018-10-02,266.69
2018-10-03,266.97
2018-10-04,264.8
2018-10-05,263.55
2018-10-08,263.53
2018-10-09,263.03
2018-10-10,253.26
2018-10-11,250.03
2018-10-12,252.12
2018-10-15,250.35
2018-10-16,256.61
2018-10-17,256.47
2018-10-18,252.46
2018-10-19,252.03
2018-10-22,251.03
2018-10-23,250.1
2018-10-24,242.63
2018-10-25,244.81
2018-10-26,243.11
2018-10-29,240.74
2018-10-30,244.54
2018-10-31,246.89
2018-11-01,249.34
2018-11-02,248.09
2018-11-05,249.48
2018-11-06,251.26
2018-11-07,256.49
2018-11-08,255.79
2018-11-09,253.08
2018-11-12,248.41
2018-11-13,248.39
2018-11-14,245.75
2018-11-15,249.03
2018-11-16,249.8
2018-11-19,245.54
2018-11-20,240.42
2018-11-21,241.24
2018-11-23,239.46
2018-11-26,243.15
2018-11-27,244.38
2018-11-28,249.66
2018-11-29,249.91
2018-11-30,251.19
2018-12-03,254.15
2018-12-04,246.04
2018-12-06,245.06
2018-12-07,240.06
2018-12-10,240.69
2018-12-11,240.53
2018-12-12,241.56
2018-12-13,240.92
2018-12-14,236.96
2018-12-17,232.44
2018-12-18,230.82
2018-12-19,227.77
2018-12-20,226.11
2018-12-21,219.5
2018-12-24,212.97
2018-12-26,224.73
2018-12-27,226.91
2018-12-28,226.09
2018-12-31,227.84
2019-01-02,228.37
2019-01-03,222.61
2019-01-04,230.21
2019-01-07,231.96
2019-01-08,233.96
2019-01-09,234.87
2019-01-10,235.91
2019-01-11,236
2019-01-14,234.69
2019-01-15,236.96
2019-01-16,237.66
2019-01-17,239.67
2019-01-18,242.96
2019-01-22,239.37
2019-01-23,239.94
2019-01-24,239.55
2019-01-25,242.23
2019-01-28,240.28
2019-01-29,240.12
2019-01-30,243.96
2019-01-31,245.96
2019-02-01,245.94
2019-02-04,247.49
2019-02-05,248.37
2019-02-06,248.24
2019-02-07,245.92
2019-02-08,246.12
2019-02-11,246.3
2019-02-12,249.62
2019-02-13,250.06
2019-02-14,249.51
2019-02-15,252.56
2019-02-19,252.72
2019-02-20,253.47
2019-02-21,252.31
2019-02-22,253.85
2019-02-25,254.38
2019-02-26,253.88
2019-02-27,254.19
2019-02-28,253.26
2019-03-01,255.1
2019-03-04,253.88
2019-03-05,253.88
2019-03-06,252.06
2019-03-07,250.1
2019-03-08,249.83
2019-03-11,253.19
2019-03-12,253.94
2019-03-13,255.96
2019-03-14,255.3
2019-03-15,256.89
2019-03-18,257.86
2019-03-19,257.5
2019-03-20,256.64
2019-03-21,259.86
2019-03-22,255.16
2019-03-25,254.82
2019-03-26,256.27
2019-03-27,255.14
2019-03-28,256.09
2019-03-29,257.61
2019-04-01,260.59
2019-04-02,260.27
2019-04-03,261.43
2019-04-04,261.7
2019-04-05,262.9
2019-04-08,263.11
2019-04-09,261.68
2019-04-10,262.76
2019-04-11,262.52
2019-04-12,264.4
2019-04-15,264.13
2019-04-16,264.31
2019-04-17,263.31
2019-04-18,264.17
2019-04-22,264.4
2019-04-23,266.71
2019-04-24,266.06
2019-04-25,265.65
2019-04-26,267.03
2019-04-29,267.17
2019-04-30,267.67
2019-05-01,265.35
2019-05-02,264.85
2019-05-03,267.58
2019-05-06,266.21
2019-05-07,262.42
2019-05-08,262.11
2019-05-09,260.79
2019-05-10,262.08
2019-05-13,254.82
2019-05-14,257.75
2019-05-15,259.18
2019-05-16,261.31
2019-05-17,259.81
2019-05-20,258.18
2019-05-21,260.18
2019-05-22,259.41
2019-05-23,255.96
2019-05-24,257.07
2019-05-28,254.64
2019-05-29,252.37
2019-05-30,253.32
2019-05-31,249.87
2019-06-03,249.6
2019-06-04,254.64
2019-06-05,256.71
2019-06-06,258.34
2019-06-07,260.99
2019-06-10,262.29
2019-06-11,262.08
2019-06-12,261.54
2019-06-13,262.76
2019-06-14,262.4
2019-06-17,262.54
2019-06-18,265.26
2019-06-19,265.91
2019-06-20,268.32
2019-06-21,267.46
2019-06-24,267.59
2019-06-25,264.87
2019-06-26,264.51
2019-06-27,265.69
2019-06-28,266.89
2019-07-01,269.02
2019-07-02,270.08
2019-07-03,271.96
2019-07-05,271.08
2019-07-08,269.99
2019-07-09,270.31
2019-07-10,271.72
2019-07-11,272.3
2019-07-12,273.35
2019-07-15,273.51
2019-07-16,272.58
2019-07-17,270.58
2019-07-18,271.72
2019-07-19,269.86
2019-07-22,270.95
2019-07-23,272.67
2019-07-24,273.89
2019-07-25,272.53
2019-07-26,274.16
2019-07-29,273.91
2019-07-30,273.05
2019-07-31,270.33
2019-08-01,267.59
2019-08-02,265.82
2019-08-05,256.53
2019-08-06,260.7
2019-08-07,261.11
2019-08-08,266.5
2019-08-09,264.67
2019-08-12,261.09
2019-08-13,265.78
2019-08-14,257.51
2019-08-15,258.21
2019-08-16,262.11
2019-08-19,265.03
2019-08-20,262.72
2019-08-21,265.53
2019-08-22,264.89
2019-08-23,258.84
2019-08-26,261.36
2019-08-27,259.75
2019-08-28,261.95
2019-08-29,265.3
2019-08-30,265.12
2019-09-03,263.42
2019-09-04,266.37
2019-09-05,269.4
2019-09-06,270.2
2019-09-09,269.97
2019-09-10,269.99
2019-09-11,272.12
2019-09-12,273.01
2019-09-13,272.53
2019-09-16,271.9
2019-09-17,272.49
2019-09-18,272.53
2019-09-19,272.49
2019-09-20,270.81
2019-09-23,271.49
2019-09-24,269.07
2019-09-25,270.52
2019-09-26,270
2019-09-27,268.48
2019-09-30,269.81
2019-10-01,266.12
2019-10-02,260.94
2019-10-03,263.77
2019-10-04,267.32
2019-10-07,266.1
2019-10-08,262.02
2019-10-09,264.42
2019-10-10,266.42
2019-10-11,269.11
2019-10-14,268.64
2019-10-15,271.56
2019-10-16,270.99
2019-10-17,271.58
2019-10-18,270.7
2019-10-21,272.35
2019-10-22,271.26
2019-10-23,272.28
2019-10-24,272.15
2019-10-25,273.6
2019-10-28,275.05
2019-10-29,275
2019-10-30,276.09
2019-10-31,275
2019-11-01,277.49
2019-11-04,278.62
2019-11-05,278.28
2019-11-06,278.6
2019-11-07,279.55
2019-11-08,279.96
2019-11-11,279.69
2019-11-12,280.1
2019-11-13,280.41
2019-11-14,280.55
2019-11-15,282.47
2019-11-18,282.79
2019-11-19,282.5
2019-11-20,281.64
2019-11-21,281.18
2019-11-22,281.86
2019-11-25,283.79
2019-11-26,284.78
2019-11-27,285.69
2019-11-29,284.78
2019-12-02,282.11
2019-12-03,280
2019-12-04,281.82
2019-12-05,282.43
2019-12-06,284.99
2019-12-09,283.95
2019-12-10,284.08
2019-12-11,284.72
2019-12-12,286.98
2019-12-13,287.34
2019-12-16,289.45
2019-12-17,289.18
2019-12-18,289.51
2019-12-19,290.65
2019-12-20,291.91
2019-12-23,292.05
2019-12-24,291.91
2019-12-26,293.61
2019-12-27,292.98
2019-12-30,291.71
2019-12-31,292.39
2020-01-02,294.92
2020-01-03,292.79
2020-01-06,293.52
2020-01-07,292.77
2020-01-08,295.03
2020-01-09,296.46
2020-01-10,295.44
2020-01-13,297.7
2020-01-14,297.55
2020-01-15,298.07
2020-01-16,300.12
2020-01-17,300.89
2020-01-21,300.4
2020-01-22,300.42
2020-01-23,300.98
2020-01-24,298.04
2020-01-27,293.16
2020-01-28,296.66
2020-01-29,296.14
2020-01-30,297.7
2020-01-31,291.75
2020-02-03,293.7
2020-02-04,298.59
2020-02-05,301.8
2020-02-06,302.73
2020-02-07,300.94
2020-02-10,303.43
2020-02-11,303.84
2020-02-12,305.92
2020-02-13,305.64
2020-02-14,305.96
2020-02-18,304.9
2020-02-19,306.53
2020-02-20,304.9
2020-02-21,302.18
2020-02-24,291.96
2020-02-25,283.47
2020-02-26,281.46
2020-02-27,267.59
2020-02-28,267.05
2020-03-02,277.37
2020-03-03,271.21
2020-03-04,281.87
2020-03-05,272.89
2020-03-06,268.23
2020-03-09,248.66
2020-03-10,259.33
2020-03-11,247.98
2020-03-12,223.43
2020-03-13,243.97
2020-03-16,218.63
2020-03-17,225.93
2020-03-18,218.29
2020-03-19,217.16
2020-03-20,208.02
2020-03-23,201.84
2020-03-24,221.61
2020-03-25,224.25
2020-03-26,237.06
2020-03-27,229.43
2020-03-30,237.36
2020-03-31,233.59
2020-04-01,222.52
2020-04-02,228.75
2020-04-03,225.68
2020-04-06,240.38
2020-04-07,240.16
2020-04-08,248.61
2020-04-09,252.68
2020-04-13,250.81
2020-04-14,258.43
2020-04-15,252.24
2020-04-16,253.38
2020-04-17,260.88
2020-04-20,255.11
2020-04-21,248.34
2020-04-22,253.47
2020-04-23,252.77
2020-04-24,257.2
2020-04-27,260.79
2020-04-28,260.63
2020-04-29,267.33
2020-04-30,263.83
2020-05-01,256.49
2020-05-04,256.81
2020-05-05,259.81
2020-05-06,257.56
2020-05-07,261.79
2020-05-08,266.2
2020-05-11,265.68
2020-05-12,259.29
2020-05-13,255.7
2020-05-14,258.79
2020-05-15,258.74
2020-05-18,267.97
2020-05-19,265.31
2020-05-20,269.83
2020-05-21,266.97
2020-05-22,268.42
2020-05-26,272.2
2020-05-27,275.92
2020-05-28,276.15
2020-05-29,276.51
2020-06-01,277.61
2020-06-02,279.7
2020-06-03,283.4
2020-06-04,282.74
2020-06-05,289.67
2020-06-08,293.38
2020-06-09,291.38
2020-06-10,289.6
2020-06-11,273.63
2020-06-12,275.86
2020-06-15,279.35
2020-06-16,284.48
2020-06-17,283.45
2020-06-18,282.63
2020-06-19,279.12
2020-06-22,283.79
2020-06-23,284.5
2020-06-24,278.16
2020-06-25,280.14
2020-06-26,274.33
2020-06-29,278.05
2020-06-30,281.92
2020-07-01,283.09
2020-07-02,285.46
2020-07-06,289.38
2020-07-07,286.14
2020-07-08,288.61
2020-07-09,286.55
2020-07-10,289.97
2020-07-13,287.21
2020-07-14,290.43
2020-07-15,293.71
2020-07-16,291.43
2020-07-17,293.21
2020-07-20,296.06
2020-07-21,296.61
2020-07-22,297.91
2020-07-23,294.44
2020-07-24,292.3
2020-07-27,294.88
2020-07-28,293.12
2020-07-29,296.72
2020-07-30,296.38
2020-07-31,297.73
2020-08-03,300.01
2020-08-04,301.06
2020-08-05,302.52
2020-08-06,305.09
2020-08-07,305.14
2020-08-10,305.87
2020-08-11,303.79
2020-08-12,307.44
2020-08-13,307.24
2020-08-14,306.67
2020-08-17,308.33
2020-08-18,309
2020-08-19,307.7
2020-08-20,308.42
2020-08-21,309.5
2020-08-24,312.69
2020-08-25,314.1
2020-08-26,317.5
2020-08-27,317.96
2020-08-28,319.71
2020-08-31,319.21
2020-09-01,321.77
2020-09-02,326.53
2020-09-03,315.79
2020-09-04,311.78
2020-09-08,304.3
2020-09-09,310.2
2020-09-10,304.75
2020-09-11,304.14
2020-09-14,308.62
2020-09-15,310.7
2020-09-16,309.28
2020-09-17,306.68
2020-09-18,303.5
2020-09-21,299.72
2020-09-22,301.94
2020-09-23,295.72
2020-09-24,296.34
2020-09-25,300.84
2020-09-28,306.22
2020-09-29,305.1
2020-09-30,306.77
2020-10-01,308.21
2020-10-02,305.6
2020-10-05,310.52
2020-10-06,306.88
2020-10-07,311.78
2020-10-08,314.59
2020-10-09,317.86
2020-10-12,323.31
2020-10-13,320.75
2020-10-14,318.57
2020-10-15,318.07
2020-10-16,316.86
2020-10-19,313.24
2020-10-20,314.11
2020-10-21,314.14
2020-10-22,315.67
2020-10-23,315.9
2020-10-26,310.57
2020-10-27,309.61
2020-10-28,298.67
2020-10-29,302.22
2020-10-30,298.78
2020-11-02,302.06
2020-11-03,307.64
2020-11-04,314.36
2020-11-05,320.75
2020-11-06,320.38
2020-11-09,324.34
2020-11-10,324.07
2020-11-11,326.54
2020-11-12,323.29
2020-11-13,327.82
2020-11-16,331.57
2020-11-17,330.08
2020-11-18,326.26
2020-11-19,327.63
2020-11-20,325.28
2020-11-23,327.27
2020-11-24,332.46
2020-11-25,331.96
2020-11-27,332.81
2020-11-30,331.59
2020-12-01,335
2020-12-02,335.62
2020-12-03,335.37
2020-12-04,338.43
2020-12-07,337.77
2020-12-08,338.8
2020-12-09,336.1
2020-12-10,335.73
2020-12-11,335.07
2020-12-14,333.83
2020-12-15,338.14
2020-12-16,338.76
2020-12-17,340.5
2020-12-18,339.91
2020-12-21,338.03
2020-12-22,337.25
2020-12-23,337.64
2020-12-24,338.88
2020-12-28,341.86
2020-12-29,341.17
2020-12-30,341.56
2020-12-31,343.81
2021-01-04,338.62
2021-01-05,341.01
2021-01-06,343.05
2021-01-07,348.09
2021-01-08,350.11
2021-01-11,347.77
2021-01-12,348
2021-01-13,348.85
2021-01-14,347.7
2021-01-15,345.04
2021-01-19,347.63
2021-01-20,352.63
2021-01-21,352.72
2021-01-22,351.65
2021-01-25,352.95
2021-01-26,352.4
2021-01-27,343.39
2021-01-28,346.6
2021-01-29,339.82
2021-02-01,345.36
2021-02-02,350.18
2021-02-03,350.66
2021-02-04,354.42
2021-02-05,355.87
2021-02-08,358.41
2021-02-09,358.18
2021-02-10,357.95
2021-02-11,358.78
2021-02-12,360.52
2021-02-16,360.22
2021-02-17,360.25
2021-02-18,358.55
2021-02-19,357.95
2021-02-22,355.25
2021-02-23,355.66
2021-02-24,359.74
2021-02-25,351.07
2021-02-26,349.35
2021-03-01,357.56
2021-03-02,354.7
2021-03-03,350.04
2021-03-04,345.34
2021-03-05,352.08
2021-03-08,350.27
2021-03-09,355.22
2021-03-10,357.36
2021-03-11,361.05
2021-03-12,361.55
2021-03-15,363.9
2021-03-16,363.37
2021-03-17,364.38
2021-03-18,359.09
2021-03-19,358.52
2021-03-22,361.3
2021-03-23,358.52
2021-03-24,356.77
2021-03-25,358.59
2021-03-26,364.49
2021-03-29,363.97
2021-03-30,362.93
2021-03-31,364.75
2021-04-01,368.65
2021-04-05,373.96
2021-04-06,373.62
2021-04-07,374.17
2021-04-08,375.92
2021-04-09,378.72
2021-04-12,378.79
2021-04-13,379.94
2021-04-14,378.58
2021-04-15,382.67
2021-04-16,383.94
2021-04-19,382.03
2021-04-20,379.36
2021-04-21,382.88
2021-04-22,379.48
2021-04-23,383.5
2021-04-26,384.24
2021-04-27,384.19
2021-04-28,383.94
2021-04-29,386.44
2021-04-30,383.78
2021-05-03,384.81
2021-05-04,382.28
2021-05-05,382.44
2021-05-06,385.59
2021-05-07,388.44
2021-05-10,384.6
2021-05-11,381.18
2021-05-12,373.14
2021-05-13,377.57
2021-05-14,383.27
2021-05-17,382.24
2021-05-18,379.04
2021-05-19,377.99
2021-05-20,381.92
2021-05-21,381.69
2021-05-24,385.55
2021-05-25,384.79
2021-05-26,385.48
2021-05-27,386.03
2021-05-28,386.35
2021-06-01,385.98
2021-06-02,386.7
2021-06-03,385.32
2021-06-04,388.72
2021-06-07,388.47
2021-06-08,388.49
2021-06-09,387.82
2021-06-10,389.61
2021-06-11,390.33
2021-06-14,391.18
2021-06-15,390.33
2021-06-16,388.16
2021-06-17,388.09
2021-06-18,382.68
2021-06-21,388.23
2021-06-22,390.3
2021-06-23,389.87
2021-06-24,392.12
2021-06-25,393.53
2021-06-28,394.38
2021-06-29,394.52
2021-06-30,395.12
2021-07-01,397.17
2021-07-02,400.12
2021-07-06,399.31
2021-07-07,400.76
2021-07-08,397.38
2021-07-09,401.71
2021-07-12,403.23
2021-07-13,401.82
2021-07-14,402.42
2021-07-15,400.97
2021-07-16,397.88
2021-07-19,391.69
2021-07-20,397.61
2021-07-21,400.83
2021-07-22,401.66
2021-07-23,405.67
2021-07-26,406.7
2021-07-27,404.88
2021-07-28,404.82
2021-07-29,406.47
2021-07-30,404.42
2021-08-02,403.53
2021-08-03,406.77
2021-08-04,404.91
2021-08-05,407.37
2021-08-06,408.11
2021-08-09,407.76
2021-08-10,408.16
2021-08-11,409.12
2021-08-12,410.41
2021-08-13,411.15
2021-08-16,412.21
2021-08-17,409.4
2021-08-18,404.88
2021-08-19,405.53
2021-08-20,408.8
2021-08-23,412.35
2021-08-24,412.99
2021-08-25,413.96
2021-08-26,411.52
2021-08-27,415.11
2021-08-30,416.93
2021-08-31,416.49
2021-09-01,416.56
2021-09-02,417.85
2021-09-03,417.78
2021-09-07,416.38
2021-09-08,415.76
2021-09-09,413.89
2021-09-10,410.76
2021-09-13,411.73
2021-09-14,409.44
2021-09-15,412.88
2021-09-16,412.17
2021-09-17,408.24
2021-09-20,401.46
2021-09-21,400.99
2021-09-22,404.76
2021-09-23,409.74
2021-09-24,410.46
2021-09-27,409.28
2021-09-28,401.02
2021-09-29,401.59
2021-09-30,396.79
2021-10-01,401.04
2021-10-04,396.19
2021-10-05,400.14
2021-10-06,401.99
2021-10-07,405.31
2021-10-08,404.6
2021-10-11,401.71
2021-10-12,400.76
2021-10-13,402.08
2021-10-14,408.91
2021-10-15,412
2021-10-18,413.39
2021-10-19,416.51
2021-10-20,418.05
2021-10-21,419.32
2021-10-22,418.84
2021-10-25,420.82
2021-10-26,421.49
2021-10-27,419.58
2021-10-28,423.55
2021-10-29,424.42
2021-11-01,425.23
2021-11-02,426.87
2021-11-03,429.52
2021-11-04,431.46
2021-11-05,433.03
2021-11-08,433.38
2021-11-09,431.92
2021-11-10,428.58
2021-11-11,428.67
2021-11-12,431.92
2021-11-15,431.99
2021-11-16,433.56
2021-11-17,432.66
2021-11-18,434.07
2021-11-19,433.42
2021-11-22,432.06
2021-11-23,432.87
2021-11-24,433.84
2021-11-26,424.31
2021-11-29,429.41
2021-11-30,421.58
2021-12-01,416.25
2021-12-02,422.46
2021-12-03,418.93
2021-12-06,423.78
2021-12-07,432.55
2021-12-08,433.84
2021-12-09,430.89
2021-12-10,434.95
2021-12-13,430.88
2021-12-14,427.97
2021-12-15,434.67
2021-12-16,430.86
2021-12-17,426.3
2021-12-20,421.54
2021-12-21,429.14
2021-12-22,433.33
2021-12-23,436.08
2021-12-27,442.23
2021-12-28,441.88
2021-12-29,442.44
2021-12-30,441.3
2021-12-31,440.03
2022-01-03,442.58
2022-01-04,442.41
2022-01-05,433.93
2022-01-06,433.47
2022-01-07,431.64
2022-01-10,431.13
2022-01-11,435.09
2022-01-12,436.13
2022-01-13,430.19
2022-01-14,430.44
2022-01-18,422.72
2022-01-19,418.37
2022-01-20,413.79
2022-01-21,405.96
2022-01-24,407.23
2022-01-25,402.17
2022-01-26,401.47
2022-01-27,399.28
2022-01-28,409.03
2022-01-31,416.52
2022-02-01,419.37
2022-02-02,423.27
2022-02-03,413.26
2022-02-04,415.44
2022-02-07,413.89
2022-02-08,417.29
2022-02-09,423.32
2022-02-10,415.9
2022-02-11,407.76
2022-02-14,406.33
2022-02-15,412.85
2022-02-16,413.35
2022-02-17,404.52
2022-02-18,401.66
2022-02-22,397.63
2022-02-23,390.42
2022-02-24,396.15
2022-02-25,405.03
2022-02-28,403.92
2022-03-01,397.98
2022-03-02,405.19
2022-03-03,403.11
2022-03-04,400.15
2022-03-07,388.25
2022-03-08,385.5
2022-03-09,395.35
2022-03-10,393.68
2022-03-11,388.53
2022-03-14,385.84
2022-03-15,394.2
2022-03-16,403.08
2022-03-17,407.94
2022-03-18,412.71
2022-03-21,412.6
2022-03-22,417.49
2022-03-23,412.16
2022-03-24,418.18
2022-03-25,420.4
2022-03-28,423.32
2022-03-29,428.65
2022-03-30,425.92
2022-03-31,419.87
2022-04-01,420.66
2022-04-04,424.23
2022-04-05,418.9
2022-04-06,414.78
2022-04-07,416.67
2022-04-08,415.49
2022-04-11,408.59
2022-04-12,407.11
2022-04-13,411.67
2022-04-14,406.6
2022-04-18,406.53
2022-04-19,413.25
2022-04-20,412.9
2022-04-21,406.87
2022-04-22,395.45
2022-04-25,397.82
2022-04-26,386.49
2022-04-27,387.39
2022-04-28,396.96
2022-04-29,382.5
2022-05-02,384.68
2022-05-03,386.37
2022-05-04,398.05
2022-05-05,383.96
2022-05-06,381.76
2022-05-09,369.53
2022-05-10,370.39
2022-05-11,364.22
2022-05-12,363.94
2022-05-13,372.52
2022-05-16,371.13
2022-05-17,378.54
2022-05-18,363.53
2022-05-19,361.21
2022-05-20,361.37
2022-05-23,368.07
2022-05-24,365.17
2022-05-25,368.53
2022-05-26,375.85
2022-05-27,385.12
2022-05-31,382.85
2022-06-01,379.86
2022-06-02,386.93
2022-06-03,380.6
2022-06-06,381.85
2022-06-07,385.4
2022-06-08,381.25
2022-06-09,372.19
2022-06-10,361.33
2022-06-13,347.71
2022-06-14,346.48
2022-06-15,351.41
2022-06-16,340.09
2022-06-17,340.51
2022-06-21,349.03
2022-06-22,348.57
2022-06-23,351.99
2022-06-24,362.79
2022-06-27,361.63
2022-06-28,354.38
2022-06-29,353.99
2022-06-30,351.04
2022-07-01,354.54
2022-07-05,355.17
2022-07-06,356.49
2022-07-07,361.74
2022-07-08,361.4
2022-07-11,357.27
2022-07-12,354.22
2022-07-13,352.43
2022-07-14,351.39
2022-07-15,358.04
2022-07-18,355.14
2022-07-19,364.75
2022-07-20,367.07
2022-07-21,370.66
2022-07-22,367.3
2022-07-25,367.76
2022-07-26,363.43
2022-07-27,372.81
2022-07-28,377.35
2022-07-29,382.91
2022-08-01,381.71
2022-08-02,379.23
2022-08-03,385.02
2022-08-04,384.65
2022-08-05,384.14
2022-08-08,383.68
2022-08-09,382.08
2022-08-10,390
2022-08-11,389.97
2022-08-12,396.57
2022-08-15,398.17
2022-08-16,399.05
2022-08-17,396.18
2022-08-18,397.08
2022-08-19,391.99
2022-08-22,383.63
2022-08-23,382.63
2022-08-24,383.77
2022-08-25,389.16
2022-08-26,376.06
2022-08-29,373.44
2022-08-30,369.39
2022-08-31,366.51
2022-09-01,367.65
2022-09-02,363.55
2022-09-06,362.25
2022-09-07,368.69
2022-09-08,371.05
2022-09-09,376.77
2022-09-12,380.88
2022-09-13,364.3
2022-09-14,365.71
2022-09-15,361.44
2022-09-16,358.74
2022-09-19,361.26
2022-09-20,357.15
2022-09-21,351.02
2022-09-22,347.86
2022-09-23,342.05
2022-09-26,338.46
2022-09-27,337.63
2022-09-28,344.17
2022-09-29,337
2022-09-30,332.14
2022-10-03,340.32
2022-10-04,350.74
2022-10-05,349.89
2022-10-06,346.46
2022-10-07,336.91
2022-10-10,334.33
2022-10-11,331.93
2022-10-12,330.94
2022-10-13,339.54
2022-10-14,331.77
2022-10-17,340.23
2022-10-18,344.24
2022-10-19,341.89
2022-10-20,338.94
2022-10-21,347.12
2022-10-24,351.3
2022-10-25,356.92
2022-10-26,354.23
2022-10-27,352.24
2022-10-28,360.7
2022-10-31,358.1
2022-11-01,356.53
2022-11-02,347.56
2022-11-03,343.78
2022-11-04,348.55
2022-11-07,351.85
2022-11-08,353.7
2022-11-09,346.34
2022-11-10,365.29
2022-11-11,368.91
2022-11-14,365.75
2022-11-15,368.84
2022-11-16,365.98
2022-11-17,364.76
2022-11-18,366.49
2022-11-21,365.02
2022-11-22,369.83
2022-11-23,371.93
2022-11-25,371.89
2022-11-28,366.15
2022-11-29,365.38
2022-11-30,376.38
2022-12-01,376.43
2022-12-02,375.85
2022-12-05,369.19
2022-12-06,363.82
2022-12-07,363.06
2022-12-08,365.73
2022-12-09,363.01
2022-12-12,368.2
2022-12-13,370.97
2022-12-14,368.73
2022-12-15,359.26
2022-12-16,354.85
2022-12-19,351.78
2022-12-20,352.12
2022-12-21,357.29
2022-12-22,352.12
2022-12-23,354
2022-12-27,352.65
2022-12-28,348.3
2022-12-29,354.18
2022-12-30,353.2
2023-01-03,351.83
2023-01-04,354.43
2023-01-05,350.27
2023-01-06,358.18
2023-01-09,358.02
2023-01-10,360.49
2023-01-11,365
2023-01-12,366.23
2023-01-13,367.58
2023-01-17,366.78
2023-01-18,360.95
2023-01-19,358.18
2023-01-20,364.86
2023-01-23,369.25
2023-01-24,368.91
2023-01-25,368.84
2023-01-26,372.82
2023-01-27,373.62
2023-01-30,368.89
2023-01-31,374.15
2023-02-01,378.01
2023-02-02,383.43
2023-02-03,379.43
2023-02-06,377.21
2023-02-07,381.99
2023-02-08,377.85
2023-02-09,374.31
2023-02-10,375.04
2023-02-13,379.38
2023-02-14,379.22
2023-02-15,380.39
2023-02-16,375.04
2023-02-17,373.92
2023-02-21,366.44
2023-02-22,365.82
2023-02-23,367.63
2023-02-24,363.7
2023-02-27,364.82
2023-02-28,363.67
2023-03-01,361.93
2023-03-02,364.52
2023-03-03,370.47
2023-03-06,370.72
2023-03-07,364.98
2023-03-08,365.46
2023-03-09,358.6
2023-03-10,353.36
2023-03-13,352.57
2023-03-14,358.5
2023-03-15,355.85
2023-03-16,362.15
2023-03-17,357.85
2023-03-20,361.11
2023-03-21,365.89
2023-03-22,359.98
2023-03-23,360.66
2023-03-24,362.76
2023-03-27,363.31
2023-03-28,362.79
2023-03-29,367.86
2023-03-30,369.9
2023-03-31,375.14
2023-04-03,376.59
2023-04-04,374.35
2023-04-05,373.28
2023-04-06,374.62
2023-04-10,375
2023-04-11,375.03
2023-04-12,373.44
2023-04-13,378.31
2023-04-14,377.5
2023-04-17,378.68
2023-04-18,378.97
2023-04-19,378.83
2023-04-20,376.48
2023-04-21,376.86
2023-04-24,377.11
2023-04-25,371.11
2023-04-26,369.54
2023-04-27,376.59
2023-04-28,379.74
2023-05-01,379.49
2023-05-02,375.05
2023-05-03,372.4
2023-05-04,369.52
2023-05-05,376.27
2023-05-08,376.5
2023-05-09,374.8
2023-05-10,376.43
2023-05-11,375.68
2023-05-12,375.16
2023-05-15,376.25
2023-05-16,373.8
2023-05-17,378.2
2023-05-18,381.87
2023-05-19,381.21
2023-05-22,381.24
2023-05-23,377.04
2023-05-24,374.08
2023-05-25,377.14
2023-05-26,381.99
2023-05-30,382.14
2023-05-31,379.92
2023-06-01,383.32
2023-06-02,388.76
2023-06-05,388.13
2023-06-06,388.92
2023-06-07,387.52
2023-06-08,389.69
2023-06-09,390.28
2023-06-12,393.8
2023-06-13,396.38
2023-06-14,396.54
2023-06-15,401.28
2023-06-16,399.7
2023-06-20,398
2023-06-21,395.71
2023-06-22,397.01
2023-06-23,393.89
2023-06-26,392.21
2023-06-27,396.56
2023-06-28,396.45
2023-06-29,398.09
2023-06-30,402.8
2023-07-03,403.16
2023-07-05,402.4
2023-07-06,399.1
2023-07-07,397.93
2023-07-10,398.85
2023-07-11,401.48
2023-07-12,404.53
2023-07-13,407.76
2023-07-14,407.15
2023-07-17,408.68
2023-07-18,411.73
2023-07-19,412.56
2023-07-20,409.73
2023-07-21,409.67
2023-07-24,411.35
2023-07-25,412.47
2023-07-26,412.4
2023-07-27,409.62
2023-07-28,413.41
2023-07-31,414.13
2023-08-01,412.94
2023-08-02,407.2
2023-08-03,405.81
2023-08-04,403.68
2023-08-07,407.24
2023-08-08,405.52
2023-08-09,402.58
2023-08-10,402.58
2023-08-11,402.13
2023-08-14,404.39
2023-08-15,399.73
2023-08-16,396.68
2023-08-17,393.49
2023-08-18,393.33
2023-08-21,396
2023-08-22,394.81
2023-08-23,399.1
2023-08-24,393.62
2023-08-25,396.16
2023-08-28,398.67
2023-08-29,404.46
2023-08-30,406.03
2023-08-31,405.29
2023-09-01,405.78
2023-09-05,404.08
2023-09-06,401.3
2023-09-07,399.93
2023-09-08,400.42
2023-09-11,402.93
2023-09-12,400.64
2023-09-13,400.98
2023-09-14,404.31
2023-09-15,399.25
2023-09-18,399.56
2023-09-19,398.54
2023-09-20,394.72
2023-09-21,388.06
2023-09-22,387.09
2023-09-25,388.66
2023-09-26,382.98
2023-09-27,382.87
2023-09-28,385
2023-09-29,383.94
2023-10-02,383.82
2023-10-03,378.54
2023-10-04,381.47
2023-10-05,380.85
2023-10-06,385.36
2023-10-09,387.77
2023-10-10,389.79
2023-10-11,391.41
2023-10-12,388.82
2023-10-13,386.75
2023-10-16,390.64
2023-10-17,390.7
2023-10-18,385.42
2023-10-19,381.94
2023-10-20,377.1
2023-10-23,376.5
2023-10-24,379.12
2023-10-25,373.66
2023-10-26,368.93
2023-10-27,367.27
2023-10-30,371.53
2023-10-31,373.88
2023-11-01,377.77
2023-11-02,384.84
2023-11-03,388.42
2023-11-06,389.15
2023-11-07,390.19
2023-11-08,390.5
2023-11-09,387.2
2023-11-10,393.25
2023-11-13,392.79
2023-11-14,400.4
2023-11-15,401.13
2023-11-16,401.49
2023-11-17,401.86
2023-11-20,404.95
2023-11-21,403.97
2023-11-22,405.39
2023-11-24,405.48
2023-11-27,404.84
2023-11-28,405.02
2023-11-29,404.68
2023-11-30,406.24
2023-12-01,408.37
2023-12-04,406.21
2023-12-05,406.08
2023-12-06,404.39
2023-12-07,407.37
2023-12-08,408.97
2023-12-11,410.57
2023-12-12,412.21
2023-12-13,417.79
2023-12-14,418.95
2023-12-15,418.42
2023-12-18,420.62
2023-12-19,423.01
2023-12-20,416.82
2023-12-21,420.94
2023-12-22,421.69
2023-12-26,423.42
2023-12-27,424.17
2023-12-28,424.06
2023-12-29,422.98
2024-01-02,420.11
2024-01-03,416.53
2024-01-04,415.04
2024-01-05,415.5
2024-01-08,421.34
2024-01-09,420.59
2024-01-10,423.01
2024-01-11,422.59
2024-01-12,422.68
2024-01-16,421.1
2024-01-17,418.71
2024-01-18,422.22
2024-01-19,427.33
2024-01-22,428.34
2024-01-23,429.57
2024-01-24,429.83
2024-01-25,432.05
2024-01-26,431.43
2024-01-29,434.79
2024-01-30,434.48
2024-01-31,427.42
2024-02-01,432.51
2024-02-02,437.05
2024-02-05,435.45
2024-02-06,436.56
2024-02-07,440.12
2024-02-08,440.34
2024-02-09,442.64
2024-02-12,442.4
2024-02-13,436.26
2024-02-14,440.36
2024-02-15,442.86
2024-02-16,440.51
2024-02-20,438.03
2024-02-21,438.45
2024-02-22,447.36
2024-02-23,447.69
2024-02-26,445.82
2024-02-27,446.68
2024-02-28,445.89
2024-02-29,447.89
2024-03-01,451.59
2024-03-04,450.91
2024-03-05,446.31
2024-03-06,448.59
2024-03-07,452.98
2024-03-08,450.1
2024-03-11,449.52
2024-03-12,454.33
2024-03-13,453.57
2024-03-14,452.31
2024-03-15,449.26
2024-03-18,452.03
2024-03-19,454.37
2024-03-20,458.27
2024-03-21,459.64
2024-03-22,458.83
2024-03-25,457.53
2024-03-26,456.41
2024-03-27,460.13
2024-03-28,460.16
2024-04-01,459.01
2024-04-02,456
2024-04-03,456.52
2024-04-04,450.51
2024-04-05,455.35
2024-04-08,455.37
2024-04-09,455.97
2024-04-10,451.42
2024-04-11,454.5
2024-04-12,447.93
2024-04-15,442.43
2024-04-16,441.43
2024-04-17,438.81
2024-04-18,437.66
2024-04-19,433.74
2024-04-22,437.53
2024-04-23,442.65
2024-04-24,442.73
2024-04-25,440.54
2024-04-26,444.81
2024-04-29,446.16
2024-04-30,439.22
2024-05-01,437.45
2024-05-02,441.35
2024-05-03,446.83
2024-05-06,451.31
2024-05-07,451.94
2024-05-08,451.86
2024-05-09,454.13
2024-05-10,454.76
2024-05-13,454.7
2024-05-14,456.78
2024-05-15,462.28
2024-05-16,461.18
2024-05-17,461.78
2024-05-20,462.17
2024-05-21,463.34
2024-05-22,461.85
2024-05-23,458.14
2024-05-24,461.28
2024-05-28,461.57
2024-05-29,458.03
2024-05-30,455.35
2024-05-31,459.03
2024-06-03,459.18
2024-06-04,459.77
2024-06-05,465.14
2024-06-06,464.97
2024-06-07,464.25
2024-06-10,465.6
2024-06-11,466.7
2024-06-12,470.47
2024-06-13,471.43
2024-06-14,471.32
2024-06-17,475.09
2024-06-18,476.24
2024-06-20,474.94
2024-06-21,474.06
2024-06-24,472.58
2024-06-25,474.29
2024-06-26,474.85
2024-06-27,475.07
2024-06-28,472.97
2024-07-01,474.02
2024-07-02,477.01
2024-07-03,478.86
2024-07-05,481.53
2024-07-08,481.85
2024-07-09,482.37
2024-07-10,487.23
2024-07-11,483.1
2024-07-12,485.24
2024-07-15,486.8
2024-07-16,489.74
2024-07-17,483.03
2024-07-18,479.22
2024-07-19,475.73
2024-07-22,480.61
2024-07-23,479.63
2024-07-24,468.73
2024-07-25,466.09
2024-07-26,471.04
2024-07-29,471.38
2024-07-30,468.77
2024-07-31,476.09
2024-08-01,469.43
2024-08-02,460.5
2024-08-05,446.93
2024-08-06,451.1
2024-08-07,447.78
2024-08-08,458.13
2024-08-09,460.01
2024-08-12,459.97
2024-08-13,467.61
2024-08-14,469.16
2024-08-15,476.91
2024-08-16,477.83
2024-08-19,482.26
2024-08-20,481.38
2024-08-21,483.25
2024-08-22,479.18
2024-08-23,484.19
2024-08-26,482.86
2024-08-27,483.52
2024-08-28,480.57
2024-08-29,480.55
2024-08-30,484.92
2024-09-03,474.7
2024-09-04,473.7
2024-09-05,472.17
2024-09-06,464.23
2024-09-09,469.37
2024-09-10,471.47
2024-09-11,476.37
2024-09-12,479.88
2024-09-13,482.24
2024-09-16,482.94
2024-09-17,483.02
2024-09-18,481.31
2024-09-19,489.61
2024-09-20,488.26
2024-09-23,489.51
2024-09-24,490.8
2024-09-25,489.7
2024-09-26,491.86
2024-09-27,490.73
2024-09-30,492.68
2024-10-01,488.07
2024-10-02,488.11
2024-10-03,487.2
2024-10-04,491.48
2024-10-07,486.79
2024-10-08,491.52
2024-10-09,494.97
2024-10-10,493.93
2024-10-11,496.54
2024-10-14,500.65
2024-10-15,496.79
2024-10-16,498.85
2024-10-17,498.85
2024-10-18,500.46
2024-10-21,499.63
2024-10-22,499.31
2024-10-23,494.68
2024-10-24,495.63
2024-10-25,495.37
2024-10-28,496.69
2024-10-29,497.49
2024-10-30,495.88
2024-10-31,486.26
2024-11-01,487.94
2024-11-04,486.67
2024-11-05,492.51
2024-11-06,504.89
2024-11-07,508.74
2024-11-08,510.56
2024-11-11,511.11
2024-11-12,509.53
2024-11-13,509.78
2024-11-14,506.58
2024-11-15,499.65
2024-11-18,501.64
2024-11-19,503.23
2024-11-20,503.15
2024-11-21,505.92
2024-11-22,507.32
2024-11-25,508.97
2024-11-26,511.66
2024-11-27,509.69
2024-11-29,512.79
2024-12-02,513.66
2024-12-03,513.78
2024-12-04,516.77
2024-12-05,515.94
2024-12-06,516.81
2024-12-09,514
2024-12-10,512.34
2024-12-11,516.28
2024-12-12,513.57
2024-12-13,513.13
2024-12-16,515.49
2024-12-17,513.25
2024-12-18,497.59
2024-12-19,497.06
2024-12-20,502.74
2024-12-23,505.61
2024-12-24,510.8
2024-12-26,510.57
2024-12-27,504.85
2024-12-30,499.14
2024-12-31,497.21
2025-01-02,495.6
2025-01-03,501.71
2025-01-06,504.31
2025-01-07,498.76
2025-01-08,499.18
2025-01-09,499.18
2025-01-10,491.39
2025-01-13,492.08
2025-01-14,492.73
2025-01-15,501.67
2025-01-16,500.54
2025-01-17,505.4
2025-01-21,509.65
2025-01-22,512.69
2025-01-23,515.33
2025-01-24,513.75
2025-01-27,506.51
2025-01-28,510.72
2025-01-29,508.25
2025-01-30,510.91
2025-01-31,508.23
2025-02-03,504.46
2025-02-04,507.87
2025-02-05,509.84
2025-02-06,511.47
2025-02-07,506.74
2025-02-10,510.03
2025-02-11,510.32
2025-02-12,508.69
2025-02-13,513.92
2025-02-14,513.65
2025-02-18,514.89
2025-02-19,516.25
2025-02-20,514.03
2025-02-21,505.02
2025-02-24,502.66
2025-02-25,500.08
2025-02-26,500.14
2025-02-27,492.23
2025-02-28,499.51
2025-03-03,490.93
2025-03-04,484.96
2025-03-05,490.13
2025-03-06,481.34
2025-03-07,483.83
2025-03-10,470.82
2025-03-11,467.16
2025-03-12,469.48
2025-03-13,463.01
2025-03-14,472.44
2025-03-17,475.76
2025-03-18,470.53
2025-03-19,475.55
2025-03-20,474.14
2025-03-21,474.6
2025-03-24,482.67
2025-03-25,483.58
2025-03-26,478.02
2025-03-27,476.34
2025-03-28,466.69
2025-03-31,469.2
2025-04-01,470.96
2025-04-02,474.1
2025-04-03,450.9
2025-04-04,424.13
2025-04-07,423.05
2025-04-08,416.66
2025-04-09,455.73
2025-04-10,440.05
2025-04-11,447.46
2025-04-14,451.56
2025-04-15,450.53
2025-04-16,440.36
2025-04-17,440.94
2025-04-21,430.32
2025-04-22,441.11
2025-04-23,448.33
2025-04-24,457.42
2025-04-25,460.61
2025-04-28,460.88
2025-04-29,463.43
2025-04-30,463.7
2025-05-01,466.71
2025-05-02,473.83
2025-05-05,470.74
2025-05-06,466.92
2025-05-07,469.1
2025-05-08,471.79
2025-05-09,471.25
2025-05-12,486.78
2025-05-13,490.05
2025-05-14,490.39
2025-05-15,492.44
2025-05-16,495.95
2025-05-19,496.53
2025-05-20,494.64
2025-05-21,486.46
2025-05-22,486.09
2025-05-23,482.79
2025-05-27,492.52
2025-05-28,489.91
2025-05-29,491.57
2025-05-30,491.01
2025-06-02,493.6
2025-06-03,496.44
2025-06-04,496.4
2025-06-05,493.5
2025-06-06,498.54
2025-06-09,498.83
2025-06-10,501.71
2025-06-11,500.39
2025-06-12,502.09
2025-06-13,496.21
2025-06-16,501
2025-06-17,496.78
2025-06-18,496.43
2025-06-20,495.1
2025-06-23,499.95
2025-06-24,505.65
2025-06-25,505.71
2025-06-26,509.66
2025-06-27,512.02
2025-06-30,514.49
2025-07-01,514.08
2025-07-02,516.24
2025-07-03,520.29
2025-07-07,516.32
2025-07-08,515.99
2025-07-09,518.89
2025-07-10,520.29
2025-07-11,518.3
2025-07-14,519.2
2025-07-15,516.98
2025-07-16,518.56
2025-07-17,521.63
2025-07-18,521.15
2025-07-21,521.98
2025-07-22,522.14
2025-07-23,526.21
2025-07-24,526.65
2025-07-25,528.58
2025-07-28,528.39
2025-07-29,527.02
2025-07-30,526.21
2025-07-31,524.4
2025-08-01,515.37
2025-08-04,522.9
2025-08-05,520.37
2025-08-06,524.14
2025-08-07,523.77
2025-08-08,527.63
2025-08-11,526.5
2025-08-12,532.16
2025-08-13,533.82
2025-08-14,533.97
2025-08-15,532.4
2025-08-18,532.22
2025-08-19,529.2
2025-08-20,527.61
2025-08-21,525.56
2025-08-22,533.37
2025-08-25,531.09
2025-08-26,533.31
2025-08-27,534.42
2025-08-28,536.19
2025-08-29,532.51
2025-09-02,528.62
2025-09-03,531.23
2025-09-04,535.63
2025-09-05,533.91
2025-09-08,535.24
2025-09-09,536.54
2025-09-10,538.02
2025-09-11,542.36
2025-09-12,542.01
2025-09-15,544.8
2025-09-16,543.84
2025-09-17,543.13
2025-09-18,545.97
2025-09-19,548.33
2025-09-22,550.78
2025-09-23,547.72
2025-09-24,545.86
2025-09-25,543.21
2025-09-26,546.21
2025-09-29,547.6
2025-09-30,549.66
2025-10-01,551.51
2025-10-02,551.94
2025-10-03,551.72
2025-10-06,553.73
2025-10-07,551.51
2025-10-08,554.75
2025-10-09,552.96
2025-10-10,537.95
2025-10-13,546.07
2025-10-14,545.39
2025-10-15,547.72
2025-10-16,543.95
2025-10-17,546.7
2025-10-20,552.51
2025-10-21,552.47
2025-10-22,549.51
2025-10-23,552.61
2025-10-24,556.85
2025-10-27,563.48
2025-10-28,564.91
2025-10-29,564.66
2025-10-30,559.18
2025-10-31,560.69
2025-11-03,561.4
2025-11-04,554.79
2025-11-05,556.71
2025-11-06,550.37
2025-11-07,550.88
2025-11-10,559.28
2025-11-11,560.48
2025-11-12,560.83
2025-11-13,551.39
2025-11-14,551
2025-11-17,545.84
2025-11-18,541.58
2025-11-19,543.35
2025-11-20,534.87
2025-11-21,539.99
2025-11-24,548.23
2025-11-25,553.14
2025-11-26,556.94
2025-11-28,559.51
2025-12-01,556.83
2025-12-02,557.93
2025-12-03,559.71
2025-12-04,560.1
2025-12-05,561.03
2025-12-08,559.2
2025-12-09,558.59
2025-12-10,562.14
2025-12-11,563.4
2025-12-12,557.16
2025-12-15,556.39
2025-12-16,554.39
2025-12-17,548.1
2025-12-18,552.31
2025-12-19,556.9
2025-12-22,560.37
2025-12-23,562.86
2025-12-24,564.6
2025-12-26,564.34
2025-12-29,562.38
2025-12-30,561.51
2025-12-31,557.32
2026-01-02,557.97
2026-01-05,561.47
2026-01-06,565.02
2026-01-07,563.04
2026-01-08,562.94
2026-01-09,566.42
2026-01-12,567.35
2026-01-13,566.16
2026-01-14,563.29
2026-01-15,564.54
2026-01-16,564.13
2026-01-20,552.23
2026-01-21,558.74
2026-01-22,561.57
2026-01-23,561.63
2026-01-26,564.5
2026-01-27,566.7
2026-01-28,566.6
2026-01-29,565.43
2026-01-30,563.24
2026-02-02,566.22
2026-02-03,561.3
2026-02-04,558.43
2026-02-05,551.52
2026-02-06,562.19
2026-02-09,564.66
2026-02-10,562.9
2026-02-11,562.82
2026-02-12,553.97
2026-02-13,553.93
2026-02-17,554.73
2026-02-18,557.46
2026-02-19,556.07
2026-02-20,559.81
2026-02-23,554.01
2026-02-24,558.23
2026-02-25,562.76
2026-02-26,559.55
2026-02-27,557.04
2026-03-02,556.98
2026-03-03,551.84
2026-03-04,555.99
2026-03-05,552.69
2026-03-06,545.29
2026-03-09,549.92
2026-03-10,548.81
2026-03-11,548.18
2026-03-12,539.94
2026-03-13,536.58
2026-03-16,542.18
2026-03-17,543.6
2026-03-18,535.88
2026-03-19,534.51
2026-03-20,526.41
2026-03-23,532.49
2026-03-24,530.18
2026-03-25,532.97
2026-03-26,523.68
2026-03-27,514.63
2026-03-30,512.7
2026-03-31,527.35
2026-04-01,531.12
2026-04-02,531.49
2026-04-06,533.79
2026-04-07,534.25
2026-04-08,547.66
2026-04-09,550.83
2026-04-10,550.19
2026-04-13,555.6
2026-04-14,562.18
2026-04-15,566.66
2026-04-16,567.98
2026-04-17,574.76
2026-04-20,573.68
2026-04-21,569.83
2026-04-22,575.55
2026-04-23,573.32
2026-04-24,577.43
2026-04-27,578.34
2026-04-28,575.53
2026-04-29,575.29
2026-04-30,581.37
2026-05-01,582.51
2026-05-04,580.28
2026-05-05,584.86
2026-05-06,593.06
2026-05-07,590.94
2026-05-08,595.43
2026-05-11,596.85
2026-05-12,596.03
2026-05-13,599.48
2026-05-14,603.98
2026-05-15,596.49
2026-05-18,595.97
2026-05-19,592.14
2026-05-20,598.06
2026-05-21,599.2
2026-05-22,601.21
2026-05-26,604.9
2026-05-27,605.14
2026-05-28,608.49
2026-05-29,609.62
2026-06-01,611.02
2026-06-02,611.86
2026-06-03,607.69
2026-06-04,610.04
2026-06-05,593.95
2026-06-08,595.19
2026-06-09,593.32
2026-06-10,584.15
2026-06-11,593.58
2026-06-12,596.69
2026-06-15,606.95
2026-06-16,603.83
2026-06-17,596.31
2026-06-18,602.52
2026-06-22,600.17
2026-06-23,591.91
2026-06-24,591.18
2026-06-25,590.78
2026-06-26,589.07
2026-06-29,596.91
2026-06-30,600.73
2026-07-01,600.35
2026-07-02,599.14
2026-07-06,604.17
2026-07-07,600.97
2026-07-08,599.18
2026-07-09,603.95
2026-07-10,606.46
2026-07-13,601.9
2026-07-14,604.15
2026-07-15,606.02
2026-07-16,603.07
2026-07-17,596.71
2026-07-20,595.63
2026-07-21,600.53
2026-07-22,600.09
2026-07-23,592.51
2026-07-24,592.71
2026-07-27,592.77
2026-07-28,594.12
2026-07-29,585.05
2026-07-30,594.7
2026-07-31,598.42
2026-08-03,607.09
2026-08-04,618.02
2026-08-05,616.74
2026-08-06,615.57
2026-08-07,619.15
2026-08-10,618.91
2026-08-11,616.58
2026-08-12,618.41
2026-08-13,622.55
2026-08-14,621.16
2026-08-17,618.28
2026-08-18,613.92
2026-08-19,615.11
2026-08-20,609.82
2026-08-21,612.11
2026-08-24,610.4
2026-08-25,612.17
2026-08-26,612.01
2026-08-27,616.19
2026-08-28,614.55
2026-08-31,612.72
2026-09-01,608.25
2026-09-02,610.93
2026-09-03,617.16
2026-09-04,614.55
2026-09-08,611.25
2026-09-09,608.33
2026-09-10,604.73
2026-09-11,609.58
2026-09-14,606.86
